2025-10-26T10:24:23.341+05:30  INFO 2921 --- [SneakoAplication] [main] o.g.a.SneakoAplication.SneakoAplication  : Starting SneakoAplication using Java 24.0.2 with PID 2921 (/Users/saurabhsanjaydeshmukh/Sneako/SneakoBackend/target/classes started by saurabhsanjaydeshmukh in /Users/saurabhsanjaydeshmukh/Sneako/SneakoBackend)
2025-10-26T10:24:23.343+05:30  INFO 2921 --- [SneakoAplication] [main] o.g.a.SneakoAplication.SneakoAplication  : The following 1 profile is active: "dev"
2025-10-26T10:24:23.742+05:30  INFO 2921 --- [SneakoAplication] [main] .s.d.r.c.RepositoryConfigurationDelegate : Bootstrapping Spring Data JPA repositories in DEFAULT mode.
2025-10-26T10:24:23.766+05:30  INFO 2921 --- [SneakoAplication] [main] .s.d.r.c.RepositoryConfigurationDelegate : Finished Spring Data repository scanning in 21 ms. Found 8 JPA repository interfaces.
2025-10-26T10:24:23.959+05:30  INFO 2921 --- [SneakoAplication] [main] o.s.b.w.embedded.tomcat.TomcatWebServer  : Tomcat initialized with port 8085 (http)
2025-10-26T10:24:23.966+05:30  INFO 2921 --- [SneakoAplication] [main] o.apache.catalina.core.StandardService   : Starting service [Tomcat]
2025-10-26T10:24:23.966+05:30  INFO 2921 --- [SneakoAplication] [main] o.apache.catalina.core.StandardEngine    : Starting Servlet engine: [Apache Tomcat/10.1.46]
2025-10-26T10:24:23.987+05:30  INFO 2921 --- [SneakoAplication] [main] o.a.c.c.C.[Tomcat].[localhost].[/]       : Initializing Spring embedded WebApplicationContext
2025-10-26T10:24:23.987+05:30  INFO 2921 --- [SneakoAplication] [main] w.s.c.ServletWebServerApplicationContext : Root WebApplicationContext: initialization completed in 627 ms
2025-10-26T10:24:24.055+05:30  INFO 2921 --- [SneakoAplication] [main] com.zaxxer.hikari.HikariDataSource       : HikariPool-1 - Starting...
2025-10-26T10:24:25.385+05:30  INFO 2921 --- [SneakoAplication] [main] o.hibernate.jpa.internal.util.LogHelper  : HHH000204: Processing PersistenceUnitInfo [name: default]
2025-10-26T10:24:25.410+05:30  INFO 2921 --- [SneakoAplication] [main] org.hibernate.Version                    : HHH000412: Hibernate ORM core version 6.6.29.Final
2025-10-26T10:24:25.422+05:30  INFO 2921 --- [SneakoAplication] [main] o.h.c.internal.RegionFactoryInitiator    : HHH000026: Second-level cache disabled
2025-10-26T10:24:25.515+05:30  INFO 2921 --- [SneakoAplication] [main] o.s.o.j.p.SpringPersistenceUnitInfo      : No LoadTimeWeaver setup: ignoring JPA class transformer
2025-10-26T10:24:25.524+05:30  INFO 2921 --- [SneakoAplication] [main] com.zaxxer.hikari.HikariDataSource       : HikariPool-1 - Starting...
2025-10-26T10:24:26.543+05:30  WARN 2921 --- [SneakoAplication] [main] o.h.engine.jdbc.spi.SqlExceptionHelper   : SQL Error: 1045, SQLState: 28000
2025-10-26T10:24:26.544+05:30 ERROR 2921 --- [SneakoAplication] [main] o.h.engine.jdbc.spi.SqlExceptionHelper   : Access denied for user 'root'@'localhost' (using password: YES)
2025-10-26T10:24:26.545+05:30  WARN 2921 --- [SneakoAplication] [main] o.h.e.j.e.i.JdbcEnvironmentInitiator     : HHH000342: Could not obtain connection to query metadata

org.hibernate.exception.GenericJDBCException: unable to obtain isolated JDBC connection [Access denied for user 'root'@'localhost' (using password: YES)] [n/a]
	at org.hibernate.exception.internal.StandardSQLExceptionConverter.convert(StandardSQLExceptionConverter.java:63) ~[hibernate-core-6.6.29.Final.jar:6.6.29.Final]
	at org.hibernate.engine.jdbc.spi.SqlExceptionHelper.convert(SqlExceptionHelper.java:108) ~[hibernate-core-6.6.29.Final.jar:6.6.29.Final]
	at org.hibernate.engine.jdbc.spi.SqlExceptionHelper.convert(SqlExceptionHelper.java:94) ~[hibernate-core-6.6.29.Final.jar:6.6.29.Final]
	at org.hibernate.resource.transaction.backend.jdbc.internal.JdbcIsolationDelegate.delegateWork(JdbcIsolationDelegate.java:116) ~[hibernate-core-6.6.29.Final.jar:6.6.29.Final]
	at org.hibernate.engine.jdbc.env.internal.JdbcEnvironmentInitiator.getJdbcEnvironmentUsingJdbcMetadata(JdbcEnvironmentInitiator.java:334) ~[hibernate-core-6.6.29.Final.jar:6.6.29.Final]
	at org.hibernate.engine.jdbc.env.internal.JdbcEnvironmentInitiator.initiateService(JdbcEnvironmentInitiator.java:129) ~[hibernate-core-6.6.29.Final.jar:6.6.29.Final]
	at org.hibernate.engine.jdbc.env.internal.JdbcEnvironmentInitiator.initiateService(JdbcEnvironmentInitiator.java:81) ~[hibernate-core-6.6.29.Final.jar:6.6.29.Final]
	at org.hibernate.boot.registry.internal.StandardServiceRegistryImpl.initiateService(StandardServiceRegistryImpl.java:130) ~[hibernate-core-6.6.29.Final.jar:6.6.29.Final]
	at org.hibernate.service.internal.AbstractServiceRegistryImpl.createService(AbstractServiceRegistryImpl.java:263) ~[hibernate-core-6.6.29.Final.jar:6.6.29.Final]
	at org.hibernate.service.internal.AbstractServiceRegistryImpl.initializeService(AbstractServiceRegistryImpl.java:238) ~[hibernate-core-6.6.29.Final.jar:6.6.29.Final]
	at org.hibernate.service.internal.AbstractServiceRegistryImpl.getService(AbstractServiceRegistryImpl.java:215) ~[hibernate-core-6.6.29.Final.jar:6.6.29.Final]
	at org.hibernate.boot.model.relational.Database.<init>(Database.java:45) ~[hibernate-core-6.6.29.Final.jar:6.6.29.Final]
	at org.hibernate.boot.internal.InFlightMetadataCollectorImpl.getDatabase(InFlightMetadataCollectorImpl.java:226) ~[hibernate-core-6.6.29.Final.jar:6.6.29.Final]
	at org.hibernate.boot.internal.InFlightMetadataCollectorImpl.<init>(InFlightMetadataCollectorImpl.java:194) ~[hibernate-core-6.6.29.Final.jar:6.6.29.Final]
	at org.hibernate.boot.model.process.spi.MetadataBuildingProcess.complete(MetadataBuildingProcess.java:171) ~[hibernate-core-6.6.29.Final.jar:6.6.29.Final]
	at org.hibernate.jpa.boot.internal.EntityManagerFactoryBuilderImpl.metadata(EntityManagerFactoryBuilderImpl.java:1442) ~[hibernate-core-6.6.29.Final.jar:6.6.29.Final]
	at org.hibernate.jpa.boot.internal.EntityManagerFactoryBuilderImpl.build(EntityManagerFactoryBuilderImpl.java:1513) ~[hibernate-core-6.6.29.Final.jar:6.6.29.Final]
	at org.springframework.orm.jpa.vendor.SpringHibernateJpaPersistenceProvider.createContainerEntityManagerFactory(SpringHibernateJpaPersistenceProvider.java:66) ~[spring-orm-6.2.11.jar:6.2.11]
	at org.springframework.orm.jpa.LocalContainerEntityManagerFactoryBean.createNativeEntityManagerFactory(LocalContainerEntityManagerFactoryBean.java:390) ~[spring-orm-6.2.11.jar:6.2.11]
	at org.springframework.orm.jpa.AbstractEntityManagerFactoryBean.buildNativeEntityManagerFactory(AbstractEntityManagerFactoryBean.java:419) ~[spring-orm-6.2.11.jar:6.2.11]
	at org.springframework.orm.jpa.AbstractEntityManagerFactoryBean.afterPropertiesSet(AbstractEntityManagerFactoryBean.java:400) ~[spring-orm-6.2.11.jar:6.2.11]
	at org.springframework.orm.jpa.LocalContainerEntityManagerFactoryBean.afterPropertiesSet(LocalContainerEntityManagerFactoryBean.java:366) ~[spring-orm-6.2.11.jar:6.2.11]
	at org.springframework.beans.factory.support.AbstractAutowireCapableBeanFactory.invokeInitMethods(AbstractAutowireCapableBeanFactory.java:1873) ~[spring-beans-6.2.11.jar:6.2.11]
	at org.springframework.beans.factory.support.AbstractAutowireCapableBeanFactory.initializeBean(AbstractAutowireCapableBeanFactory.java:1822) ~[spring-beans-6.2.11.jar:6.2.11]
	at org.springframework.beans.factory.support.AbstractAutowireCapableBeanFactory.doCreateBean(AbstractAutowireCapableBeanFactory.java:607) ~[spring-beans-6.2.11.jar:6.2.11]
	at org.springframework.beans.factory.support.AbstractAutowireCapableBeanFactory.createBean(AbstractAutowireCapableBeanFactory.java:529) ~[spring-beans-6.2.11.jar:6.2.11]
	at org.springframework.beans.factory.support.AbstractBeanFactory.lambda$doGetBean$0(AbstractBeanFactory.java:339) ~[spring-beans-6.2.11.jar:6.2.11]
	at org.springframework.beans.factory.support.DefaultSingletonBeanRegistry.getSingleton(DefaultSingletonBeanRegistry.java:373) ~[spring-beans-6.2.11.jar:6.2.11]
	at org.springframework.beans.factory.support.AbstractBeanFactory.doGetBean(AbstractBeanFactory.java:337) ~[spring-beans-6.2.11.jar:6.2.11]
	at org.springframework.beans.factory.support.AbstractBeanFactory.getBean(AbstractBeanFactory.java:202) ~[spring-beans-6.2.11.jar:6.2.11]
	at org.springframework.beans.factory.support.BeanDefinitionValueResolver.resolveReference(BeanDefinitionValueResolver.java:365) ~[spring-beans-6.2.11.jar:6.2.11]
	at org.springframework.beans.factory.support.BeanDefinitionValueResolver.resolveValueIfNecessary(BeanDefinitionValueResolver.java:135) ~[spring-beans-6.2.11.jar:6.2.11]
	at org.springframework.beans.factory.support.ConstructorResolver.resolveConstructorArguments(ConstructorResolver.java:691) ~[spring-beans-6.2.11.jar:6.2.11]
	at org.springframework.beans.factory.support.ConstructorResolver.instantiateUsingFactoryMethod(ConstructorResolver.java:513) ~[spring-beans-6.2.11.jar:6.2.11]
	at org.springframework.beans.factory.support.AbstractAutowireCapableBeanFactory.instantiateUsingFactoryMethod(AbstractAutowireCapableBeanFactory.java:1375) ~[spring-beans-6.2.11.jar:6.2.11]
	at org.springframework.beans.factory.support.AbstractAutowireCapableBeanFactory.createBeanInstance(AbstractAutowireCapableBeanFactory.java:1205) ~[spring-beans-6.2.11.jar:6.2.11]
	at org.springframework.beans.factory.support.AbstractAutowireCapableBeanFactory.doCreateBean(AbstractAutowireCapableBeanFactory.java:569) ~[spring-beans-6.2.11.jar:6.2.11]
	at org.springframework.beans.factory.support.AbstractAutowireCapableBeanFactory.createBean(AbstractAutowireCapableBeanFactory.java:529) ~[spring-beans-6.2.11.jar:6.2.11]
	at org.springframework.beans.factory.support.AbstractBeanFactory.lambda$doGetBean$0(AbstractBeanFactory.java:339) ~[spring-beans-6.2.11.jar:6.2.11]
	at org.springframework.beans.factory.support.DefaultSingletonBeanRegistry.getSingleton(DefaultSingletonBeanRegistry.java:373) ~[spring-beans-6.2.11.jar:6.2.11]
	at org.springframework.beans.factory.support.AbstractBeanFactory.doGetBean(AbstractBeanFactory.java:337) ~[spring-beans-6.2.11.jar:6.2.11]
	at org.springframework.beans.factory.support.AbstractBeanFactory.getBean(AbstractBeanFactory.java:202) ~[spring-beans-6.2.11.jar:6.2.11]
	at org.springframework.beans.factory.support.BeanDefinitionValueResolver.resolveReference(BeanDefinitionValueResolver.java:365) ~[spring-beans-6.2.11.jar:6.2.11]
	at org.springframework.beans.factory.support.BeanDefinitionValueResolver.resolveValueIfNecessary(BeanDefinitionValueResolver.java:135) ~[spring-beans-6.2.11.jar:6.2.11]
	at org.springframework.beans.factory.support.AbstractAutowireCapableBeanFactory.applyPropertyValues(AbstractAutowireCapableBeanFactory.java:1725) ~[spring-beans-6.2.11.jar:6.2.11]
	at org.springframework.beans.factory.support.AbstractAutowireCapableBeanFactory.populateBean(AbstractAutowireCapableBeanFactory.java:1474) ~[spring-beans-6.2.11.jar:6.2.11]
	at org.springframework.beans.factory.support.AbstractAutowireCapableBeanFactory.doCreateBean(AbstractAutowireCapableBeanFactory.java:606) ~[spring-beans-6.2.11.jar:6.2.11]
	at org.springframework.beans.factory.support.AbstractAutowireCapableBeanFactory.createBean(AbstractAutowireCapableBeanFactory.java:529) ~[spring-beans-6.2.11.jar:6.2.11]
	at org.springframework.beans.factory.support.AbstractBeanFactory.lambda$doGetBean$0(AbstractBeanFactory.java:339) ~[spring-beans-6.2.11.jar:6.2.11]
	at org.springframework.beans.factory.support.DefaultSingletonBeanRegistry.getSingleton(DefaultSingletonBeanRegistry.java:373) ~[spring-beans-6.2.11.jar:6.2.11]
	at org.springframework.beans.factory.support.AbstractBeanFactory.doGetBean(AbstractBeanFactory.java:337) ~[spring-beans-6.2.11.jar:6.2.11]
	at org.springframework.beans.factory.support.AbstractBeanFactory.getBean(AbstractBeanFactory.java:202) ~[spring-beans-6.2.11.jar:6.2.11]
	at org.springframework.beans.factory.support.DefaultListableBeanFactory.doResolveDependency(DefaultListableBeanFactory.java:1698) ~[spring-beans-6.2.11.jar:6.2.11]
	at org.springframework.beans.factory.support.DefaultListableBeanFactory.resolveDependency(DefaultListableBeanFactory.java:1643) ~[spring-beans-6.2.11.jar:6.2.11]
	at org.springframework.beans.factory.support.ConstructorResolver.resolveAutowiredArgument(ConstructorResolver.java:913) ~[spring-beans-6.2.11.jar:6.2.11]
	at org.springframework.beans.factory.support.ConstructorResolver.createArgumentArray(ConstructorResolver.java:791) ~[spring-beans-6.2.11.jar:6.2.11]
	at org.springframework.beans.factory.support.ConstructorResolver.autowireConstructor(ConstructorResolver.java:240) ~[spring-beans-6.2.11.jar:6.2.11]
	at org.springframework.beans.factory.support.AbstractAutowireCapableBeanFactory.autowireConstructor(AbstractAutowireCapableBeanFactory.java:1395) ~[spring-beans-6.2.11.jar:6.2.11]
	at org.springframework.beans.factory.support.AbstractAutowireCapableBeanFactory.createBeanInstance(AbstractAutowireCapableBeanFactory.java:1232) ~[spring-beans-6.2.11.jar:6.2.11]
	at org.springframework.beans.factory.support.AbstractAutowireCapableBeanFactory.doCreateBean(AbstractAutowireCapableBeanFactory.java:569) ~[spring-beans-6.2.11.jar:6.2.11]
	at org.springframework.beans.factory.support.AbstractAutowireCapableBeanFactory.createBean(AbstractAutowireCapableBeanFactory.java:529) ~[spring-beans-6.2.11.jar:6.2.11]
	at org.springframework.beans.factory.support.AbstractBeanFactory.lambda$doGetBean$0(AbstractBeanFactory.java:339) ~[spring-beans-6.2.11.jar:6.2.11]
	at org.springframework.beans.factory.support.DefaultSingletonBeanRegistry.getSingleton(DefaultSingletonBeanRegistry.java:373) ~[spring-beans-6.2.11.jar:6.2.11]
	at org.springframework.beans.factory.support.AbstractBeanFactory.doGetBean(AbstractBeanFactory.java:337) ~[spring-beans-6.2.11.jar:6.2.11]
	at org.springframework.beans.factory.support.AbstractBeanFactory.getBean(AbstractBeanFactory.java:202) ~[spring-beans-6.2.11.jar:6.2.11]
	at org.springframework.beans.factory.config.DependencyDescriptor.resolveCandidate(DependencyDescriptor.java:254) ~[spring-beans-6.2.11.jar:6.2.11]
	at org.springframework.beans.factory.support.DefaultListableBeanFactory.doResolveDependency(DefaultListableBeanFactory.java:1760) ~[spring-beans-6.2.11.jar:6.2.11]
	at org.springframework.beans.factory.support.DefaultListableBeanFactory.resolveDependency(DefaultListableBeanFactory.java:1643) ~[spring-beans-6.2.11.jar:6.2.11]
	at org.springframework.beans.factory.support.ConstructorResolver.resolveAutowiredArgument(ConstructorResolver.java:913) ~[spring-beans-6.2.11.jar:6.2.11]
	at org.springframework.beans.factory.support.ConstructorResolver.createArgumentArray(ConstructorResolver.java:791) ~[spring-beans-6.2.11.jar:6.2.11]
	at org.springframework.beans.factory.support.ConstructorResolver.autowireConstructor(ConstructorResolver.java:240) ~[spring-beans-6.2.11.jar:6.2.11]
	at org.springframework.beans.factory.support.AbstractAutowireCapableBeanFactory.autowireConstructor(AbstractAutowireCapableBeanFactory.java:1395) ~[spring-beans-6.2.11.jar:6.2.11]
	at org.springframework.beans.factory.support.AbstractAutowireCapableBeanFactory.createBeanInstance(AbstractAutowireCapableBeanFactory.java:1232) ~[spring-beans-6.2.11.jar:6.2.11]
	at org.springframework.beans.factory.support.AbstractAutowireCapableBeanFactory.doCreateBean(AbstractAutowireCapableBeanFactory.java:569) ~[spring-beans-6.2.11.jar:6.2.11]
	at org.springframework.beans.factory.support.AbstractAutowireCapableBeanFactory.createBean(AbstractAutowireCapableBeanFactory.java:529) ~[spring-beans-6.2.11.jar:6.2.11]
	at org.springframework.beans.factory.support.AbstractBeanFactory.lambda$doGetBean$0(AbstractBeanFactory.java:339) ~[spring-beans-6.2.11.jar:6.2.11]
	at org.springframework.beans.factory.support.DefaultSingletonBeanRegistry.getSingleton(DefaultSingletonBeanRegistry.java:373) ~[spring-beans-6.2.11.jar:6.2.11]
	at org.springframework.beans.factory.support.AbstractBeanFactory.doGetBean(AbstractBeanFactory.java:337) ~[spring-beans-6.2.11.jar:6.2.11]
	at org.springframework.beans.factory.support.AbstractBeanFactory.getBean(AbstractBeanFactory.java:202) ~[spring-beans-6.2.11.jar:6.2.11]
	at org.springframework.beans.factory.support.ConstructorResolver.instantiateUsingFactoryMethod(ConstructorResolver.java:413) ~[spring-beans-6.2.11.jar:6.2.11]
	at org.springframework.beans.factory.support.AbstractAutowireCapableBeanFactory.instantiateUsingFactoryMethod(AbstractAutowireCapableBeanFactory.java:1375) ~[spring-beans-6.2.11.jar:6.2.11]
	at org.springframework.beans.factory.support.AbstractAutowireCapableBeanFactory.createBeanInstance(AbstractAutowireCapableBeanFactory.java:1205) ~[spring-beans-6.2.11.jar:6.2.11]
	at org.springframework.beans.factory.support.AbstractAutowireCapableBeanFactory.doCreateBean(AbstractAutowireCapableBeanFactory.java:569) ~[spring-beans-6.2.11.jar:6.2.11]
	at org.springframework.beans.factory.support.AbstractAutowireCapableBeanFactory.createBean(AbstractAutowireCapableBeanFactory.java:529) ~[spring-beans-6.2.11.jar:6.2.11]
	at org.springframework.beans.factory.support.AbstractBeanFactory.lambda$doGetBean$0(AbstractBeanFactory.java:339) ~[spring-beans-6.2.11.jar:6.2.11]
	at org.springframework.beans.factory.support.DefaultSingletonBeanRegistry.getSingleton(DefaultSingletonBeanRegistry.java:373) ~[spring-beans-6.2.11.jar:6.2.11]
	at org.springframework.beans.factory.support.AbstractBeanFactory.doGetBean(AbstractBeanFactory.java:337) ~[spring-beans-6.2.11.jar:6.2.11]
	at org.springframework.beans.factory.support.AbstractBeanFactory.getBean(AbstractBeanFactory.java:207) ~[spring-beans-6.2.11.jar:6.2.11]
	at org.springframework.boot.web.servlet.ServletContextInitializerBeans.getOrderedBeansOfType(ServletContextInitializerBeans.java:230) ~[spring-boot-3.5.6.jar:3.5.6]
	at org.springframework.boot.web.servlet.ServletContextInitializerBeans.addAsRegistrationBean(ServletContextInitializerBeans.java:184) ~[spring-boot-3.5.6.jar:3.5.6]
	at org.springframework.boot.web.servlet.ServletContextInitializerBeans.addAsRegistrationBean(ServletContextInitializerBeans.java:179) ~[spring-boot-3.5.6.jar:3.5.6]
	at org.springframework.boot.web.servlet.ServletContextInitializerBeans.addAdaptableBeans(ServletContextInitializerBeans.java:164) ~[spring-boot-3.5.6.jar:3.5.6]
	at org.springframework.boot.web.servlet.ServletContextInitializerBeans.<init>(ServletContextInitializerBeans.java:96) ~[spring-boot-3.5.6.jar:3.5.6]
	at org.springframework.boot.web.servlet.context.ServletWebServerApplicationContext.getServletContextInitializerBeans(ServletWebServerApplicationContext.java:271) ~[spring-boot-3.5.6.jar:3.5.6]
	at org.springframework.boot.web.servlet.context.ServletWebServerApplicationContext.selfInitialize(ServletWebServerApplicationContext.java:245) ~[spring-boot-3.5.6.jar:3.5.6]
	at org.springframework.boot.web.embedded.tomcat.TomcatStarter.onStartup(TomcatStarter.java:52) ~[spring-boot-3.5.6.jar:3.5.6]
	at org.apache.catalina.core.StandardContext.startInternal(StandardContext.java:4464) ~[tomcat-embed-core-10.1.46.jar:10.1.46]
	at org.apache.catalina.util.LifecycleBase.start(LifecycleBase.java:164) ~[tomcat-embed-core-10.1.46.jar:10.1.46]
	at org.apache.catalina.core.ContainerBase$StartChild.call(ContainerBase.java:1203) ~[tomcat-embed-core-10.1.46.jar:10.1.46]
	at org.apache.catalina.core.ContainerBase$StartChild.call(ContainerBase.java:1193) ~[tomcat-embed-core-10.1.46.jar:10.1.46]
	at java.base/java.util.concurrent.FutureTask.run(FutureTask.java:328) ~[na:na]
	at org.apache.tomcat.util.threads.InlineExecutorService.execute(InlineExecutorService.java:81) ~[tomcat-embed-core-10.1.46.jar:10.1.46]
	at java.base/java.util.concurrent.AbstractExecutorService.submit(AbstractExecutorService.java:148) ~[na:na]
	at org.apache.catalina.core.ContainerBase.startInternal(ContainerBase.java:749) ~[tomcat-embed-core-10.1.46.jar:10.1.46]
	at org.apache.catalina.core.StandardHost.startInternal(StandardHost.java:773) ~[tomcat-embed-core-10.1.46.jar:10.1.46]
	at org.apache.catalina.util.LifecycleBase.start(LifecycleBase.java:164) ~[tomcat-embed-core-10.1.46.jar:10.1.46]
	at org.apache.catalina.core.ContainerBase$StartChild.call(ContainerBase.java:1203) ~[tomcat-embed-core-10.1.46.jar:10.1.46]
	at org.apache.catalina.core.ContainerBase$StartChild.call(ContainerBase.java:1193) ~[tomcat-embed-core-10.1.46.jar:10.1.46]
	at java.base/java.util.concurrent.FutureTask.run(FutureTask.java:328) ~[na:na]
	at org.apache.tomcat.util.threads.InlineExecutorService.execute(InlineExecutorService.java:81) ~[tomcat-embed-core-10.1.46.jar:10.1.46]
	at java.base/java.util.concurrent.AbstractExecutorService.submit(AbstractExecutorService.java:148) ~[na:na]
	at org.apache.catalina.core.ContainerBase.startInternal(ContainerBase.java:749) ~[tomcat-embed-core-10.1.46.jar:10.1.46]
	at org.apache.catalina.core.StandardEngine.startInternal(StandardEngine.java:203) ~[tomcat-embed-core-10.1.46.jar:10.1.46]
	at org.apache.catalina.util.LifecycleBase.start(LifecycleBase.java:164) ~[tomcat-embed-core-10.1.46.jar:10.1.46]
	at org.apache.catalina.core.StandardService.startInternal(StandardService.java:412) ~[tomcat-embed-core-10.1.46.jar:10.1.46]
	at org.apache.catalina.util.LifecycleBase.start(LifecycleBase.java:164) ~[tomcat-embed-core-10.1.46.jar:10.1.46]
	at org.apache.catalina.core.StandardServer.startInternal(StandardServer.java:870) ~[tomcat-embed-core-10.1.46.jar:10.1.46]
	at org.apache.catalina.util.LifecycleBase.start(LifecycleBase.java:164) ~[tomcat-embed-core-10.1.46.jar:10.1.46]
	at org.apache.catalina.startup.Tomcat.start(Tomcat.java:438) ~[tomcat-embed-core-10.1.46.jar:10.1.46]
	at org.springframework.boot.web.embedded.tomcat.TomcatWebServer.initialize(TomcatWebServer.java:128) ~[spring-boot-3.5.6.jar:3.5.6]
	at org.springframework.boot.web.embedded.tomcat.TomcatWebServer.<init>(TomcatWebServer.java:107) ~[spring-boot-3.5.6.jar:3.5.6]
	at org.springframework.boot.web.embedded.tomcat.TomcatServletWebServerFactory.getTomcatWebServer(TomcatServletWebServerFactory.java:517) ~[spring-boot-3.5.6.jar:3.5.6]
	at org.springframework.boot.web.embedded.tomcat.TomcatServletWebServerFactory.getWebServer(TomcatServletWebServerFactory.java:219) ~[spring-boot-3.5.6.jar:3.5.6]
	at org.springframework.boot.web.servlet.context.ServletWebServerApplicationContext.createWebServer(ServletWebServerApplicationContext.java:193) ~[spring-boot-3.5.6.jar:3.5.6]
	at org.springframework.boot.web.servlet.context.ServletWebServerApplicationContext.onRefresh(ServletWebServerApplicationContext.java:167) ~[spring-boot-3.5.6.jar:3.5.6]
	at org.springframework.context.support.AbstractApplicationContext.refresh(AbstractApplicationContext.java:621) ~[spring-context-6.2.11.jar:6.2.11]
	at org.springframework.boot.web.servlet.context.ServletWebServerApplicationContext.refresh(ServletWebServerApplicationContext.java:146) ~[spring-boot-3.5.6.jar:3.5.6]
	at org.springframework.boot.SpringApplication.refresh(SpringApplication.java:752) ~[spring-boot-3.5.6.jar:3.5.6]
	at org.springframework.boot.SpringApplication.refreshContext(SpringApplication.java:439) ~[spring-boot-3.5.6.jar:3.5.6]
	at org.springframework.boot.SpringApplication.run(SpringApplication.java:318) ~[spring-boot-3.5.6.jar:3.5.6]
	at org.springframework.boot.SpringApplication.run(SpringApplication.java:1361) ~[spring-boot-3.5.6.jar:3.5.6]
	at org.springframework.boot.SpringApplication.run(SpringApplication.java:1350) ~[spring-boot-3.5.6.jar:3.5.6]
	at org.genc.app.SneakoAplication.SneakoAplication.main(SneakoAplication.java:10) ~[classes/:na]
Caused by: java.sql.SQLException: Access denied for user 'root'@'localhost' (using password: YES)
	at com.mysql.cj.jdbc.exceptions.SQLError.createSQLException(SQLError.java:121) ~[mysql-connector-j-9.4.0.jar:9.4.0]
	at com.mysql.cj.jdbc.exceptions.SQLExceptionsMapping.translateException(SQLExceptionsMapping.java:114) ~[mysql-connector-j-9.4.0.jar:9.4.0]
	at com.mysql.cj.jdbc.ConnectionImpl.createNewIO(ConnectionImpl.java:839) ~[mysql-connector-j-9.4.0.jar:9.4.0]
	at com.mysql.cj.jdbc.ConnectionImpl.<init>(ConnectionImpl.java:415) ~[mysql-connector-j-9.4.0.jar:9.4.0]
	at com.mysql.cj.jdbc.ConnectionImpl.getInstance(ConnectionImpl.java:237) ~[mysql-connector-j-9.4.0.jar:9.4.0]
	at com.mysql.cj.jdbc.NonRegisteringDriver.connect(NonRegisteringDriver.java:180) ~[mysql-connector-j-9.4.0.jar:9.4.0]
	at com.zaxxer.hikari.util.DriverDataSource.getConnection(DriverDataSource.java:144) ~[HikariCP-6.3.3.jar:na]
	at com.zaxxer.hikari.pool.PoolBase.newConnection(PoolBase.java:370) ~[HikariCP-6.3.3.jar:na]
	at com.zaxxer.hikari.pool.PoolBase.newPoolEntry(PoolBase.java:207) ~[HikariCP-6.3.3.jar:na]
	at com.zaxxer.hikari.pool.HikariPool.createPoolEntry(HikariPool.java:488) ~[HikariCP-6.3.3.jar:na]
	at com.zaxxer.hikari.pool.HikariPool.checkFailFast(HikariPool.java:576) ~[HikariCP-6.3.3.jar:na]
	at com.zaxxer.hikari.pool.HikariPool.<init>(HikariPool.java:97) ~[HikariCP-6.3.3.jar:na]
	at com.zaxxer.hikari.HikariDataSource.getConnection(HikariDataSource.java:111) ~[HikariCP-6.3.3.jar:na]
	at org.hibernate.engine.jdbc.connections.internal.DatasourceConnectionProviderImpl.getConnection(DatasourceConnectionProviderImpl.java:126) ~[hibernate-core-6.6.29.Final.jar:6.6.29.Final]
	at org.hibernate.engine.jdbc.env.internal.JdbcEnvironmentInitiator$ConnectionProviderJdbcConnectionAccess.obtainConnection(JdbcEnvironmentInitiator.java:485) ~[hibernate-core-6.6.29.Final.jar:6.6.29.Final]
	at org.hibernate.resource.transaction.backend.jdbc.internal.JdbcIsolationDelegate.delegateWork(JdbcIsolationDelegate.java:61) ~[hibernate-core-6.6.29.Final.jar:6.6.29.Final]
	... 129 common frames omitted

2025-10-26T10:24:26.568+05:30  WARN 2921 --- [SneakoAplication] [main] org.hibernate.orm.deprecation            : HHH90000025: MySQLDialect does not need to be specified explicitly using 'hibernate.dialect' (remove the property setting and it will be selected by default)
2025-10-26T10:24:26.573+05:30  INFO 2921 --- [SneakoAplication] [main] org.hibernate.orm.connections.pooling    : HHH10001005: Database info:
	Database JDBC URL [Connecting through datasource 'HikariDataSource (null)']
	Database driver: undefined/unknown
	Database version: 8.0
	Autocommit mode: undefined/unknown
	Isolation level: undefined/unknown
	Minimum pool size: undefined/unknown
	Maximum pool size: undefined/unknown
2025-10-26T10:24:26.957+05:30  INFO 2921 --- [SneakoAplication] [main] o.h.e.t.j.p.i.JtaPlatformInitiator       : HHH000489: No JTA platform available (set 'hibernate.transaction.jta.platform' to enable JTA platform integration)
2025-10-26T10:24:26.964+05:30  INFO 2921 --- [SneakoAplication] [main] com.zaxxer.hikari.HikariDataSource       : HikariPool-1 - Starting...
2025-10-26T10:24:27.980+05:30  WARN 2921 --- [SneakoAplication] [main] o.h.engine.jdbc.spi.SqlExceptionHelper   : SQL Error: 1045, SQLState: 28000
2025-10-26T10:24:27.980+05:30 ERROR 2921 --- [SneakoAplication] [main] o.h.engine.jdbc.spi.SqlExceptionHelper   : Access denied for user 'root'@'localhost' (using password: YES)
2025-10-26T10:24:27.982+05:30 ERROR 2921 --- [SneakoAplication] [main] j.LocalContainerEntityManagerFactoryBean : Failed to initialize JPA EntityManagerFactory: [PersistenceUnit: default] Unable to build Hibernate SessionFactory; nested exception is org.hibernate.exception.GenericJDBCException: Unable to open JDBC Connection for DDL execution [Access denied for user 'root'@'localhost' (using password: YES)] [n/a]
2025-10-26T10:24:27.983+05:30 ERROR 2921 --- [SneakoAplication] [main] o.s.b.web.embedded.tomcat.TomcatStarter  : Error starting Tomcat context. Exception: org.springframework.beans.factory.UnsatisfiedDependencyException. Message: Error creating bean with name 'securityConfig' defined in file [/Users/saurabhsanjaydeshmukh/Sneako/SneakoBackend/target/classes/org/genc/app/SneakoAplication/security/SecurityConfig.class]: Unsatisfied dependency expressed through constructor parameter 1: Error creating bean with name 'customUserDetailsService' defined in file [/Users/saurabhsanjaydeshmukh/Sneako/SneakoBackend/target/classes/org/genc/app/SneakoAplication/security/CustomUserDetailsService.class]: Unsatisfied dependency expressed through constructor parameter 0: Error creating bean with name 'usersRepository' defined in org.genc.app.SneakoAplication.repo.UsersRepository defined in @EnableJpaRepositories declared on JpaRepositoriesRegistrar.EnableJpaRepositoriesConfiguration: Cannot resolve reference to bean 'jpaSharedEM_entityManagerFactory' while setting bean property 'entityManager'
2025-10-26T10:24:27.992+05:30  INFO 2921 --- [SneakoAplication] [main] o.apache.catalina.core.StandardService   : Stopping service [Tomcat]
2025-10-26T10:24:27.994+05:30  WARN 2921 --- [SneakoAplication] [main] ConfigServletWebServerApplicationContext : Exception encountered during context initialization - cancelling refresh attempt: org.springframework.context.ApplicationContextException: Unable to start web server
2025-10-26T10:24:28.003+05:30  INFO 2921 --- [SneakoAplication] [main] .s.b.a.l.ConditionEvaluationReportLogger : 

Error starting ApplicationContext. To display the condition evaluation report re-run your application with 'debug' enabled.
2025-10-26T10:24:28.008+05:30 ERROR 2921 --- [SneakoAplication] [main] o.s.boot.SpringApplication               : Application run failed

org.springframework.context.ApplicationContextException: Unable to start web server
	at org.springframework.boot.web.servlet.context.ServletWebServerApplicationContext.onRefresh(ServletWebServerApplicationContext.java:170) ~[spring-boot-3.5.6.jar:3.5.6]
	at org.springframework.context.support.AbstractApplicationContext.refresh(AbstractApplicationContext.java:621) ~[spring-context-6.2.11.jar:6.2.11]
	at org.springframework.boot.web.servlet.context.ServletWebServerApplicationContext.refresh(ServletWebServerApplicationContext.java:146) ~[spring-boot-3.5.6.jar:3.5.6]
	at org.springframework.boot.SpringApplication.refresh(SpringApplication.java:752) ~[spring-boot-3.5.6.jar:3.5.6]
	at org.springframework.boot.SpringApplication.refreshContext(SpringApplication.java:439) ~[spring-boot-3.5.6.jar:3.5.6]
	at org.springframework.boot.SpringApplication.run(SpringApplication.java:318) ~[spring-boot-3.5.6.jar:3.5.6]
	at org.springframework.boot.SpringApplication.run(SpringApplication.java:1361) ~[spring-boot-3.5.6.jar:3.5.6]
	at org.springframework.boot.SpringApplication.run(SpringApplication.java:1350) ~[spring-boot-3.5.6.jar:3.5.6]
	at org.genc.app.SneakoAplication.SneakoAplication.main(SneakoAplication.java:10) ~[classes/:na]
Caused by: org.springframework.boot.web.server.WebServerException: Unable to start embedded Tomcat
	at org.springframework.boot.web.embedded.tomcat.TomcatWebServer.initialize(TomcatWebServer.java:147) ~[spring-boot-3.5.6.jar:3.5.6]
	at org.springframework.boot.web.embedded.tomcat.TomcatWebServer.<init>(TomcatWebServer.java:107) ~[spring-boot-3.5.6.jar:3.5.6]
	at org.springframework.boot.web.embedded.tomcat.TomcatServletWebServerFactory.getTomcatWebServer(TomcatServletWebServerFactory.java:517) ~[spring-boot-3.5.6.jar:3.5.6]
	at org.springframework.boot.web.embedded.tomcat.TomcatServletWebServerFactory.getWebServer(TomcatServletWebServerFactory.java:219) ~[spring-boot-3.5.6.jar:3.5.6]
	at org.springframework.boot.web.servlet.context.ServletWebServerApplicationContext.createWebServer(ServletWebServerApplicationContext.java:193) ~[spring-boot-3.5.6.jar:3.5.6]
	at org.springframework.boot.web.servlet.context.ServletWebServerApplicationContext.onRefresh(ServletWebServerApplicationContext.java:167) ~[spring-boot-3.5.6.jar:3.5.6]
	... 8 common frames omitted
Caused by: org.springframework.beans.factory.UnsatisfiedDependencyException: Error creating bean with name 'securityConfig' defined in file [/Users/saurabhsanjaydeshmukh/Sneako/SneakoBackend/target/classes/org/genc/app/SneakoAplication/security/SecurityConfig.class]: Unsatisfied dependency expressed through constructor parameter 1: Error creating bean with name 'customUserDetailsService' defined in file [/Users/saurabhsanjaydeshmukh/Sneako/SneakoBackend/target/classes/org/genc/app/SneakoAplication/security/CustomUserDetailsService.class]: Unsatisfied dependency expressed through constructor parameter 0: Error creating bean with name 'usersRepository' defined in org.genc.app.SneakoAplication.repo.UsersRepository defined in @EnableJpaRepositories declared on JpaRepositoriesRegistrar.EnableJpaRepositoriesConfiguration: Cannot resolve reference to bean 'jpaSharedEM_entityManagerFactory' while setting bean property 'entityManager'
	at org.springframework.beans.factory.support.ConstructorResolver.createArgumentArray(ConstructorResolver.java:804) ~[spring-beans-6.2.11.jar:6.2.11]
	at org.springframework.beans.factory.support.ConstructorResolver.autowireConstructor(ConstructorResolver.java:240) ~[spring-beans-6.2.11.jar:6.2.11]
	at org.springframework.beans.factory.support.AbstractAutowireCapableBeanFactory.autowireConstructor(AbstractAutowireCapableBeanFactory.java:1395) ~[spring-beans-6.2.11.jar:6.2.11]
	at org.springframework.beans.factory.support.AbstractAutowireCapableBeanFactory.createBeanInstance(AbstractAutowireCapableBeanFactory.java:1232) ~[spring-beans-6.2.11.jar:6.2.11]
	at org.springframework.beans.factory.support.AbstractAutowireCapableBeanFactory.doCreateBean(AbstractAutowireCapableBeanFactory.java:569) ~[spring-beans-6.2.11.jar:6.2.11]
	at org.springframework.beans.factory.support.AbstractAutowireCapableBeanFactory.createBean(AbstractAutowireCapableBeanFactory.java:529) ~[spring-beans-6.2.11.jar:6.2.11]
	at org.springframework.beans.factory.support.AbstractBeanFactory.lambda$doGetBean$0(AbstractBeanFactory.java:339) ~[spring-beans-6.2.11.jar:6.2.11]
	at org.springframework.beans.factory.support.DefaultSingletonBeanRegistry.getSingleton(DefaultSingletonBeanRegistry.java:373) ~[spring-beans-6.2.11.jar:6.2.11]
	at org.springframework.beans.factory.support.AbstractBeanFactory.doGetBean(AbstractBeanFactory.java:337) ~[spring-beans-6.2.11.jar:6.2.11]
	at org.springframework.beans.factory.support.AbstractBeanFactory.getBean(AbstractBeanFactory.java:202) ~[spring-beans-6.2.11.jar:6.2.11]
	at org.springframework.beans.factory.support.ConstructorResolver.instantiateUsingFactoryMethod(ConstructorResolver.java:413) ~[spring-beans-6.2.11.jar:6.2.11]
	at org.springframework.beans.factory.support.AbstractAutowireCapableBeanFactory.instantiateUsingFactoryMethod(AbstractAutowireCapableBeanFactory.java:1375) ~[spring-beans-6.2.11.jar:6.2.11]
	at org.springframework.beans.factory.support.AbstractAutowireCapableBeanFactory.createBeanInstance(AbstractAutowireCapableBeanFactory.java:1205) ~[spring-beans-6.2.11.jar:6.2.11]
	at org.springframework.beans.factory.support.AbstractAutowireCapableBeanFactory.doCreateBean(AbstractAutowireCapableBeanFactory.java:569) ~[spring-beans-6.2.11.jar:6.2.11]
	at org.springframework.beans.factory.support.AbstractAutowireCapableBeanFactory.createBean(AbstractAutowireCapableBeanFactory.java:529) ~[spring-beans-6.2.11.jar:6.2.11]
	at org.springframework.beans.factory.support.AbstractBeanFactory.lambda$doGetBean$0(AbstractBeanFactory.java:339) ~[spring-beans-6.2.11.jar:6.2.11]
	at org.springframework.beans.factory.support.DefaultSingletonBeanRegistry.getSingleton(DefaultSingletonBeanRegistry.java:373) ~[spring-beans-6.2.11.jar:6.2.11]
	at org.springframework.beans.factory.support.AbstractBeanFactory.doGetBean(AbstractBeanFactory.java:337) ~[spring-beans-6.2.11.jar:6.2.11]
	at org.springframework.beans.factory.support.AbstractBeanFactory.getBean(AbstractBeanFactory.java:207) ~[spring-beans-6.2.11.jar:6.2.11]
	at org.springframework.boot.web.servlet.ServletContextInitializerBeans.getOrderedBeansOfType(ServletContextInitializerBeans.java:230) ~[spring-boot-3.5.6.jar:3.5.6]
	at org.springframework.boot.web.servlet.ServletContextInitializerBeans.addAsRegistrationBean(ServletContextInitializerBeans.java:184) ~[spring-boot-3.5.6.jar:3.5.6]
	at org.springframework.boot.web.servlet.ServletContextInitializerBeans.addAsRegistrationBean(ServletContextInitializerBeans.java:179) ~[spring-boot-3.5.6.jar:3.5.6]
	at org.springframework.boot.web.servlet.ServletContextInitializerBeans.addAdaptableBeans(ServletContextInitializerBeans.java:164) ~[spring-boot-3.5.6.jar:3.5.6]
	at org.springframework.boot.web.servlet.ServletContextInitializerBeans.<init>(ServletContextInitializerBeans.java:96) ~[spring-boot-3.5.6.jar:3.5.6]
	at org.springframework.boot.web.servlet.context.ServletWebServerApplicationContext.getServletContextInitializerBeans(ServletWebServerApplicationContext.java:271) ~[spring-boot-3.5.6.jar:3.5.6]
	at org.springframework.boot.web.servlet.context.ServletWebServerApplicationContext.selfInitialize(ServletWebServerApplicationContext.java:245) ~[spring-boot-3.5.6.jar:3.5.6]
	at org.springframework.boot.web.embedded.tomcat.TomcatStarter.onStartup(TomcatStarter.java:52) ~[spring-boot-3.5.6.jar:3.5.6]
	at org.apache.catalina.core.StandardContext.startInternal(StandardContext.java:4464) ~[tomcat-embed-core-10.1.46.jar:10.1.46]
	at org.apache.catalina.util.LifecycleBase.start(LifecycleBase.java:164) ~[tomcat-embed-core-10.1.46.jar:10.1.46]
	at org.apache.catalina.core.ContainerBase$StartChild.call(ContainerBase.java:1203) ~[tomcat-embed-core-10.1.46.jar:10.1.46]
	at org.apache.catalina.core.ContainerBase$StartChild.call(ContainerBase.java:1193) ~[tomcat-embed-core-10.1.46.jar:10.1.46]
	at java.base/java.util.concurrent.FutureTask.run(FutureTask.java:328) ~[na:na]
	at org.apache.tomcat.util.threads.InlineExecutorService.execute(InlineExecutorService.java:81) ~[tomcat-embed-core-10.1.46.jar:10.1.46]
	at java.base/java.util.concurrent.AbstractExecutorService.submit(AbstractExecutorService.java:148) ~[na:na]
	at org.apache.catalina.core.ContainerBase.startInternal(ContainerBase.java:749) ~[tomcat-embed-core-10.1.46.jar:10.1.46]
	at org.apache.catalina.core.StandardHost.startInternal(StandardHost.java:773) ~[tomcat-embed-core-10.1.46.jar:10.1.46]
	at org.apache.catalina.util.LifecycleBase.start(LifecycleBase.java:164) ~[tomcat-embed-core-10.1.46.jar:10.1.46]
	at org.apache.catalina.core.ContainerBase$StartChild.call(ContainerBase.java:1203) ~[tomcat-embed-core-10.1.46.jar:10.1.46]
	at org.apache.catalina.core.ContainerBase$StartChild.call(ContainerBase.java:1193) ~[tomcat-embed-core-10.1.46.jar:10.1.46]
	at java.base/java.util.concurrent.FutureTask.run(FutureTask.java:328) ~[na:na]
	at org.apache.tomcat.util.threads.InlineExecutorService.execute(InlineExecutorService.java:81) ~[tomcat-embed-core-10.1.46.jar:10.1.46]
	at java.base/java.util.concurrent.AbstractExecutorService.submit(AbstractExecutorService.java:148) ~[na:na]
	at org.apache.catalina.core.ContainerBase.startInternal(ContainerBase.java:749) ~[tomcat-embed-core-10.1.46.jar:10.1.46]
	at org.apache.catalina.core.StandardEngine.startInternal(StandardEngine.java:203) ~[tomcat-embed-core-10.1.46.jar:10.1.46]
	at org.apache.catalina.util.LifecycleBase.start(LifecycleBase.java:164) ~[tomcat-embed-core-10.1.46.jar:10.1.46]
	at org.apache.catalina.core.StandardService.startInternal(StandardService.java:412) ~[tomcat-embed-core-10.1.46.jar:10.1.46]
	at org.apache.catalina.util.LifecycleBase.start(LifecycleBase.java:164) ~[tomcat-embed-core-10.1.46.jar:10.1.46]
	at org.apache.catalina.core.StandardServer.startInternal(StandardServer.java:870) ~[tomcat-embed-core-10.1.46.jar:10.1.46]
	at org.apache.catalina.util.LifecycleBase.start(LifecycleBase.java:164) ~[tomcat-embed-core-10.1.46.jar:10.1.46]
	at org.apache.catalina.startup.Tomcat.start(Tomcat.java:438) ~[tomcat-embed-core-10.1.46.jar:10.1.46]
	at org.springframework.boot.web.embedded.tomcat.TomcatWebServer.initialize(TomcatWebServer.java:128) ~[spring-boot-3.5.6.jar:3.5.6]
	... 13 common frames omitted
Caused by: org.springframework.beans.factory.UnsatisfiedDependencyException: Error creating bean with name 'customUserDetailsService' defined in file [/Users/saurabhsanjaydeshmukh/Sneako/SneakoBackend/target/classes/org/genc/app/SneakoAplication/security/CustomUserDetailsService.class]: Unsatisfied dependency expressed through constructor parameter 0: Error creating bean with name 'usersRepository' defined in org.genc.app.SneakoAplication.repo.UsersRepository defined in @EnableJpaRepositories declared on JpaRepositoriesRegistrar.EnableJpaRepositoriesConfiguration: Cannot resolve reference to bean 'jpaSharedEM_entityManagerFactory' while setting bean property 'entityManager'
	at org.springframework.beans.factory.support.ConstructorResolver.createArgumentArray(ConstructorResolver.java:804) ~[spring-beans-6.2.11.jar:6.2.11]
	at org.springframework.beans.factory.support.ConstructorResolver.autowireConstructor(ConstructorResolver.java:240) ~[spring-beans-6.2.11.jar:6.2.11]
	at org.springframework.beans.factory.support.AbstractAutowireCapableBeanFactory.autowireConstructor(AbstractAutowireCapableBeanFactory.java:1395) ~[spring-beans-6.2.11.jar:6.2.11]
	at org.springframework.beans.factory.support.AbstractAutowireCapableBeanFactory.createBeanInstance(AbstractAutowireCapableBeanFactory.java:1232) ~[spring-beans-6.2.11.jar:6.2.11]
	at org.springframework.beans.factory.support.AbstractAutowireCapableBeanFactory.doCreateBean(AbstractAutowireCapableBeanFactory.java:569) ~[spring-beans-6.2.11.jar:6.2.11]
	at org.springframework.beans.factory.support.AbstractAutowireCapableBeanFactory.createBean(AbstractAutowireCapableBeanFactory.java:529) ~[spring-beans-6.2.11.jar:6.2.11]
	at org.springframework.beans.factory.support.AbstractBeanFactory.lambda$doGetBean$0(AbstractBeanFactory.java:339) ~[spring-beans-6.2.11.jar:6.2.11]
	at org.springframework.beans.factory.support.DefaultSingletonBeanRegistry.getSingleton(DefaultSingletonBeanRegistry.java:373) ~[spring-beans-6.2.11.jar:6.2.11]
	at org.springframework.beans.factory.support.AbstractBeanFactory.doGetBean(AbstractBeanFactory.java:337) ~[spring-beans-6.2.11.jar:6.2.11]
	at org.springframework.beans.factory.support.AbstractBeanFactory.getBean(AbstractBeanFactory.java:202) ~[spring-beans-6.2.11.jar:6.2.11]
	at org.springframework.beans.factory.config.DependencyDescriptor.resolveCandidate(DependencyDescriptor.java:254) ~[spring-beans-6.2.11.jar:6.2.11]
	at org.springframework.beans.factory.support.DefaultListableBeanFactory.doResolveDependency(DefaultListableBeanFactory.java:1760) ~[spring-beans-6.2.11.jar:6.2.11]
	at org.springframework.beans.factory.support.DefaultListableBeanFactory.resolveDependency(DefaultListableBeanFactory.java:1643) ~[spring-beans-6.2.11.jar:6.2.11]
	at org.springframework.beans.factory.support.ConstructorResolver.resolveAutowiredArgument(ConstructorResolver.java:913) ~[spring-beans-6.2.11.jar:6.2.11]
	at org.springframework.beans.factory.support.ConstructorResolver.createArgumentArray(ConstructorResolver.java:791) ~[spring-beans-6.2.11.jar:6.2.11]
	... 63 common frames omitted
Caused by: org.springframework.beans.factory.BeanCreationException: Error creating bean with name 'usersRepository' defined in org.genc.app.SneakoAplication.repo.UsersRepository defined in @EnableJpaRepositories declared on JpaRepositoriesRegistrar.EnableJpaRepositoriesConfiguration: Cannot resolve reference to bean 'jpaSharedEM_entityManagerFactory' while setting bean property 'entityManager'
	at org.springframework.beans.factory.support.BeanDefinitionValueResolver.resolveReference(BeanDefinitionValueResolver.java:377) ~[spring-beans-6.2.11.jar:6.2.11]
	at org.springframework.beans.factory.support.BeanDefinitionValueResolver.resolveValueIfNecessary(BeanDefinitionValueResolver.java:135) ~[spring-beans-6.2.11.jar:6.2.11]
	at org.springframework.beans.factory.support.AbstractAutowireCapableBeanFactory.applyPropertyValues(AbstractAutowireCapableBeanFactory.java:1725) ~[spring-beans-6.2.11.jar:6.2.11]
	at org.springframework.beans.factory.support.AbstractAutowireCapableBeanFactory.populateBean(AbstractAutowireCapableBeanFactory.java:1474) ~[spring-beans-6.2.11.jar:6.2.11]
	at org.springframework.beans.factory.support.AbstractAutowireCapableBeanFactory.doCreateBean(AbstractAutowireCapableBeanFactory.java:606) ~[spring-beans-6.2.11.jar:6.2.11]
	at org.springframework.beans.factory.support.AbstractAutowireCapableBeanFactory.createBean(AbstractAutowireCapableBeanFactory.java:529) ~[spring-beans-6.2.11.jar:6.2.11]
	at org.springframework.beans.factory.support.AbstractBeanFactory.lambda$doGetBean$0(AbstractBeanFactory.java:339) ~[spring-beans-6.2.11.jar:6.2.11]
	at org.springframework.beans.factory.support.DefaultSingletonBeanRegistry.getSingleton(DefaultSingletonBeanRegistry.java:373) ~[spring-beans-6.2.11.jar:6.2.11]
	at org.springframework.beans.factory.support.AbstractBeanFactory.doGetBean(AbstractBeanFactory.java:337) ~[spring-beans-6.2.11.jar:6.2.11]
	at org.springframework.beans.factory.support.AbstractBeanFactory.getBean(AbstractBeanFactory.java:202) ~[spring-beans-6.2.11.jar:6.2.11]
	at org.springframework.beans.factory.support.DefaultListableBeanFactory.doResolveDependency(DefaultListableBeanFactory.java:1698) ~[spring-beans-6.2.11.jar:6.2.11]
	at org.springframework.beans.factory.support.DefaultListableBeanFactory.resolveDependency(DefaultListableBeanFactory.java:1643) ~[spring-beans-6.2.11.jar:6.2.11]
	at org.springframework.beans.factory.support.ConstructorResolver.resolveAutowiredArgument(ConstructorResolver.java:913) ~[spring-beans-6.2.11.jar:6.2.11]
	at org.springframework.beans.factory.support.ConstructorResolver.createArgumentArray(ConstructorResolver.java:791) ~[spring-beans-6.2.11.jar:6.2.11]
	... 77 common frames omitted
Caused by: org.springframework.beans.factory.BeanCreationException: Error creating bean with name 'jpaSharedEM_entityManagerFactory': Cannot resolve reference to bean 'entityManagerFactory' while setting constructor argument
	at org.springframework.beans.factory.support.BeanDefinitionValueResolver.resolveReference(BeanDefinitionValueResolver.java:377) ~[spring-beans-6.2.11.jar:6.2.11]
	at org.springframework.beans.factory.support.BeanDefinitionValueResolver.resolveValueIfNecessary(BeanDefinitionValueResolver.java:135) ~[spring-beans-6.2.11.jar:6.2.11]
	at org.springframework.beans.factory.support.ConstructorResolver.resolveConstructorArguments(ConstructorResolver.java:691) ~[spring-beans-6.2.11.jar:6.2.11]
	at org.springframework.beans.factory.support.ConstructorResolver.instantiateUsingFactoryMethod(ConstructorResolver.java:513) ~[spring-beans-6.2.11.jar:6.2.11]
	at org.springframework.beans.factory.support.AbstractAutowireCapableBeanFactory.instantiateUsingFactoryMethod(AbstractAutowireCapableBeanFactory.java:1375) ~[spring-beans-6.2.11.jar:6.2.11]
	at org.springframework.beans.factory.support.AbstractAutowireCapableBeanFactory.createBeanInstance(AbstractAutowireCapableBeanFactory.java:1205) ~[spring-beans-6.2.11.jar:6.2.11]
	at org.springframework.beans.factory.support.AbstractAutowireCapableBeanFactory.doCreateBean(AbstractAutowireCapableBeanFactory.java:569) ~[spring-beans-6.2.11.jar:6.2.11]
	at org.springframework.beans.factory.support.AbstractAutowireCapableBeanFactory.createBean(AbstractAutowireCapableBeanFactory.java:529) ~[spring-beans-6.2.11.jar:6.2.11]
	at org.springframework.beans.factory.support.AbstractBeanFactory.lambda$doGetBean$0(AbstractBeanFactory.java:339) ~[spring-beans-6.2.11.jar:6.2.11]
	at org.springframework.beans.factory.support.DefaultSingletonBeanRegistry.getSingleton(DefaultSingletonBeanRegistry.java:373) ~[spring-beans-6.2.11.jar:6.2.11]
	at org.springframework.beans.factory.support.AbstractBeanFactory.doGetBean(AbstractBeanFactory.java:337) ~[spring-beans-6.2.11.jar:6.2.11]
	at org.springframework.beans.factory.support.AbstractBeanFactory.getBean(AbstractBeanFactory.java:202) ~[spring-beans-6.2.11.jar:6.2.11]
	at org.springframework.beans.factory.support.BeanDefinitionValueResolver.resolveReference(BeanDefinitionValueResolver.java:365) ~[spring-beans-6.2.11.jar:6.2.11]
	... 90 common frames omitted
Caused by: org.springframework.beans.factory.BeanCreationException: Error creating bean with name 'entityManagerFactory' defined in class path resource [org/springframework/boot/autoconfigure/orm/jpa/HibernateJpaConfiguration.class]: [PersistenceUnit: default] Unable to build Hibernate SessionFactory; nested exception is org.hibernate.exception.GenericJDBCException: Unable to open JDBC Connection for DDL execution [Access denied for user 'root'@'localhost' (using password: YES)] [n/a]
	at org.springframework.beans.factory.support.AbstractAutowireCapableBeanFactory.initializeBean(AbstractAutowireCapableBeanFactory.java:1826) ~[spring-beans-6.2.11.jar:6.2.11]
	at org.springframework.beans.factory.support.AbstractAutowireCapableBeanFactory.doCreateBean(AbstractAutowireCapableBeanFactory.java:607) ~[spring-beans-6.2.11.jar:6.2.11]
	at org.springframework.beans.factory.support.AbstractAutowireCapableBeanFactory.createBean(AbstractAutowireCapableBeanFactory.java:529) ~[spring-beans-6.2.11.jar:6.2.11]
	at org.springframework.beans.factory.support.AbstractBeanFactory.lambda$doGetBean$0(AbstractBeanFactory.java:339) ~[spring-beans-6.2.11.jar:6.2.11]
	at org.springframework.beans.factory.support.DefaultSingletonBeanRegistry.getSingleton(DefaultSingletonBeanRegistry.java:373) ~[spring-beans-6.2.11.jar:6.2.11]
	at org.springframework.beans.factory.support.AbstractBeanFactory.doGetBean(AbstractBeanFactory.java:337) ~[spring-beans-6.2.11.jar:6.2.11]
	at org.springframework.beans.factory.support.AbstractBeanFactory.getBean(AbstractBeanFactory.java:202) ~[spring-beans-6.2.11.jar:6.2.11]
	at org.springframework.beans.factory.support.BeanDefinitionValueResolver.resolveReference(BeanDefinitionValueResolver.java:365) ~[spring-beans-6.2.11.jar:6.2.11]
	... 102 common frames omitted
Caused by: jakarta.persistence.PersistenceException: [PersistenceUnit: default] Unable to build Hibernate SessionFactory; nested exception is org.hibernate.exception.GenericJDBCException: Unable to open JDBC Connection for DDL execution [Access denied for user 'root'@'localhost' (using password: YES)] [n/a]
	at org.springframework.orm.jpa.AbstractEntityManagerFactoryBean.buildNativeEntityManagerFactory(AbstractEntityManagerFactoryBean.java:431) ~[spring-orm-6.2.11.jar:6.2.11]
	at org.springframework.orm.jpa.AbstractEntityManagerFactoryBean.afterPropertiesSet(AbstractEntityManagerFactoryBean.java:400) ~[spring-orm-6.2.11.jar:6.2.11]
	at org.springframework.orm.jpa.LocalContainerEntityManagerFactoryBean.afterPropertiesSet(LocalContainerEntityManagerFactoryBean.java:366) ~[spring-orm-6.2.11.jar:6.2.11]
	at org.springframework.beans.factory.support.AbstractAutowireCapableBeanFactory.invokeInitMethods(AbstractAutowireCapableBeanFactory.java:1873) ~[spring-beans-6.2.11.jar:6.2.11]
	at org.springframework.beans.factory.support.AbstractAutowireCapableBeanFactory.initializeBean(AbstractAutowireCapableBeanFactory.java:1822) ~[spring-beans-6.2.11.jar:6.2.11]
	... 109 common frames omitted
Caused by: org.hibernate.exception.GenericJDBCException: Unable to open JDBC Connection for DDL execution [Access denied for user 'root'@'localhost' (using password: YES)] [n/a]
	at org.hibernate.exception.internal.StandardSQLExceptionConverter.convert(StandardSQLExceptionConverter.java:63) ~[hibernate-core-6.6.29.Final.jar:6.6.29.Final]
	at org.hibernate.engine.jdbc.spi.SqlExceptionHelper.convert(SqlExceptionHelper.java:108) ~[hibernate-core-6.6.29.Final.jar:6.6.29.Final]
	at org.hibernate.engine.jdbc.spi.SqlExceptionHelper.convert(SqlExceptionHelper.java:94) ~[hibernate-core-6.6.29.Final.jar:6.6.29.Final]
	at org.hibernate.resource.transaction.backend.jdbc.internal.DdlTransactionIsolatorNonJtaImpl.getIsolatedConnection(DdlTransactionIsolatorNonJtaImpl.java:74) ~[hibernate-core-6.6.29.Final.jar:6.6.29.Final]
	at org.hibernate.resource.transaction.backend.jdbc.internal.DdlTransactionIsolatorNonJtaImpl.getIsolatedConnection(DdlTransactionIsolatorNonJtaImpl.java:39) ~[hibernate-core-6.6.29.Final.jar:6.6.29.Final]
	at org.hibernate.tool.schema.internal.exec.ImprovedExtractionContextImpl.getJdbcConnection(ImprovedExtractionContextImpl.java:63) ~[hibernate-core-6.6.29.Final.jar:6.6.29.Final]
	at org.hibernate.tool.schema.internal.exec.ImprovedExtractionContextImpl.getJdbcDatabaseMetaData(ImprovedExtractionContextImpl.java:70) ~[hibernate-core-6.6.29.Final.jar:6.6.29.Final]
	at org.hibernate.tool.schema.extract.internal.InformationExtractorJdbcDatabaseMetaDataImpl.processTableResultSet(InformationExtractorJdbcDatabaseMetaDataImpl.java:65) ~[hibernate-core-6.6.29.Final.jar:6.6.29.Final]
	at org.hibernate.tool.schema.extract.internal.AbstractInformationExtractorImpl.getTables(AbstractInformationExtractorImpl.java:570) ~[hibernate-core-6.6.29.Final.jar:6.6.29.Final]
	at org.hibernate.tool.schema.extract.internal.DatabaseInformationImpl.getTablesInformation(DatabaseInformationImpl.java:122) ~[hibernate-core-6.6.29.Final.jar:6.6.29.Final]
	at org.hibernate.tool.schema.internal.GroupedSchemaMigratorImpl.performTablesMigration(GroupedSchemaMigratorImpl.java:72) ~[hibernate-core-6.6.29.Final.jar:6.6.29.Final]
	at org.hibernate.tool.schema.internal.AbstractSchemaMigrator.performMigration(AbstractSchemaMigrator.java:233) ~[hibernate-core-6.6.29.Final.jar:6.6.29.Final]
	at org.hibernate.tool.schema.internal.AbstractSchemaMigrator.doMigration(AbstractSchemaMigrator.java:112) ~[hibernate-core-6.6.29.Final.jar:6.6.29.Final]
	at org.hibernate.tool.schema.spi.SchemaManagementToolCoordinator.performDatabaseAction(SchemaManagementToolCoordinator.java:280) ~[hibernate-core-6.6.29.Final.jar:6.6.29.Final]
	at org.hibernate.tool.schema.spi.SchemaManagementToolCoordinator.lambda$process$5(SchemaManagementToolCoordinator.java:144) ~[hibernate-core-6.6.29.Final.jar:6.6.29.Final]
	at java.base/java.util.HashMap.forEach(HashMap.java:1430) ~[na:na]
	at org.hibernate.tool.schema.spi.SchemaManagementToolCoordinator.process(SchemaManagementToolCoordinator.java:141) ~[hibernate-core-6.6.29.Final.jar:6.6.29.Final]
	at org.hibernate.boot.internal.SessionFactoryObserverForSchemaExport.sessionFactoryCreated(SessionFactoryObserverForSchemaExport.java:37) ~[hibernate-core-6.6.29.Final.jar:6.6.29.Final]
	at org.hibernate.internal.SessionFactoryObserverChain.sessionFactoryCreated(SessionFactoryObserverChain.java:35) ~[hibernate-core-6.6.29.Final.jar:6.6.29.Final]
	at org.hibernate.internal.SessionFactoryImpl.<init>(SessionFactoryImpl.java:324) ~[hibernate-core-6.6.29.Final.jar:6.6.29.Final]
	at org.hibernate.boot.internal.SessionFactoryBuilderImpl.build(SessionFactoryBuilderImpl.java:463) ~[hibernate-core-6.6.29.Final.jar:6.6.29.Final]
	at org.hibernate.jpa.boot.internal.EntityManagerFactoryBuilderImpl.build(EntityManagerFactoryBuilderImpl.java:1517) ~[hibernate-core-6.6.29.Final.jar:6.6.29.Final]
	at org.springframework.orm.jpa.vendor.SpringHibernateJpaPersistenceProvider.createContainerEntityManagerFactory(SpringHibernateJpaPersistenceProvider.java:66) ~[spring-orm-6.2.11.jar:6.2.11]
	at org.springframework.orm.jpa.LocalContainerEntityManagerFactoryBean.createNativeEntityManagerFactory(LocalContainerEntityManagerFactoryBean.java:390) ~[spring-orm-6.2.11.jar:6.2.11]
	at org.springframework.orm.jpa.AbstractEntityManagerFactoryBean.buildNativeEntityManagerFactory(AbstractEntityManagerFactoryBean.java:419) ~[spring-orm-6.2.11.jar:6.2.11]
	... 113 common frames omitted
Caused by: java.sql.SQLException: Access denied for user 'root'@'localhost' (using password: YES)
	at com.mysql.cj.jdbc.exceptions.SQLError.createSQLException(SQLError.java:121) ~[mysql-connector-j-9.4.0.jar:9.4.0]
	at com.mysql.cj.jdbc.exceptions.SQLExceptionsMapping.translateException(SQLExceptionsMapping.java:114) ~[mysql-connector-j-9.4.0.jar:9.4.0]
	at com.mysql.cj.jdbc.ConnectionImpl.createNewIO(ConnectionImpl.java:839) ~[mysql-connector-j-9.4.0.jar:9.4.0]
	at com.mysql.cj.jdbc.ConnectionImpl.<init>(ConnectionImpl.java:415) ~[mysql-connector-j-9.4.0.jar:9.4.0]
	at com.mysql.cj.jdbc.ConnectionImpl.getInstance(ConnectionImpl.java:237) ~[mysql-connector-j-9.4.0.jar:9.4.0]
	at com.mysql.cj.jdbc.NonRegisteringDriver.connect(NonRegisteringDriver.java:180) ~[mysql-connector-j-9.4.0.jar:9.4.0]
	at com.zaxxer.hikari.util.DriverDataSource.getConnection(DriverDataSource.java:144) ~[HikariCP-6.3.3.jar:na]
	at com.zaxxer.hikari.pool.PoolBase.newConnection(PoolBase.java:370) ~[HikariCP-6.3.3.jar:na]
	at com.zaxxer.hikari.pool.PoolBase.newPoolEntry(PoolBase.java:207) ~[HikariCP-6.3.3.jar:na]
	at com.zaxxer.hikari.pool.HikariPool.createPoolEntry(HikariPool.java:488) ~[HikariCP-6.3.3.jar:na]
	at com.zaxxer.hikari.pool.HikariPool.checkFailFast(HikariPool.java:576) ~[HikariCP-6.3.3.jar:na]
	at com.zaxxer.hikari.pool.HikariPool.<init>(HikariPool.java:97) ~[HikariCP-6.3.3.jar:na]
	at com.zaxxer.hikari.HikariDataSource.getConnection(HikariDataSource.java:111) ~[HikariCP-6.3.3.jar:na]
	at org.hibernate.engine.jdbc.connections.internal.DatasourceConnectionProviderImpl.getConnection(DatasourceConnectionProviderImpl.java:126) ~[hibernate-core-6.6.29.Final.jar:6.6.29.Final]
	at org.hibernate.engine.jdbc.env.internal.JdbcEnvironmentInitiator$ConnectionProviderJdbcConnectionAccess.obtainConnection(JdbcEnvironmentInitiator.java:485) ~[hibernate-core-6.6.29.Final.jar:6.6.29.Final]
	at org.hibernate.resource.transaction.backend.jdbc.internal.DdlTransactionIsolatorNonJtaImpl.getIsolatedConnection(DdlTransactionIsolatorNonJtaImpl.java:46) ~[hibernate-core-6.6.29.Final.jar:6.6.29.Final]
	... 134 common frames omitted

2025-10-26T10:35:29.380+05:30  INFO 5621 --- [SneakoAplication] [main] o.g.a.SneakoAplication.SneakoAplication  : Starting SneakoAplication using Java 24.0.2 with PID 5621 (/Users/saurabhsanjaydeshmukh/Sneako/SneakoBackend/target/classes started by saurabhsanjaydeshmukh in /Users/saurabhsanjaydeshmukh/Sneako/SneakoBackend)
2025-10-26T10:35:29.381+05:30  INFO 5621 --- [SneakoAplication] [main] o.g.a.SneakoAplication.SneakoAplication  : The following 1 profile is active: "dev"
2025-10-26T10:35:29.764+05:30  INFO 5621 --- [SneakoAplication] [main] .s.d.r.c.RepositoryConfigurationDelegate : Bootstrapping Spring Data JPA repositories in DEFAULT mode.
2025-10-26T10:35:29.788+05:30  INFO 5621 --- [SneakoAplication] [main] .s.d.r.c.RepositoryConfigurationDelegate : Finished Spring Data repository scanning in 20 ms. Found 8 JPA repository interfaces.
2025-10-26T10:35:29.977+05:30  INFO 5621 --- [SneakoAplication] [main] o.s.b.w.embedded.tomcat.TomcatWebServer  : Tomcat initialized with port 8085 (http)
2025-10-26T10:35:29.983+05:30  INFO 5621 --- [SneakoAplication] [main] o.apache.catalina.core.StandardService   : Starting service [Tomcat]
2025-10-26T10:35:29.983+05:30  INFO 5621 --- [SneakoAplication] [main] o.apache.catalina.core.StandardEngine    : Starting Servlet engine: [Apache Tomcat/10.1.46]
2025-10-26T10:35:30.002+05:30  INFO 5621 --- [SneakoAplication] [main] o.a.c.c.C.[Tomcat].[localhost].[/]       : Initializing Spring embedded WebApplicationContext
2025-10-26T10:35:30.002+05:30  INFO 5621 --- [SneakoAplication] [main] w.s.c.ServletWebServerApplicationContext : Root WebApplicationContext: initialization completed in 606 ms
2025-10-26T10:35:30.068+05:30  INFO 5621 --- [SneakoAplication] [main] com.zaxxer.hikari.HikariDataSource       : HikariPool-1 - Starting...
2025-10-26T10:35:30.362+05:30  INFO 5621 --- [SneakoAplication] [main] com.zaxxer.hikari.pool.HikariPool        : HikariPool-1 - Added connection com.mysql.cj.jdbc.ConnectionImpl@76828577
2025-10-26T10:35:30.363+05:30  INFO 5621 --- [SneakoAplication] [main] com.zaxxer.hikari.HikariDataSource       : HikariPool-1 - Start completed.
2025-10-26T10:35:30.377+05:30  INFO 5621 --- [SneakoAplication] [main] o.hibernate.jpa.internal.util.LogHelper  : HHH000204: Processing PersistenceUnitInfo [name: default]
2025-10-26T10:35:30.394+05:30  INFO 5621 --- [SneakoAplication] [main] org.hibernate.Version                    : HHH000412: Hibernate ORM core version 6.6.29.Final
2025-10-26T10:35:30.403+05:30  INFO 5621 --- [SneakoAplication] [main] o.h.c.internal.RegionFactoryInitiator    : HHH000026: Second-level cache disabled
2025-10-26T10:35:30.490+05:30  INFO 5621 --- [SneakoAplication] [main] o.s.o.j.p.SpringPersistenceUnitInfo      : No LoadTimeWeaver setup: ignoring JPA class transformer
2025-10-26T10:35:30.519+05:30  WARN 5621 --- [SneakoAplication] [main] org.hibernate.orm.deprecation            : HHH90000025: MySQLDialect does not need to be specified explicitly using 'hibernate.dialect' (remove the property setting and it will be selected by default)
2025-10-26T10:35:30.523+05:30  INFO 5621 --- [SneakoAplication] [main] org.hibernate.orm.connections.pooling    : HHH10001005: Database info:
	Database JDBC URL [Connecting through datasource 'HikariDataSource (HikariPool-1)']
	Database driver: undefined/unknown
	Database version: 9.5
	Autocommit mode: undefined/unknown
	Isolation level: undefined/unknown
	Minimum pool size: undefined/unknown
	Maximum pool size: undefined/unknown
2025-10-26T10:35:30.879+05:30  INFO 5621 --- [SneakoAplication] [main] o.h.e.t.j.p.i.JtaPlatformInitiator       : HHH000489: No JTA platform available (set 'hibernate.transaction.jta.platform' to enable JTA platform integration)
2025-10-26T10:35:30.900+05:30 DEBUG 5621 --- [SneakoAplication] [main] org.hibernate.SQL                        : create table cart (id bigint not null auto_increment, created_at datetime(6), total_item integer, total_price decimal(10,2), updated_at datetime(6), user_id bigint, primary key (id)) engine=InnoDB
2025-10-26T10:35:30.908+05:30 DEBUG 5621 --- [SneakoAplication] [main] org.hibernate.SQL                        : create table cart_item (cart_item_id bigint not null auto_increment, created_at datetime(6), product_id bigint, quantity bigint, size bigint not null, total_price decimal(38,2), unit_price decimal(38,2), updated_at datetime(6), cart_id bigint not null, primary key (cart_item_id)) engine=InnoDB
2025-10-26T10:35:30.912+05:30 DEBUG 5621 --- [SneakoAplication] [main] org.hibernate.SQL                        : create table category (categoryid bigint not null auto_increment, created_at datetime(6), created_by varchar(255), name varchar(255), updated_at datetime(6), updated_by varchar(255), version bigint, primary key (categoryid)) engine=InnoDB
2025-10-26T10:35:30.917+05:30 DEBUG 5621 --- [SneakoAplication] [main] org.hibernate.SQL                        : create table order_item (order_item_id bigint not null auto_increment, created_at datetime(6), product_id bigint, quantity bigint, size bigint, total_price decimal(38,2), unit_price decimal(38,2), updated_at datetime(6), version bigint, order_id bigint not null, primary key (order_item_id)) engine=InnoDB
2025-10-26T10:35:30.921+05:30 DEBUG 5621 --- [SneakoAplication] [main] org.hibernate.SQL                        : create table order_tbl (order_id bigint not null auto_increment, created_at datetime(6), order_date datetime(6), order_status varchar(255), shipping_address varchar(512), total_price decimal(38,2), updated_at datetime(6), user_id bigint, version bigint, primary key (order_id)) engine=InnoDB
2025-10-26T10:35:30.927+05:30 DEBUG 5621 --- [SneakoAplication] [main] org.hibernate.SQL                        : create table product (productid bigint not null auto_increment, created_at datetime(6), created_by varchar(255), description varchar(255), image_url varchar(255), price decimal(38,2), product_name varchar(255), stock_quantity bigint, updated_at datetime(6), updated_by varchar(255), version bigint, categoryid bigint, primary key (productid)) engine=InnoDB
2025-10-26T10:35:30.930+05:30 DEBUG 5621 --- [SneakoAplication] [main] org.hibernate.SQL                        : create table roles (role_id bigint not null auto_increment, created_at datetime(6), name varchar(255), updated_at datetime(6), version bigint, primary key (role_id)) engine=InnoDB
2025-10-26T10:35:30.933+05:30 DEBUG 5621 --- [SneakoAplication] [main] org.hibernate.SQL                        : create table user_roles (user_id bigint not null, role_id bigint not null) engine=InnoDB
2025-10-26T10:35:30.937+05:30 DEBUG 5621 --- [SneakoAplication] [main] org.hibernate.SQL                        : create table users (userid bigint not null auto_increment, address varchar(255), created_at datetime(6), email varchar(255) not null, password varchar(255) not null, phone_number bigint, updated_at datetime(6), user_name varchar(255) not null, version bigint, primary key (userid)) engine=InnoDB
2025-10-26T10:35:30.944+05:30 DEBUG 5621 --- [SneakoAplication] [main] org.hibernate.SQL                        : create index idx_users_username on users (user_name)
2025-10-26T10:35:30.953+05:30 DEBUG 5621 --- [SneakoAplication] [main] org.hibernate.SQL                        : create index idx_users_email on users (email)
2025-10-26T10:35:30.958+05:30 DEBUG 5621 --- [SneakoAplication] [main] org.hibernate.SQL                        : alter table users drop index UK6dotkott2kjsp8vw4d0m25fb7
2025-10-26T10:35:30.960+05:30 DEBUG 5621 --- [SneakoAplication] [main] org.hibernate.SQL                        : alter table users add constraint UK6dotkott2kjsp8vw4d0m25fb7 unique (email)
2025-10-26T10:35:30.965+05:30 DEBUG 5621 --- [SneakoAplication] [main] org.hibernate.SQL                        : alter table users drop index UKk8d0f2n7n88w1a16yhua64onx
2025-10-26T10:35:30.966+05:30 DEBUG 5621 --- [SneakoAplication] [main] org.hibernate.SQL                        : alter table users add constraint UKk8d0f2n7n88w1a16yhua64onx unique (user_name)
2025-10-26T10:35:30.974+05:30 DEBUG 5621 --- [SneakoAplication] [main] org.hibernate.SQL                        : alter table cart_item add constraint FK1uobyhgl1wvgt1jpccia8xxs3 foreign key (cart_id) references cart (id)
2025-10-26T10:35:30.989+05:30 DEBUG 5621 --- [SneakoAplication] [main] org.hibernate.SQL                        : alter table order_item add constraint FKoobh6e7a2npf6n1lwvukx0c83 foreign key (order_id) references order_tbl (order_id)
2025-10-26T10:35:31.001+05:30 DEBUG 5621 --- [SneakoAplication] [main] org.hibernate.SQL                        : alter table product add constraint FK4ort9abhumpx4t2mlngljr1vi foreign key (categoryid) references category (categoryid)
2025-10-26T10:35:31.011+05:30 DEBUG 5621 --- [SneakoAplication] [main] org.hibernate.SQL                        : alter table user_roles add constraint FKh8ciramu9cc9q3qcqiv4ue8a6 foreign key (role_id) references roles (role_id)
2025-10-26T10:35:31.019+05:30 DEBUG 5621 --- [SneakoAplication] [main] org.hibernate.SQL                        : alter table user_roles add constraint FKhfh9dx7w3ubf1co1vdev94g3f foreign key (user_id) references users (userid)
2025-10-26T10:35:31.029+05:30  INFO 5621 --- [SneakoAplication] [main] j.LocalContainerEntityManagerFactoryBean : Initialized JPA EntityManagerFactory for persistence unit 'default'
2025-10-26T10:35:31.256+05:30  WARN 5621 --- [SneakoAplication] [main] JpaBaseConfiguration$JpaWebConfiguration : spring.jpa.open-in-view is enabled by default. Therefore, database queries may be performed during view rendering. Explicitly configure spring.jpa.open-in-view to disable this warning
2025-10-26T10:35:31.265+05:30  INFO 5621 --- [SneakoAplication] [main] eAuthenticationProviderManagerConfigurer : Global AuthenticationManager configured with AuthenticationProvider bean with name daoAuthenticationProvider
2025-10-26T10:35:31.265+05:30  WARN 5621 --- [SneakoAplication] [main] r$InitializeUserDetailsManagerConfigurer : Global AuthenticationManager configured with an AuthenticationProvider bean. UserDetailsService beans will not be used by Spring Security for automatically configuring username/password login. Consider removing the AuthenticationProvider bean. Alternatively, consider using the UserDetailsService in a manually instantiated DaoAuthenticationProvider. If the current configuration is intentional, to turn off this warning, increase the logging level of 'org.springframework.security.config.annotation.authentication.configuration.InitializeUserDetailsBeanManagerConfigurer' to ERROR
2025-10-26T10:35:31.484+05:30  INFO 5621 --- [SneakoAplication] [main] o.s.b.a.h2.H2ConsoleAutoConfiguration    : H2 console available at '/h2-console'. Database available at 'jdbc:mysql://localhost:3306/sneako?allowPublicKeyRetrieval=true&createDatabaseIfNotExist=true&useSSL=false'
2025-10-26T10:35:31.526+05:30  INFO 5621 --- [SneakoAplication] [main] o.s.b.w.embedded.tomcat.TomcatWebServer  : Tomcat started on port 8085 (http) with context path '/'
2025-10-26T10:35:31.551+05:30  INFO 5621 --- [SneakoAplication] [main] o.s.b.w.embedded.tomcat.TomcatWebServer  : Tomcat initialized with port 8086 (http)
2025-10-26T10:35:31.551+05:30  INFO 5621 --- [SneakoAplication] [main] o.apache.catalina.core.StandardService   : Starting service [Tomcat]
2025-10-26T10:35:31.551+05:30  INFO 5621 --- [SneakoAplication] [main] o.apache.catalina.core.StandardEngine    : Starting Servlet engine: [Apache Tomcat/10.1.46]
2025-10-26T10:35:31.556+05:30  INFO 5621 --- [SneakoAplication] [main] o.a.c.c.C.[Tomcat-1].[localhost].[/]     : Initializing Spring embedded WebApplicationContext
2025-10-26T10:35:31.556+05:30  INFO 5621 --- [SneakoAplication] [main] w.s.c.ServletWebServerApplicationContext : Root WebApplicationContext: initialization completed in 28 ms
2025-10-26T10:35:31.561+05:30  INFO 5621 --- [SneakoAplication] [main] o.s.b.a.e.web.EndpointLinksResolver      : Exposing 14 endpoints beneath base path '/actuator'
2025-10-26T10:35:31.576+05:30  INFO 5621 --- [SneakoAplication] [main] o.s.b.w.embedded.tomcat.TomcatWebServer  : Tomcat started on port 8086 (http) with context path '/'
2025-10-26T10:35:31.582+05:30  INFO 5621 --- [SneakoAplication] [main] o.g.a.SneakoAplication.SneakoAplication  : Started SneakoAplication in 2.393 seconds (process running for 2.572)
2025-10-26T10:35:31.660+05:30 DEBUG 5621 --- [SneakoAplication] [main] org.hibernate.SQL                        : select r1_0.role_id,r1_0.created_at,r1_0.name,r1_0.updated_at,r1_0.version from roles r1_0 where r1_0.name=?
2025-10-26T10:35:31.678+05:30 DEBUG 5621 --- [SneakoAplication] [main] org.hibernate.SQL                        : insert into roles (created_at,name,updated_at,version) values (?,?,?,?)
2025-10-26T10:35:31.686+05:30 DEBUG 5621 --- [SneakoAplication] [main] org.hibernate.SQL                        : select r1_0.role_id,r1_0.created_at,r1_0.name,r1_0.updated_at,r1_0.version from roles r1_0 where r1_0.name=?
2025-10-26T10:35:31.687+05:30 DEBUG 5621 --- [SneakoAplication] [main] org.hibernate.SQL                        : insert into roles (created_at,name,updated_at,version) values (?,?,?,?)
2025-10-26T10:35:31.689+05:30 DEBUG 5621 --- [SneakoAplication] [main] org.hibernate.SQL                        : select u1_0.userid,u1_0.address,u1_0.created_at,u1_0.email,u1_0.password,u1_0.phone_number,u1_0.updated_at,u1_0.user_name,u1_0.version from users u1_0 where u1_0.user_name=?
2025-10-26T10:35:31.760+05:30 DEBUG 5621 --- [SneakoAplication] [main] org.hibernate.SQL                        : insert into users (address,created_at,email,password,phone_number,updated_at,user_name,version) values (?,?,?,?,?,?,?,?)
2025-10-26T10:35:31.764+05:30 DEBUG 5621 --- [SneakoAplication] [main] org.hibernate.SQL                        : insert into user_roles (user_id,role_id) values (?,?)
2025-10-26T10:36:41.962+05:30  INFO 5621 --- [SneakoAplication] [http-nio-8085-exec-1] o.a.c.c.C.[Tomcat].[localhost].[/]       : Initializing Spring DispatcherServlet 'dispatcherServlet'
2025-10-26T10:36:41.962+05:30  INFO 5621 --- [SneakoAplication] [http-nio-8085-exec-1] o.s.web.servlet.DispatcherServlet        : Initializing Servlet 'dispatcherServlet'
2025-10-26T10:36:41.964+05:30  INFO 5621 --- [SneakoAplication] [http-nio-8085-exec-1] o.s.web.servlet.DispatcherServlet        : Completed initialization in 2 ms
2025-10-26T10:36:42.321+05:30  INFO 5621 --- [SneakoAplication] [http-nio-8085-exec-8] o.springdoc.api.AbstractOpenApiResource  : Init duration for springdoc-openapi is: 193 ms
2025-10-26T10:37:01.205+05:30 DEBUG 5621 --- [SneakoAplication] [http-nio-8085-exec-9] org.hibernate.SQL                        : select oi1_0.order_item_id,oi1_0.created_at,oi1_0.order_id,oi1_0.product_id,oi1_0.quantity,oi1_0.size,oi1_0.total_price,oi1_0.unit_price,oi1_0.updated_at,oi1_0.version from order_item oi1_0 where oi1_0.order_item_id=?
2025-10-26T10:37:01.215+05:30 ERROR 5621 --- [SneakoAplication] [http-nio-8085-exec-9] o.a.c.c.C.[.[.[/].[dispatcherServlet]    : Servlet.service() for servlet [dispatcherServlet] in context with path [] threw exception [Request processing failed: java.lang.RuntimeException: Order item not found] with root cause

java.lang.RuntimeException: Order item not found
	at org.genc.app.SneakoAplication.service.api.impl.OrderItemServiceImpl.lambda$findOrderItemById$0(OrderItemServiceImpl.java:75) ~[classes/:na]
	at java.base/java.util.Optional.orElseThrow(Optional.java:403) ~[na:na]
	at org.genc.app.SneakoAplication.service.api.impl.OrderItemServiceImpl.findOrderItemById(OrderItemServiceImpl.java:75) ~[classes/:na]
	at java.base/jdk.internal.reflect.DirectMethodHandleAccessor.invoke(DirectMethodHandleAccessor.java:104) ~[na:na]
	at java.base/java.lang.reflect.Method.invoke(Method.java:565) ~[na:na]
	at org.springframework.aop.support.AopUtils.invokeJoinpointUsingReflection(AopUtils.java:360) ~[spring-aop-6.2.11.jar:6.2.11]
	at org.springframework.aop.framework.CglibAopProxy$DynamicAdvisedInterceptor.intercept(CglibAopProxy.java:724) ~[spring-aop-6.2.11.jar:6.2.11]
	at org.genc.app.SneakoAplication.service.api.impl.OrderItemServiceImpl$$SpringCGLIB$$0.findOrderItemById(<generated>) ~[classes/:na]
	at org.genc.app.SneakoAplication.contoller.OrderItemController.getOrderItemById(OrderItemController.java:32) ~[classes/:na]
	at java.base/jdk.internal.reflect.DirectMethodHandleAccessor.invoke(DirectMethodHandleAccessor.java:104) ~[na:na]
	at java.base/java.lang.reflect.Method.invoke(Method.java:565) ~[na:na]
	at org.springframework.web.method.support.InvocableHandlerMethod.doInvoke(InvocableHandlerMethod.java:258) ~[spring-web-6.2.11.jar:6.2.11]
	at org.springframework.web.method.support.InvocableHandlerMethod.invokeForRequest(InvocableHandlerMethod.java:191) ~[spring-web-6.2.11.jar:6.2.11]
	at org.springframework.web.servlet.mvc.method.annotation.ServletInvocableHandlerMethod.invokeAndHandle(ServletInvocableHandlerMethod.java:118) ~[spring-webmvc-6.2.11.jar:6.2.11]
	at org.springframework.web.servlet.mvc.method.annotation.RequestMappingHandlerAdapter.invokeHandlerMethod(RequestMappingHandlerAdapter.java:991) ~[spring-webmvc-6.2.11.jar:6.2.11]
	at org.springframework.web.servlet.mvc.method.annotation.RequestMappingHandlerAdapter.handleInternal(RequestMappingHandlerAdapter.java:896) ~[spring-webmvc-6.2.11.jar:6.2.11]
	at org.springframework.web.servlet.mvc.method.AbstractHandlerMethodAdapter.handle(AbstractHandlerMethodAdapter.java:87) ~[spring-webmvc-6.2.11.jar:6.2.11]
	at org.springframework.web.servlet.DispatcherServlet.doDispatch(DispatcherServlet.java:1089) ~[spring-webmvc-6.2.11.jar:6.2.11]
	at org.springframework.web.servlet.DispatcherServlet.doService(DispatcherServlet.java:979) ~[spring-webmvc-6.2.11.jar:6.2.11]
	at org.springframework.web.servlet.FrameworkServlet.processRequest(FrameworkServlet.java:1014) ~[spring-webmvc-6.2.11.jar:6.2.11]
	at org.springframework.web.servlet.FrameworkServlet.doGet(FrameworkServlet.java:903) ~[spring-webmvc-6.2.11.jar:6.2.11]
	at jakarta.servlet.http.HttpServlet.service(HttpServlet.java:564) ~[tomcat-embed-core-10.1.46.jar:6.0]
	at org.springframework.web.servlet.FrameworkServlet.service(FrameworkServlet.java:885) ~[spring-webmvc-6.2.11.jar:6.2.11]
	at jakarta.servlet.http.HttpServlet.service(HttpServlet.java:658) ~[tomcat-embed-core-10.1.46.jar:6.0]
	at org.apache.catalina.core.ApplicationFilterChain.internalDoFilter(ApplicationFilterChain.java:195) ~[tomcat-embed-core-10.1.46.jar:10.1.46]
	at org.apache.catalina.core.ApplicationFilterChain.doFilter(ApplicationFilterChain.java:140) ~[tomcat-embed-core-10.1.46.jar:10.1.46]
	at org.apache.tomcat.websocket.server.WsFilter.doFilter(WsFilter.java:51) ~[tomcat-embed-websocket-10.1.46.jar:10.1.46]
	at org.apache.catalina.core.ApplicationFilterChain.internalDoFilter(ApplicationFilterChain.java:164) ~[tomcat-embed-core-10.1.46.jar:10.1.46]
	at org.apache.catalina.core.ApplicationFilterChain.doFilter(ApplicationFilterChain.java:140) ~[tomcat-embed-core-10.1.46.jar:10.1.46]
	at org.genc.app.SneakoAplication.security.JwtAuthenticationFilter.doFilterInternal(JwtAuthenticationFilter.java:41) ~[classes/:na]
	at org.springframework.web.filter.OncePerRequestFilter.doFilter(OncePerRequestFilter.java:116) ~[spring-web-6.2.11.jar:6.2.11]
	at org.apache.catalina.core.ApplicationFilterChain.internalDoFilter(ApplicationFilterChain.java:164) ~[tomcat-embed-core-10.1.46.jar:10.1.46]
	at org.apache.catalina.core.ApplicationFilterChain.doFilter(ApplicationFilterChain.java:140) ~[tomcat-embed-core-10.1.46.jar:10.1.46]
	at org.springframework.web.filter.CompositeFilter$VirtualFilterChain.doFilter(CompositeFilter.java:108) ~[spring-web-6.2.11.jar:6.2.11]
	at org.springframework.web.filter.CompositeFilter$VirtualFilterChain.doFilter(CompositeFilter.java:108) ~[spring-web-6.2.11.jar:6.2.11]
	at org.springframework.security.web.FilterChainProxy.lambda$doFilterInternal$3(FilterChainProxy.java:231) ~[spring-security-web-6.5.5.jar:6.5.5]
	at org.springframework.security.web.ObservationFilterChainDecorator$FilterObservation$SimpleFilterObservation.lambda$wrap$1(ObservationFilterChainDecorator.java:490) ~[spring-security-web-6.5.5.jar:6.5.5]
	at org.springframework.security.web.ObservationFilterChainDecorator$AroundFilterObservation$SimpleAroundFilterObservation.lambda$wrap$1(ObservationFilterChainDecorator.java:351) ~[spring-security-web-6.5.5.jar:6.5.5]
	at org.springframework.security.web.ObservationFilterChainDecorator.lambda$wrapSecured$0(ObservationFilterChainDecorator.java:83) ~[spring-security-web-6.5.5.jar:6.5.5]
	at org.springframework.security.web.ObservationFilterChainDecorator$VirtualFilterChain.doFilter(ObservationFilterChainDecorator.java:129) ~[spring-security-web-6.5.5.jar:6.5.5]
	at org.springframework.security.web.access.intercept.AuthorizationFilter.doFilter(AuthorizationFilter.java:101) ~[spring-security-web-6.5.5.jar:6.5.5]
	at org.springframework.security.web.ObservationFilterChainDecorator$ObservationFilter.wrapFilter(ObservationFilterChainDecorator.java:241) ~[spring-security-web-6.5.5.jar:6.5.5]
	at org.springframework.security.web.ObservationFilterChainDecorator$ObservationFilter.doFilter(ObservationFilterChainDecorator.java:228) ~[spring-security-web-6.5.5.jar:6.5.5]
	at org.springframework.security.web.ObservationFilterChainDecorator$VirtualFilterChain.doFilter(ObservationFilterChainDecorator.java:138) ~[spring-security-web-6.5.5.jar:6.5.5]
	at org.springframework.security.web.access.ExceptionTranslationFilter.doFilter(ExceptionTranslationFilter.java:125) ~[spring-security-web-6.5.5.jar:6.5.5]
	at org.springframework.security.web.access.ExceptionTranslationFilter.doFilter(ExceptionTranslationFilter.java:119) ~[spring-security-web-6.5.5.jar:6.5.5]
	at org.springframework.security.web.ObservationFilterChainDecorator$ObservationFilter.wrapFilter(ObservationFilterChainDecorator.java:241) ~[spring-security-web-6.5.5.jar:6.5.5]
	at org.springframework.security.web.ObservationFilterChainDecorator$ObservationFilter.doFilter(ObservationFilterChainDecorator.java:228) ~[spring-security-web-6.5.5.jar:6.5.5]
	at org.springframework.security.web.ObservationFilterChainDecorator$VirtualFilterChain.doFilter(ObservationFilterChainDecorator.java:138) ~[spring-security-web-6.5.5.jar:6.5.5]
	at org.springframework.security.web.authentication.AnonymousAuthenticationFilter.doFilter(AnonymousAuthenticationFilter.java:100) ~[spring-security-web-6.5.5.jar:6.5.5]
	at org.springframework.security.web.ObservationFilterChainDecorator$ObservationFilter.wrapFilter(ObservationFilterChainDecorator.java:241) ~[spring-security-web-6.5.5.jar:6.5.5]
	at org.springframework.security.web.ObservationFilterChainDecorator$ObservationFilter.doFilter(ObservationFilterChainDecorator.java:228) ~[spring-security-web-6.5.5.jar:6.5.5]
	at org.springframework.security.web.ObservationFilterChainDecorator$VirtualFilterChain.doFilter(ObservationFilterChainDecorator.java:138) ~[spring-security-web-6.5.5.jar:6.5.5]
	at org.springframework.security.web.servletapi.SecurityContextHolderAwareRequestFilter.doFilter(SecurityContextHolderAwareRequestFilter.java:179) ~[spring-security-web-6.5.5.jar:6.5.5]
	at org.springframework.security.web.ObservationFilterChainDecorator$ObservationFilter.wrapFilter(ObservationFilterChainDecorator.java:241) ~[spring-security-web-6.5.5.jar:6.5.5]
	at org.springframework.security.web.ObservationFilterChainDecorator$ObservationFilter.doFilter(ObservationFilterChainDecorator.java:228) ~[spring-security-web-6.5.5.jar:6.5.5]
	at org.springframework.security.web.ObservationFilterChainDecorator$VirtualFilterChain.doFilter(ObservationFilterChainDecorator.java:138) ~[spring-security-web-6.5.5.jar:6.5.5]
	at org.springframework.security.web.savedrequest.RequestCacheAwareFilter.doFilter(RequestCacheAwareFilter.java:63) ~[spring-security-web-6.5.5.jar:6.5.5]
	at org.springframework.security.web.ObservationFilterChainDecorator$ObservationFilter.wrapFilter(ObservationFilterChainDecorator.java:241) ~[spring-security-web-6.5.5.jar:6.5.5]
	at org.springframework.security.web.ObservationFilterChainDecorator$ObservationFilter.doFilter(ObservationFilterChainDecorator.java:228) ~[spring-security-web-6.5.5.jar:6.5.5]
	at org.springframework.security.web.ObservationFilterChainDecorator$VirtualFilterChain.doFilter(ObservationFilterChainDecorator.java:138) ~[spring-security-web-6.5.5.jar:6.5.5]
	at org.springframework.security.web.authentication.logout.LogoutFilter.doFilter(LogoutFilter.java:107) ~[spring-security-web-6.5.5.jar:6.5.5]
	at org.springframework.security.web.authentication.logout.LogoutFilter.doFilter(LogoutFilter.java:93) ~[spring-security-web-6.5.5.jar:6.5.5]
	at org.springframework.security.web.ObservationFilterChainDecorator$ObservationFilter.wrapFilter(ObservationFilterChainDecorator.java:241) ~[spring-security-web-6.5.5.jar:6.5.5]
	at org.springframework.security.web.ObservationFilterChainDecorator$ObservationFilter.doFilter(ObservationFilterChainDecorator.java:228) ~[spring-security-web-6.5.5.jar:6.5.5]
	at org.springframework.security.web.ObservationFilterChainDecorator$VirtualFilterChain.doFilter(ObservationFilterChainDecorator.java:138) ~[spring-security-web-6.5.5.jar:6.5.5]
	at org.springframework.security.web.header.HeaderWriterFilter.doHeadersAfter(HeaderWriterFilter.java:90) ~[spring-security-web-6.5.5.jar:6.5.5]
	at org.springframework.security.web.header.HeaderWriterFilter.doFilterInternal(HeaderWriterFilter.java:75) ~[spring-security-web-6.5.5.jar:6.5.5]
	at org.springframework.web.filter.OncePerRequestFilter.doFilter(OncePerRequestFilter.java:116) ~[spring-web-6.2.11.jar:6.2.11]
	at org.springframework.security.web.ObservationFilterChainDecorator$ObservationFilter.wrapFilter(ObservationFilterChainDecorator.java:241) ~[spring-security-web-6.5.5.jar:6.5.5]
	at org.springframework.security.web.ObservationFilterChainDecorator$ObservationFilter.doFilter(ObservationFilterChainDecorator.java:228) ~[spring-security-web-6.5.5.jar:6.5.5]
	at org.springframework.security.web.ObservationFilterChainDecorator$VirtualFilterChain.doFilter(ObservationFilterChainDecorator.java:138) ~[spring-security-web-6.5.5.jar:6.5.5]
	at org.springframework.security.web.context.SecurityContextHolderFilter.doFilter(SecurityContextHolderFilter.java:82) ~[spring-security-web-6.5.5.jar:6.5.5]
	at org.springframework.security.web.context.SecurityContextHolderFilter.doFilter(SecurityContextHolderFilter.java:69) ~[spring-security-web-6.5.5.jar:6.5.5]
	at org.springframework.security.web.ObservationFilterChainDecorator$ObservationFilter.wrapFilter(ObservationFilterChainDecorator.java:241) ~[spring-security-web-6.5.5.jar:6.5.5]
	at org.springframework.security.web.ObservationFilterChainDecorator$ObservationFilter.doFilter(ObservationFilterChainDecorator.java:228) ~[spring-security-web-6.5.5.jar:6.5.5]
	at org.springframework.security.web.ObservationFilterChainDecorator$VirtualFilterChain.doFilter(ObservationFilterChainDecorator.java:138) ~[spring-security-web-6.5.5.jar:6.5.5]
	at org.springframework.security.web.context.request.async.WebAsyncManagerIntegrationFilter.doFilterInternal(WebAsyncManagerIntegrationFilter.java:62) ~[spring-security-web-6.5.5.jar:6.5.5]
	at org.springframework.web.filter.OncePerRequestFilter.doFilter(OncePerRequestFilter.java:116) ~[spring-web-6.2.11.jar:6.2.11]
	at org.springframework.security.web.ObservationFilterChainDecorator$ObservationFilter.wrapFilter(ObservationFilterChainDecorator.java:241) ~[spring-security-web-6.5.5.jar:6.5.5]
	at org.springframework.security.web.ObservationFilterChainDecorator$ObservationFilter.doFilter(ObservationFilterChainDecorator.java:228) ~[spring-security-web-6.5.5.jar:6.5.5]
	at org.springframework.security.web.ObservationFilterChainDecorator$VirtualFilterChain.doFilter(ObservationFilterChainDecorator.java:138) ~[spring-security-web-6.5.5.jar:6.5.5]
	at org.springframework.security.web.session.DisableEncodeUrlFilter.doFilterInternal(DisableEncodeUrlFilter.java:42) ~[spring-security-web-6.5.5.jar:6.5.5]
	at org.springframework.web.filter.OncePerRequestFilter.doFilter(OncePerRequestFilter.java:116) ~[spring-web-6.2.11.jar:6.2.11]
	at org.springframework.security.web.ObservationFilterChainDecorator$ObservationFilter.wrapFilter(ObservationFilterChainDecorator.java:241) ~[spring-security-web-6.5.5.jar:6.5.5]
	at org.springframework.security.web.ObservationFilterChainDecorator$AroundFilterObservation$SimpleAroundFilterObservation.lambda$wrap$0(ObservationFilterChainDecorator.java:334) ~[spring-security-web-6.5.5.jar:6.5.5]
	at org.springframework.security.web.ObservationFilterChainDecorator$ObservationFilter.doFilter(ObservationFilterChainDecorator.java:225) ~[spring-security-web-6.5.5.jar:6.5.5]
	at org.springframework.security.web.ObservationFilterChainDecorator$VirtualFilterChain.doFilter(ObservationFilterChainDecorator.java:138) ~[spring-security-web-6.5.5.jar:6.5.5]
	at org.springframework.security.web.FilterChainProxy.doFilterInternal(FilterChainProxy.java:233) ~[spring-security-web-6.5.5.jar:6.5.5]
	at org.springframework.security.web.FilterChainProxy.doFilter(FilterChainProxy.java:191) ~[spring-security-web-6.5.5.jar:6.5.5]
	at org.springframework.web.filter.CompositeFilter$VirtualFilterChain.doFilter(CompositeFilter.java:113) ~[spring-web-6.2.11.jar:6.2.11]
	at org.springframework.web.filter.ServletRequestPathFilter.doFilter(ServletRequestPathFilter.java:52) ~[spring-web-6.2.11.jar:6.2.11]
	at org.springframework.web.filter.CompositeFilter$VirtualFilterChain.doFilter(CompositeFilter.java:113) ~[spring-web-6.2.11.jar:6.2.11]
	at org.springframework.web.filter.CompositeFilter.doFilter(CompositeFilter.java:74) ~[spring-web-6.2.11.jar:6.2.11]
	at org.springframework.security.config.annotation.web.configuration.WebSecurityConfiguration$CompositeFilterChainProxy.doFilter(WebSecurityConfiguration.java:319) ~[spring-security-config-6.5.5.jar:6.5.5]
	at org.springframework.web.filter.CompositeFilter$VirtualFilterChain.doFilter(CompositeFilter.java:113) ~[spring-web-6.2.11.jar:6.2.11]
	at org.springframework.web.servlet.handler.HandlerMappingIntrospector.lambda$createCacheFilter$4(HandlerMappingIntrospector.java:267) ~[spring-webmvc-6.2.11.jar:6.2.11]
	at org.springframework.web.filter.CompositeFilter$VirtualFilterChain.doFilter(CompositeFilter.java:113) ~[spring-web-6.2.11.jar:6.2.11]
	at org.springframework.web.filter.CompositeFilter.doFilter(CompositeFilter.java:74) ~[spring-web-6.2.11.jar:6.2.11]
	at org.springframework.security.config.annotation.web.configuration.WebMvcSecurityConfiguration$CompositeFilterChainProxy.doFilter(WebMvcSecurityConfiguration.java:240) ~[spring-security-config-6.5.5.jar:6.5.5]
	at org.springframework.web.filter.DelegatingFilterProxy.invokeDelegate(DelegatingFilterProxy.java:362) ~[spring-web-6.2.11.jar:6.2.11]
	at org.springframework.web.filter.DelegatingFilterProxy.doFilter(DelegatingFilterProxy.java:278) ~[spring-web-6.2.11.jar:6.2.11]
	at org.apache.catalina.core.ApplicationFilterChain.internalDoFilter(ApplicationFilterChain.java:164) ~[tomcat-embed-core-10.1.46.jar:10.1.46]
	at org.apache.catalina.core.ApplicationFilterChain.doFilter(ApplicationFilterChain.java:140) ~[tomcat-embed-core-10.1.46.jar:10.1.46]
	at org.springframework.web.filter.RequestContextFilter.doFilterInternal(RequestContextFilter.java:100) ~[spring-web-6.2.11.jar:6.2.11]
	at org.springframework.web.filter.OncePerRequestFilter.doFilter(OncePerRequestFilter.java:116) ~[spring-web-6.2.11.jar:6.2.11]
	at org.apache.catalina.core.ApplicationFilterChain.internalDoFilter(ApplicationFilterChain.java:164) ~[tomcat-embed-core-10.1.46.jar:10.1.46]
	at org.apache.catalina.core.ApplicationFilterChain.doFilter(ApplicationFilterChain.java:140) ~[tomcat-embed-core-10.1.46.jar:10.1.46]
	at org.springframework.web.filter.FormContentFilter.doFilterInternal(FormContentFilter.java:93) ~[spring-web-6.2.11.jar:6.2.11]
	at org.springframework.web.filter.OncePerRequestFilter.doFilter(OncePerRequestFilter.java:116) ~[spring-web-6.2.11.jar:6.2.11]
	at org.apache.catalina.core.ApplicationFilterChain.internalDoFilter(ApplicationFilterChain.java:164) ~[tomcat-embed-core-10.1.46.jar:10.1.46]
	at org.apache.catalina.core.ApplicationFilterChain.doFilter(ApplicationFilterChain.java:140) ~[tomcat-embed-core-10.1.46.jar:10.1.46]
	at org.springframework.web.filter.ServerHttpObservationFilter.doFilterInternal(ServerHttpObservationFilter.java:110) ~[spring-web-6.2.11.jar:6.2.11]
	at org.springframework.web.filter.OncePerRequestFilter.doFilter(OncePerRequestFilter.java:116) ~[spring-web-6.2.11.jar:6.2.11]
	at org.apache.catalina.core.ApplicationFilterChain.internalDoFilter(ApplicationFilterChain.java:164) ~[tomcat-embed-core-10.1.46.jar:10.1.46]
	at org.apache.catalina.core.ApplicationFilterChain.doFilter(ApplicationFilterChain.java:140) ~[tomcat-embed-core-10.1.46.jar:10.1.46]
	at org.springframework.web.filter.CharacterEncodingFilter.doFilterInternal(CharacterEncodingFilter.java:201) ~[spring-web-6.2.11.jar:6.2.11]
	at org.springframework.web.filter.OncePerRequestFilter.doFilter(OncePerRequestFilter.java:116) ~[spring-web-6.2.11.jar:6.2.11]
	at org.apache.catalina.core.ApplicationFilterChain.internalDoFilter(ApplicationFilterChain.java:164) ~[tomcat-embed-core-10.1.46.jar:10.1.46]
	at org.apache.catalina.core.ApplicationFilterChain.doFilter(ApplicationFilterChain.java:140) ~[tomcat-embed-core-10.1.46.jar:10.1.46]
	at org.apache.catalina.core.StandardWrapperValve.invoke(StandardWrapperValve.java:167) ~[tomcat-embed-core-10.1.46.jar:10.1.46]
	at org.apache.catalina.core.StandardContextValve.invoke(StandardContextValve.java:90) ~[tomcat-embed-core-10.1.46.jar:10.1.46]
	at org.apache.catalina.authenticator.AuthenticatorBase.invoke(AuthenticatorBase.java:483) ~[tomcat-embed-core-10.1.46.jar:10.1.46]
	at org.apache.catalina.core.StandardHostValve.invoke(StandardHostValve.java:116) ~[tomcat-embed-core-10.1.46.jar:10.1.46]
	at org.apache.catalina.valves.ErrorReportValve.invoke(ErrorReportValve.java:93) ~[tomcat-embed-core-10.1.46.jar:10.1.46]
	at org.apache.catalina.core.StandardEngineValve.invoke(StandardEngineValve.java:74) ~[tomcat-embed-core-10.1.46.jar:10.1.46]
	at org.apache.catalina.connector.CoyoteAdapter.service(CoyoteAdapter.java:344) ~[tomcat-embed-core-10.1.46.jar:10.1.46]
	at org.apache.coyote.http11.Http11Processor.service(Http11Processor.java:398) ~[tomcat-embed-core-10.1.46.jar:10.1.46]
	at org.apache.coyote.AbstractProcessorLight.process(AbstractProcessorLight.java:63) ~[tomcat-embed-core-10.1.46.jar:10.1.46]
	at org.apache.coyote.AbstractProtocol$ConnectionHandler.process(AbstractProtocol.java:903) ~[tomcat-embed-core-10.1.46.jar:10.1.46]
	at org.apache.tomcat.util.net.NioEndpoint$SocketProcessor.doRun(NioEndpoint.java:1776) ~[tomcat-embed-core-10.1.46.jar:10.1.46]
	at org.apache.tomcat.util.net.SocketProcessorBase.run(SocketProcessorBase.java:52) ~[tomcat-embed-core-10.1.46.jar:10.1.46]
	at org.apache.tomcat.util.threads.ThreadPoolExecutor.runWorker(ThreadPoolExecutor.java:975) ~[tomcat-embed-core-10.1.46.jar:10.1.46]
	at org.apache.tomcat.util.threads.ThreadPoolExecutor$Worker.run(ThreadPoolExecutor.java:493) ~[tomcat-embed-core-10.1.46.jar:10.1.46]
	at org.apache.tomcat.util.threads.TaskThread$WrappingRunnable.run(TaskThread.java:63) ~[tomcat-embed-core-10.1.46.jar:10.1.46]
	at java.base/java.lang.Thread.run(Thread.java:1447) ~[na:na]

2025-10-26T10:38:21.431+05:30 DEBUG 5621 --- [SneakoAplication] [http-nio-8085-exec-4] org.hibernate.SQL                        : select o1_0.order_id,o1_0.created_at,o1_0.order_date,o1_0.order_status,o1_0.shipping_address,o1_0.total_price,o1_0.updated_at,o1_0.user_id,o1_0.version from order_tbl o1_0 where o1_0.order_id=?
2025-10-26T10:38:21.436+05:30 ERROR 5621 --- [SneakoAplication] [http-nio-8085-exec-4] o.a.c.c.C.[.[.[/].[dispatcherServlet]    : Servlet.service() for servlet [dispatcherServlet] in context with path [] threw exception [Request processing failed: java.lang.RuntimeException: Order not found] with root cause

java.lang.RuntimeException: Order not found
	at org.genc.app.SneakoAplication.service.api.impl.OrderItemServiceImpl.lambda$createOrderItem$0(OrderItemServiceImpl.java:28) ~[classes/:na]
	at java.base/java.util.Optional.orElseThrow(Optional.java:403) ~[na:na]
	at org.genc.app.SneakoAplication.service.api.impl.OrderItemServiceImpl.createOrderItem(OrderItemServiceImpl.java:28) ~[classes/:na]
	at java.base/jdk.internal.reflect.DirectMethodHandleAccessor.invoke(DirectMethodHandleAccessor.java:104) ~[na:na]
	at java.base/java.lang.reflect.Method.invoke(Method.java:565) ~[na:na]
	at org.springframework.aop.support.AopUtils.invokeJoinpointUsingReflection(AopUtils.java:360) ~[spring-aop-6.2.11.jar:6.2.11]
	at org.springframework.aop.framework.ReflectiveMethodInvocation.invokeJoinpoint(ReflectiveMethodInvocation.java:196) ~[spring-aop-6.2.11.jar:6.2.11]
	at org.springframework.aop.framework.ReflectiveMethodInvocation.proceed(ReflectiveMethodInvocation.java:163) ~[spring-aop-6.2.11.jar:6.2.11]
	at org.springframework.transaction.interceptor.TransactionAspectSupport.invokeWithinTransaction(TransactionAspectSupport.java:380) ~[spring-tx-6.2.11.jar:6.2.11]
	at org.springframework.transaction.interceptor.TransactionInterceptor.invoke(TransactionInterceptor.java:119) ~[spring-tx-6.2.11.jar:6.2.11]
	at org.springframework.aop.framework.ReflectiveMethodInvocation.proceed(ReflectiveMethodInvocation.java:184) ~[spring-aop-6.2.11.jar:6.2.11]
	at org.springframework.aop.framework.CglibAopProxy$DynamicAdvisedInterceptor.intercept(CglibAopProxy.java:728) ~[spring-aop-6.2.11.jar:6.2.11]
	at org.genc.app.SneakoAplication.service.api.impl.OrderItemServiceImpl$$SpringCGLIB$$0.createOrderItem(<generated>) ~[classes/:na]
	at org.genc.app.SneakoAplication.contoller.OrderItemController.createOrderItem(OrderItemController.java:21) ~[classes/:na]
	at java.base/jdk.internal.reflect.DirectMethodHandleAccessor.invoke(DirectMethodHandleAccessor.java:104) ~[na:na]
	at java.base/java.lang.reflect.Method.invoke(Method.java:565) ~[na:na]
	at org.springframework.web.method.support.InvocableHandlerMethod.doInvoke(InvocableHandlerMethod.java:258) ~[spring-web-6.2.11.jar:6.2.11]
	at org.springframework.web.method.support.InvocableHandlerMethod.invokeForRequest(InvocableHandlerMethod.java:191) ~[spring-web-6.2.11.jar:6.2.11]
	at org.springframework.web.servlet.mvc.method.annotation.ServletInvocableHandlerMethod.invokeAndHandle(ServletInvocableHandlerMethod.java:118) ~[spring-webmvc-6.2.11.jar:6.2.11]
	at org.springframework.web.servlet.mvc.method.annotation.RequestMappingHandlerAdapter.invokeHandlerMethod(RequestMappingHandlerAdapter.java:991) ~[spring-webmvc-6.2.11.jar:6.2.11]
	at org.springframework.web.servlet.mvc.method.annotation.RequestMappingHandlerAdapter.handleInternal(RequestMappingHandlerAdapter.java:896) ~[spring-webmvc-6.2.11.jar:6.2.11]
	at org.springframework.web.servlet.mvc.method.AbstractHandlerMethodAdapter.handle(AbstractHandlerMethodAdapter.java:87) ~[spring-webmvc-6.2.11.jar:6.2.11]
	at org.springframework.web.servlet.DispatcherServlet.doDispatch(DispatcherServlet.java:1089) ~[spring-webmvc-6.2.11.jar:6.2.11]
	at org.springframework.web.servlet.DispatcherServlet.doService(DispatcherServlet.java:979) ~[spring-webmvc-6.2.11.jar:6.2.11]
	at org.springframework.web.servlet.FrameworkServlet.processRequest(FrameworkServlet.java:1014) ~[spring-webmvc-6.2.11.jar:6.2.11]
	at org.springframework.web.servlet.FrameworkServlet.doPost(FrameworkServlet.java:914) ~[spring-webmvc-6.2.11.jar:6.2.11]
	at jakarta.servlet.http.HttpServlet.service(HttpServlet.java:590) ~[tomcat-embed-core-10.1.46.jar:6.0]
	at org.springframework.web.servlet.FrameworkServlet.service(FrameworkServlet.java:885) ~[spring-webmvc-6.2.11.jar:6.2.11]
	at jakarta.servlet.http.HttpServlet.service(HttpServlet.java:658) ~[tomcat-embed-core-10.1.46.jar:6.0]
	at org.apache.catalina.core.ApplicationFilterChain.internalDoFilter(ApplicationFilterChain.java:195) ~[tomcat-embed-core-10.1.46.jar:10.1.46]
	at org.apache.catalina.core.ApplicationFilterChain.doFilter(ApplicationFilterChain.java:140) ~[tomcat-embed-core-10.1.46.jar:10.1.46]
	at org.apache.tomcat.websocket.server.WsFilter.doFilter(WsFilter.java:51) ~[tomcat-embed-websocket-10.1.46.jar:10.1.46]
	at org.apache.catalina.core.ApplicationFilterChain.internalDoFilter(ApplicationFilterChain.java:164) ~[tomcat-embed-core-10.1.46.jar:10.1.46]
	at org.apache.catalina.core.ApplicationFilterChain.doFilter(ApplicationFilterChain.java:140) ~[tomcat-embed-core-10.1.46.jar:10.1.46]
	at org.genc.app.SneakoAplication.security.JwtAuthenticationFilter.doFilterInternal(JwtAuthenticationFilter.java:41) ~[classes/:na]
	at org.springframework.web.filter.OncePerRequestFilter.doFilter(OncePerRequestFilter.java:116) ~[spring-web-6.2.11.jar:6.2.11]
	at org.apache.catalina.core.ApplicationFilterChain.internalDoFilter(ApplicationFilterChain.java:164) ~[tomcat-embed-core-10.1.46.jar:10.1.46]
	at org.apache.catalina.core.ApplicationFilterChain.doFilter(ApplicationFilterChain.java:140) ~[tomcat-embed-core-10.1.46.jar:10.1.46]
	at org.springframework.web.filter.CompositeFilter$VirtualFilterChain.doFilter(CompositeFilter.java:108) ~[spring-web-6.2.11.jar:6.2.11]
	at org.springframework.web.filter.CompositeFilter$VirtualFilterChain.doFilter(CompositeFilter.java:108) ~[spring-web-6.2.11.jar:6.2.11]
	at org.springframework.security.web.FilterChainProxy.lambda$doFilterInternal$3(FilterChainProxy.java:231) ~[spring-security-web-6.5.5.jar:6.5.5]
	at org.springframework.security.web.ObservationFilterChainDecorator$FilterObservation$SimpleFilterObservation.lambda$wrap$1(ObservationFilterChainDecorator.java:490) ~[spring-security-web-6.5.5.jar:6.5.5]
	at org.springframework.security.web.ObservationFilterChainDecorator$AroundFilterObservation$SimpleAroundFilterObservation.lambda$wrap$1(ObservationFilterChainDecorator.java:351) ~[spring-security-web-6.5.5.jar:6.5.5]
	at org.springframework.security.web.ObservationFilterChainDecorator.lambda$wrapSecured$0(ObservationFilterChainDecorator.java:83) ~[spring-security-web-6.5.5.jar:6.5.5]
	at org.springframework.security.web.ObservationFilterChainDecorator$VirtualFilterChain.doFilter(ObservationFilterChainDecorator.java:129) ~[spring-security-web-6.5.5.jar:6.5.5]
	at org.springframework.security.web.access.intercept.AuthorizationFilter.doFilter(AuthorizationFilter.java:101) ~[spring-security-web-6.5.5.jar:6.5.5]
	at org.springframework.security.web.ObservationFilterChainDecorator$ObservationFilter.wrapFilter(ObservationFilterChainDecorator.java:241) ~[spring-security-web-6.5.5.jar:6.5.5]
	at org.springframework.security.web.ObservationFilterChainDecorator$ObservationFilter.doFilter(ObservationFilterChainDecorator.java:228) ~[spring-security-web-6.5.5.jar:6.5.5]
	at org.springframework.security.web.ObservationFilterChainDecorator$VirtualFilterChain.doFilter(ObservationFilterChainDecorator.java:138) ~[spring-security-web-6.5.5.jar:6.5.5]
	at org.springframework.security.web.access.ExceptionTranslationFilter.doFilter(ExceptionTranslationFilter.java:125) ~[spring-security-web-6.5.5.jar:6.5.5]
	at org.springframework.security.web.access.ExceptionTranslationFilter.doFilter(ExceptionTranslationFilter.java:119) ~[spring-security-web-6.5.5.jar:6.5.5]
	at org.springframework.security.web.ObservationFilterChainDecorator$ObservationFilter.wrapFilter(ObservationFilterChainDecorator.java:241) ~[spring-security-web-6.5.5.jar:6.5.5]
	at org.springframework.security.web.ObservationFilterChainDecorator$ObservationFilter.doFilter(ObservationFilterChainDecorator.java:228) ~[spring-security-web-6.5.5.jar:6.5.5]
	at org.springframework.security.web.ObservationFilterChainDecorator$VirtualFilterChain.doFilter(ObservationFilterChainDecorator.java:138) ~[spring-security-web-6.5.5.jar:6.5.5]
	at org.springframework.security.web.authentication.AnonymousAuthenticationFilter.doFilter(AnonymousAuthenticationFilter.java:100) ~[spring-security-web-6.5.5.jar:6.5.5]
	at org.springframework.security.web.ObservationFilterChainDecorator$ObservationFilter.wrapFilter(ObservationFilterChainDecorator.java:241) ~[spring-security-web-6.5.5.jar:6.5.5]
	at org.springframework.security.web.ObservationFilterChainDecorator$ObservationFilter.doFilter(ObservationFilterChainDecorator.java:228) ~[spring-security-web-6.5.5.jar:6.5.5]
	at org.springframework.security.web.ObservationFilterChainDecorator$VirtualFilterChain.doFilter(ObservationFilterChainDecorator.java:138) ~[spring-security-web-6.5.5.jar:6.5.5]
	at org.springframework.security.web.servletapi.SecurityContextHolderAwareRequestFilter.doFilter(SecurityContextHolderAwareRequestFilter.java:179) ~[spring-security-web-6.5.5.jar:6.5.5]
	at org.springframework.security.web.ObservationFilterChainDecorator$ObservationFilter.wrapFilter(ObservationFilterChainDecorator.java:241) ~[spring-security-web-6.5.5.jar:6.5.5]
	at org.springframework.security.web.ObservationFilterChainDecorator$ObservationFilter.doFilter(ObservationFilterChainDecorator.java:228) ~[spring-security-web-6.5.5.jar:6.5.5]
	at org.springframework.security.web.ObservationFilterChainDecorator$VirtualFilterChain.doFilter(ObservationFilterChainDecorator.java:138) ~[spring-security-web-6.5.5.jar:6.5.5]
	at org.springframework.security.web.savedrequest.RequestCacheAwareFilter.doFilter(RequestCacheAwareFilter.java:63) ~[spring-security-web-6.5.5.jar:6.5.5]
	at org.springframework.security.web.ObservationFilterChainDecorator$ObservationFilter.wrapFilter(ObservationFilterChainDecorator.java:241) ~[spring-security-web-6.5.5.jar:6.5.5]
	at org.springframework.security.web.ObservationFilterChainDecorator$ObservationFilter.doFilter(ObservationFilterChainDecorator.java:228) ~[spring-security-web-6.5.5.jar:6.5.5]
	at org.springframework.security.web.ObservationFilterChainDecorator$VirtualFilterChain.doFilter(ObservationFilterChainDecorator.java:138) ~[spring-security-web-6.5.5.jar:6.5.5]
	at org.springframework.security.web.authentication.logout.LogoutFilter.doFilter(LogoutFilter.java:107) ~[spring-security-web-6.5.5.jar:6.5.5]
	at org.springframework.security.web.authentication.logout.LogoutFilter.doFilter(LogoutFilter.java:93) ~[spring-security-web-6.5.5.jar:6.5.5]
	at org.springframework.security.web.ObservationFilterChainDecorator$ObservationFilter.wrapFilter(ObservationFilterChainDecorator.java:241) ~[spring-security-web-6.5.5.jar:6.5.5]
	at org.springframework.security.web.ObservationFilterChainDecorator$ObservationFilter.doFilter(ObservationFilterChainDecorator.java:228) ~[spring-security-web-6.5.5.jar:6.5.5]
	at org.springframework.security.web.ObservationFilterChainDecorator$VirtualFilterChain.doFilter(ObservationFilterChainDecorator.java:138) ~[spring-security-web-6.5.5.jar:6.5.5]
	at org.springframework.security.web.header.HeaderWriterFilter.doHeadersAfter(HeaderWriterFilter.java:90) ~[spring-security-web-6.5.5.jar:6.5.5]
	at org.springframework.security.web.header.HeaderWriterFilter.doFilterInternal(HeaderWriterFilter.java:75) ~[spring-security-web-6.5.5.jar:6.5.5]
	at org.springframework.web.filter.OncePerRequestFilter.doFilter(OncePerRequestFilter.java:116) ~[spring-web-6.2.11.jar:6.2.11]
	at org.springframework.security.web.ObservationFilterChainDecorator$ObservationFilter.wrapFilter(ObservationFilterChainDecorator.java:241) ~[spring-security-web-6.5.5.jar:6.5.5]
	at org.springframework.security.web.ObservationFilterChainDecorator$ObservationFilter.doFilter(ObservationFilterChainDecorator.java:228) ~[spring-security-web-6.5.5.jar:6.5.5]
	at org.springframework.security.web.ObservationFilterChainDecorator$VirtualFilterChain.doFilter(ObservationFilterChainDecorator.java:138) ~[spring-security-web-6.5.5.jar:6.5.5]
	at org.springframework.security.web.context.SecurityContextHolderFilter.doFilter(SecurityContextHolderFilter.java:82) ~[spring-security-web-6.5.5.jar:6.5.5]
	at org.springframework.security.web.context.SecurityContextHolderFilter.doFilter(SecurityContextHolderFilter.java:69) ~[spring-security-web-6.5.5.jar:6.5.5]
	at org.springframework.security.web.ObservationFilterChainDecorator$ObservationFilter.wrapFilter(ObservationFilterChainDecorator.java:241) ~[spring-security-web-6.5.5.jar:6.5.5]
	at org.springframework.security.web.ObservationFilterChainDecorator$ObservationFilter.doFilter(ObservationFilterChainDecorator.java:228) ~[spring-security-web-6.5.5.jar:6.5.5]
	at org.springframework.security.web.ObservationFilterChainDecorator$VirtualFilterChain.doFilter(ObservationFilterChainDecorator.java:138) ~[spring-security-web-6.5.5.jar:6.5.5]
	at org.springframework.security.web.context.request.async.WebAsyncManagerIntegrationFilter.doFilterInternal(WebAsyncManagerIntegrationFilter.java:62) ~[spring-security-web-6.5.5.jar:6.5.5]
	at org.springframework.web.filter.OncePerRequestFilter.doFilter(OncePerRequestFilter.java:116) ~[spring-web-6.2.11.jar:6.2.11]
	at org.springframework.security.web.ObservationFilterChainDecorator$ObservationFilter.wrapFilter(ObservationFilterChainDecorator.java:241) ~[spring-security-web-6.5.5.jar:6.5.5]
	at org.springframework.security.web.ObservationFilterChainDecorator$ObservationFilter.doFilter(ObservationFilterChainDecorator.java:228) ~[spring-security-web-6.5.5.jar:6.5.5]
	at org.springframework.security.web.ObservationFilterChainDecorator$VirtualFilterChain.doFilter(ObservationFilterChainDecorator.java:138) ~[spring-security-web-6.5.5.jar:6.5.5]
	at org.springframework.security.web.session.DisableEncodeUrlFilter.doFilterInternal(DisableEncodeUrlFilter.java:42) ~[spring-security-web-6.5.5.jar:6.5.5]
	at org.springframework.web.filter.OncePerRequestFilter.doFilter(OncePerRequestFilter.java:116) ~[spring-web-6.2.11.jar:6.2.11]
	at org.springframework.security.web.ObservationFilterChainDecorator$ObservationFilter.wrapFilter(ObservationFilterChainDecorator.java:241) ~[spring-security-web-6.5.5.jar:6.5.5]
	at org.springframework.security.web.ObservationFilterChainDecorator$AroundFilterObservation$SimpleAroundFilterObservation.lambda$wrap$0(ObservationFilterChainDecorator.java:334) ~[spring-security-web-6.5.5.jar:6.5.5]
	at org.springframework.security.web.ObservationFilterChainDecorator$ObservationFilter.doFilter(ObservationFilterChainDecorator.java:225) ~[spring-security-web-6.5.5.jar:6.5.5]
	at org.springframework.security.web.ObservationFilterChainDecorator$VirtualFilterChain.doFilter(ObservationFilterChainDecorator.java:138) ~[spring-security-web-6.5.5.jar:6.5.5]
	at org.springframework.security.web.FilterChainProxy.doFilterInternal(FilterChainProxy.java:233) ~[spring-security-web-6.5.5.jar:6.5.5]
	at org.springframework.security.web.FilterChainProxy.doFilter(FilterChainProxy.java:191) ~[spring-security-web-6.5.5.jar:6.5.5]
	at org.springframework.web.filter.CompositeFilter$VirtualFilterChain.doFilter(CompositeFilter.java:113) ~[spring-web-6.2.11.jar:6.2.11]
	at org.springframework.web.filter.ServletRequestPathFilter.doFilter(ServletRequestPathFilter.java:52) ~[spring-web-6.2.11.jar:6.2.11]
	at org.springframework.web.filter.CompositeFilter$VirtualFilterChain.doFilter(CompositeFilter.java:113) ~[spring-web-6.2.11.jar:6.2.11]
	at org.springframework.web.filter.CompositeFilter.doFilter(CompositeFilter.java:74) ~[spring-web-6.2.11.jar:6.2.11]
	at org.springframework.security.config.annotation.web.configuration.WebSecurityConfiguration$CompositeFilterChainProxy.doFilter(WebSecurityConfiguration.java:319) ~[spring-security-config-6.5.5.jar:6.5.5]
	at org.springframework.web.filter.CompositeFilter$VirtualFilterChain.doFilter(CompositeFilter.java:113) ~[spring-web-6.2.11.jar:6.2.11]
	at org.springframework.web.servlet.handler.HandlerMappingIntrospector.lambda$createCacheFilter$4(HandlerMappingIntrospector.java:267) ~[spring-webmvc-6.2.11.jar:6.2.11]
	at org.springframework.web.filter.CompositeFilter$VirtualFilterChain.doFilter(CompositeFilter.java:113) ~[spring-web-6.2.11.jar:6.2.11]
	at org.springframework.web.filter.CompositeFilter.doFilter(CompositeFilter.java:74) ~[spring-web-6.2.11.jar:6.2.11]
	at org.springframework.security.config.annotation.web.configuration.WebMvcSecurityConfiguration$CompositeFilterChainProxy.doFilter(WebMvcSecurityConfiguration.java:240) ~[spring-security-config-6.5.5.jar:6.5.5]
	at org.springframework.web.filter.DelegatingFilterProxy.invokeDelegate(DelegatingFilterProxy.java:362) ~[spring-web-6.2.11.jar:6.2.11]
	at org.springframework.web.filter.DelegatingFilterProxy.doFilter(DelegatingFilterProxy.java:278) ~[spring-web-6.2.11.jar:6.2.11]
	at org.apache.catalina.core.ApplicationFilterChain.internalDoFilter(ApplicationFilterChain.java:164) ~[tomcat-embed-core-10.1.46.jar:10.1.46]
	at org.apache.catalina.core.ApplicationFilterChain.doFilter(ApplicationFilterChain.java:140) ~[tomcat-embed-core-10.1.46.jar:10.1.46]
	at org.springframework.web.filter.RequestContextFilter.doFilterInternal(RequestContextFilter.java:100) ~[spring-web-6.2.11.jar:6.2.11]
	at org.springframework.web.filter.OncePerRequestFilter.doFilter(OncePerRequestFilter.java:116) ~[spring-web-6.2.11.jar:6.2.11]
	at org.apache.catalina.core.ApplicationFilterChain.internalDoFilter(ApplicationFilterChain.java:164) ~[tomcat-embed-core-10.1.46.jar:10.1.46]
	at org.apache.catalina.core.ApplicationFilterChain.doFilter(ApplicationFilterChain.java:140) ~[tomcat-embed-core-10.1.46.jar:10.1.46]
	at org.springframework.web.filter.FormContentFilter.doFilterInternal(FormContentFilter.java:93) ~[spring-web-6.2.11.jar:6.2.11]
	at org.springframework.web.filter.OncePerRequestFilter.doFilter(OncePerRequestFilter.java:116) ~[spring-web-6.2.11.jar:6.2.11]
	at org.apache.catalina.core.ApplicationFilterChain.internalDoFilter(ApplicationFilterChain.java:164) ~[tomcat-embed-core-10.1.46.jar:10.1.46]
	at org.apache.catalina.core.ApplicationFilterChain.doFilter(ApplicationFilterChain.java:140) ~[tomcat-embed-core-10.1.46.jar:10.1.46]
	at org.springframework.web.filter.ServerHttpObservationFilter.doFilterInternal(ServerHttpObservationFilter.java:110) ~[spring-web-6.2.11.jar:6.2.11]
	at org.springframework.web.filter.OncePerRequestFilter.doFilter(OncePerRequestFilter.java:116) ~[spring-web-6.2.11.jar:6.2.11]
	at org.apache.catalina.core.ApplicationFilterChain.internalDoFilter(ApplicationFilterChain.java:164) ~[tomcat-embed-core-10.1.46.jar:10.1.46]
	at org.apache.catalina.core.ApplicationFilterChain.doFilter(ApplicationFilterChain.java:140) ~[tomcat-embed-core-10.1.46.jar:10.1.46]
	at org.springframework.web.filter.CharacterEncodingFilter.doFilterInternal(CharacterEncodingFilter.java:201) ~[spring-web-6.2.11.jar:6.2.11]
	at org.springframework.web.filter.OncePerRequestFilter.doFilter(OncePerRequestFilter.java:116) ~[spring-web-6.2.11.jar:6.2.11]
	at org.apache.catalina.core.ApplicationFilterChain.internalDoFilter(ApplicationFilterChain.java:164) ~[tomcat-embed-core-10.1.46.jar:10.1.46]
	at org.apache.catalina.core.ApplicationFilterChain.doFilter(ApplicationFilterChain.java:140) ~[tomcat-embed-core-10.1.46.jar:10.1.46]
	at org.apache.catalina.core.StandardWrapperValve.invoke(StandardWrapperValve.java:167) ~[tomcat-embed-core-10.1.46.jar:10.1.46]
	at org.apache.catalina.core.StandardContextValve.invoke(StandardContextValve.java:90) ~[tomcat-embed-core-10.1.46.jar:10.1.46]
	at org.apache.catalina.authenticator.AuthenticatorBase.invoke(AuthenticatorBase.java:483) ~[tomcat-embed-core-10.1.46.jar:10.1.46]
	at org.apache.catalina.core.StandardHostValve.invoke(StandardHostValve.java:116) ~[tomcat-embed-core-10.1.46.jar:10.1.46]
	at org.apache.catalina.valves.ErrorReportValve.invoke(ErrorReportValve.java:93) ~[tomcat-embed-core-10.1.46.jar:10.1.46]
	at org.apache.catalina.core.StandardEngineValve.invoke(StandardEngineValve.java:74) ~[tomcat-embed-core-10.1.46.jar:10.1.46]
	at org.apache.catalina.connector.CoyoteAdapter.service(CoyoteAdapter.java:344) ~[tomcat-embed-core-10.1.46.jar:10.1.46]
	at org.apache.coyote.http11.Http11Processor.service(Http11Processor.java:398) ~[tomcat-embed-core-10.1.46.jar:10.1.46]
	at org.apache.coyote.AbstractProcessorLight.process(AbstractProcessorLight.java:63) ~[tomcat-embed-core-10.1.46.jar:10.1.46]
	at org.apache.coyote.AbstractProtocol$ConnectionHandler.process(AbstractProtocol.java:903) ~[tomcat-embed-core-10.1.46.jar:10.1.46]
	at org.apache.tomcat.util.net.NioEndpoint$SocketProcessor.doRun(NioEndpoint.java:1776) ~[tomcat-embed-core-10.1.46.jar:10.1.46]
	at org.apache.tomcat.util.net.SocketProcessorBase.run(SocketProcessorBase.java:52) ~[tomcat-embed-core-10.1.46.jar:10.1.46]
	at org.apache.tomcat.util.threads.ThreadPoolExecutor.runWorker(ThreadPoolExecutor.java:975) ~[tomcat-embed-core-10.1.46.jar:10.1.46]
	at org.apache.tomcat.util.threads.ThreadPoolExecutor$Worker.run(ThreadPoolExecutor.java:493) ~[tomcat-embed-core-10.1.46.jar:10.1.46]
	at org.apache.tomcat.util.threads.TaskThread$WrappingRunnable.run(TaskThread.java:63) ~[tomcat-embed-core-10.1.46.jar:10.1.46]
	at java.base/java.lang.Thread.run(Thread.java:1447) ~[na:na]

2025-10-26T10:39:34.951+05:30 DEBUG 5621 --- [SneakoAplication] [http-nio-8085-exec-7] org.hibernate.SQL                        : select o1_0.order_id,o1_0.created_at,o1_0.order_date,o1_0.order_status,o1_0.shipping_address,o1_0.total_price,o1_0.updated_at,o1_0.user_id,o1_0.version from order_tbl o1_0 where o1_0.order_id=?
2025-10-26T10:39:34.957+05:30 DEBUG 5621 --- [SneakoAplication] [http-nio-8085-exec-7] org.hibernate.SQL                        : insert into order_item (created_at,order_id,product_id,quantity,size,total_price,unit_price,updated_at,version) values (?,?,?,?,?,?,?,?,?)
2025-10-26T10:41:20.063+05:30 DEBUG 5621 --- [SneakoAplication] [http-nio-8085-exec-9] org.hibernate.SQL                        : select o1_0.order_id,o1_0.created_at,o1_0.order_date,o1_0.order_status,o1_0.shipping_address,o1_0.total_price,o1_0.updated_at,o1_0.user_id,o1_0.version from order_tbl o1_0 where o1_0.order_id=?
2025-10-26T10:44:36.085+05:30  INFO 5621 --- [SneakoAplication] [SpringApplicationShutdownHook] o.s.b.w.e.tomcat.GracefulShutdown        : Commencing graceful shutdown. Waiting for active requests to complete
2025-10-26T10:44:36.089+05:30  INFO 5621 --- [SneakoAplication] [tomcat-shutdown] o.s.b.w.e.tomcat.GracefulShutdown        : Graceful shutdown complete
2025-10-26T10:44:36.089+05:30  INFO 5621 --- [SneakoAplication] [SpringApplicationShutdownHook] o.s.b.w.e.tomcat.GracefulShutdown        : Commencing graceful shutdown. Waiting for active requests to complete
2025-10-26T10:44:36.090+05:30  INFO 5621 --- [SneakoAplication] [tomcat-shutdown] o.s.b.w.e.tomcat.GracefulShutdown        : Graceful shutdown complete
2025-10-26T10:44:36.096+05:30  INFO 5621 --- [SneakoAplication] [SpringApplicationShutdownHook] j.LocalContainerEntityManagerFactoryBean : Closing JPA EntityManagerFactory for persistence unit 'default'
2025-10-26T10:44:36.097+05:30  INFO 5621 --- [SneakoAplication] [SpringApplicationShutdownHook] com.zaxxer.hikari.HikariDataSource       : HikariPool-1 - Shutdown initiated...
2025-10-26T10:44:36.098+05:30  INFO 5621 --- [SneakoAplication] [SpringApplicationShutdownHook] com.zaxxer.hikari.HikariDataSource       : HikariPool-1 - Shutdown completed.
2025-10-26T10:44:37.584+05:30  INFO 5712 --- [SneakoAplication] [main] o.g.a.SneakoAplication.SneakoAplication  : Starting SneakoAplication using Java 24.0.2 with PID 5712 (/Users/saurabhsanjaydeshmukh/Sneako/SneakoBackend/target/classes started by saurabhsanjaydeshmukh in /Users/saurabhsanjaydeshmukh/Sneako/SneakoBackend)
2025-10-26T10:44:37.584+05:30  INFO 5712 --- [SneakoAplication] [main] o.g.a.SneakoAplication.SneakoAplication  : The following 1 profile is active: "dev"
2025-10-26T10:44:37.983+05:30  INFO 5712 --- [SneakoAplication] [main] .s.d.r.c.RepositoryConfigurationDelegate : Bootstrapping Spring Data JPA repositories in DEFAULT mode.
2025-10-26T10:44:38.010+05:30  INFO 5712 --- [SneakoAplication] [main] .s.d.r.c.RepositoryConfigurationDelegate : Finished Spring Data repository scanning in 24 ms. Found 8 JPA repository interfaces.
2025-10-26T10:44:38.220+05:30  INFO 5712 --- [SneakoAplication] [main] o.s.b.w.embedded.tomcat.TomcatWebServer  : Tomcat initialized with port 8085 (http)
2025-10-26T10:44:38.225+05:30  INFO 5712 --- [SneakoAplication] [main] o.apache.catalina.core.StandardService   : Starting service [Tomcat]
2025-10-26T10:44:38.226+05:30  INFO 5712 --- [SneakoAplication] [main] o.apache.catalina.core.StandardEngine    : Starting Servlet engine: [Apache Tomcat/10.1.46]
2025-10-26T10:44:38.249+05:30  INFO 5712 --- [SneakoAplication] [main] o.a.c.c.C.[Tomcat].[localhost].[/]       : Initializing Spring embedded WebApplicationContext
2025-10-26T10:44:38.249+05:30  INFO 5712 --- [SneakoAplication] [main] w.s.c.ServletWebServerApplicationContext : Root WebApplicationContext: initialization completed in 648 ms
2025-10-26T10:44:38.319+05:30  INFO 5712 --- [SneakoAplication] [main] com.zaxxer.hikari.HikariDataSource       : HikariPool-1 - Starting...
2025-10-26T10:44:38.387+05:30  INFO 5712 --- [SneakoAplication] [main] com.zaxxer.hikari.pool.HikariPool        : HikariPool-1 - Added connection com.mysql.cj.jdbc.ConnectionImpl@655203e3
2025-10-26T10:44:38.388+05:30  INFO 5712 --- [SneakoAplication] [main] com.zaxxer.hikari.HikariDataSource       : HikariPool-1 - Start completed.
2025-10-26T10:44:38.402+05:30  INFO 5712 --- [SneakoAplication] [main] o.hibernate.jpa.internal.util.LogHelper  : HHH000204: Processing PersistenceUnitInfo [name: default]
2025-10-26T10:44:38.418+05:30  INFO 5712 --- [SneakoAplication] [main] org.hibernate.Version                    : HHH000412: Hibernate ORM core version 6.6.29.Final
2025-10-26T10:44:38.429+05:30  INFO 5712 --- [SneakoAplication] [main] o.h.c.internal.RegionFactoryInitiator    : HHH000026: Second-level cache disabled
2025-10-26T10:44:38.530+05:30  INFO 5712 --- [SneakoAplication] [main] o.s.o.j.p.SpringPersistenceUnitInfo      : No LoadTimeWeaver setup: ignoring JPA class transformer
2025-10-26T10:44:38.556+05:30  WARN 5712 --- [SneakoAplication] [main] org.hibernate.orm.deprecation            : HHH90000025: MySQLDialect does not need to be specified explicitly using 'hibernate.dialect' (remove the property setting and it will be selected by default)
2025-10-26T10:44:38.560+05:30  INFO 5712 --- [SneakoAplication] [main] org.hibernate.orm.connections.pooling    : HHH10001005: Database info:
	Database JDBC URL [Connecting through datasource 'HikariDataSource (HikariPool-1)']
	Database driver: undefined/unknown
	Database version: 9.5
	Autocommit mode: undefined/unknown
	Isolation level: undefined/unknown
	Minimum pool size: undefined/unknown
	Maximum pool size: undefined/unknown
2025-10-26T10:44:38.909+05:30  INFO 5712 --- [SneakoAplication] [main] o.h.e.t.j.p.i.JtaPlatformInitiator       : HHH000489: No JTA platform available (set 'hibernate.transaction.jta.platform' to enable JTA platform integration)
2025-10-26T10:44:38.952+05:30  INFO 5712 --- [SneakoAplication] [main] j.LocalContainerEntityManagerFactoryBean : Initialized JPA EntityManagerFactory for persistence unit 'default'
2025-10-26T10:44:39.178+05:30  WARN 5712 --- [SneakoAplication] [main] JpaBaseConfiguration$JpaWebConfiguration : spring.jpa.open-in-view is enabled by default. Therefore, database queries may be performed during view rendering. Explicitly configure spring.jpa.open-in-view to disable this warning
2025-10-26T10:44:39.187+05:30  INFO 5712 --- [SneakoAplication] [main] eAuthenticationProviderManagerConfigurer : Global AuthenticationManager configured with AuthenticationProvider bean with name daoAuthenticationProvider
2025-10-26T10:44:39.187+05:30  WARN 5712 --- [SneakoAplication] [main] r$InitializeUserDetailsManagerConfigurer : Global AuthenticationManager configured with an AuthenticationProvider bean. UserDetailsService beans will not be used by Spring Security for automatically configuring username/password login. Consider removing the AuthenticationProvider bean. Alternatively, consider using the UserDetailsService in a manually instantiated DaoAuthenticationProvider. If the current configuration is intentional, to turn off this warning, increase the logging level of 'org.springframework.security.config.annotation.authentication.configuration.InitializeUserDetailsBeanManagerConfigurer' to ERROR
2025-10-26T10:44:39.441+05:30  INFO 5712 --- [SneakoAplication] [main] o.s.b.a.h2.H2ConsoleAutoConfiguration    : H2 console available at '/h2-console'. Database available at 'jdbc:mysql://localhost:3306/sneako?allowPublicKeyRetrieval=true&createDatabaseIfNotExist=true&useSSL=false'
2025-10-26T10:44:39.480+05:30  INFO 5712 --- [SneakoAplication] [main] o.s.b.w.embedded.tomcat.TomcatWebServer  : Tomcat started on port 8085 (http) with context path '/'
2025-10-26T10:44:39.506+05:30  INFO 5712 --- [SneakoAplication] [main] o.s.b.w.embedded.tomcat.TomcatWebServer  : Tomcat initialized with port 8086 (http)
2025-10-26T10:44:39.506+05:30  INFO 5712 --- [SneakoAplication] [main] o.apache.catalina.core.StandardService   : Starting service [Tomcat]
2025-10-26T10:44:39.507+05:30  INFO 5712 --- [SneakoAplication] [main] o.apache.catalina.core.StandardEngine    : Starting Servlet engine: [Apache Tomcat/10.1.46]
2025-10-26T10:44:39.512+05:30  INFO 5712 --- [SneakoAplication] [main] o.a.c.c.C.[Tomcat-1].[localhost].[/]     : Initializing Spring embedded WebApplicationContext
2025-10-26T10:44:39.512+05:30  INFO 5712 --- [SneakoAplication] [main] w.s.c.ServletWebServerApplicationContext : Root WebApplicationContext: initialization completed in 30 ms
2025-10-26T10:44:39.517+05:30  INFO 5712 --- [SneakoAplication] [main] o.s.b.a.e.web.EndpointLinksResolver      : Exposing 14 endpoints beneath base path '/actuator'
2025-10-26T10:44:39.536+05:30  INFO 5712 --- [SneakoAplication] [main] o.s.b.w.embedded.tomcat.TomcatWebServer  : Tomcat started on port 8086 (http) with context path '/'
2025-10-26T10:44:39.547+05:30  INFO 5712 --- [SneakoAplication] [main] o.g.a.SneakoAplication.SneakoAplication  : Started SneakoAplication in 2.155 seconds (process running for 2.297)
2025-10-26T10:44:39.625+05:30 DEBUG 5712 --- [SneakoAplication] [main] org.hibernate.SQL                        : select r1_0.role_id,r1_0.created_at,r1_0.name,r1_0.updated_at,r1_0.version from roles r1_0 where r1_0.name=?
2025-10-26T10:44:39.637+05:30 DEBUG 5712 --- [SneakoAplication] [main] org.hibernate.SQL                        : select r1_0.role_id,r1_0.created_at,r1_0.name,r1_0.updated_at,r1_0.version from roles r1_0 where r1_0.name=?
2025-10-26T10:44:39.638+05:30 DEBUG 5712 --- [SneakoAplication] [main] org.hibernate.SQL                        : select u1_0.userid,u1_0.address,u1_0.created_at,u1_0.email,u1_0.password,u1_0.phone_number,u1_0.updated_at,u1_0.user_name,u1_0.version from users u1_0 where u1_0.user_name=?
2025-10-26T10:44:39.640+05:30 DEBUG 5712 --- [SneakoAplication] [main] org.hibernate.SQL                        : select r1_0.user_id,r1_1.role_id,r1_1.created_at,r1_1.name,r1_1.updated_at,r1_1.version from user_roles r1_0 join roles r1_1 on r1_1.role_id=r1_0.role_id where r1_0.user_id=?
2025-10-26T10:44:45.376+05:30  INFO 5712 --- [SneakoAplication] [http-nio-8085-exec-1] o.a.c.c.C.[Tomcat].[localhost].[/]       : Initializing Spring DispatcherServlet 'dispatcherServlet'
2025-10-26T10:44:45.377+05:30  INFO 5712 --- [SneakoAplication] [http-nio-8085-exec-1] o.s.web.servlet.DispatcherServlet        : Initializing Servlet 'dispatcherServlet'
2025-10-26T10:44:45.378+05:30  INFO 5712 --- [SneakoAplication] [http-nio-8085-exec-1] o.s.web.servlet.DispatcherServlet        : Completed initialization in 1 ms
2025-10-26T10:44:45.408+05:30 DEBUG 5712 --- [SneakoAplication] [http-nio-8085-exec-1] org.hibernate.SQL                        : select o1_0.order_id,o1_0.created_at,o1_0.order_date,o1_0.order_status,o1_0.shipping_address,o1_0.total_price,o1_0.updated_at,o1_0.user_id,o1_0.version from order_tbl o1_0 where o1_0.order_id=?
2025-10-26T10:44:45.410+05:30 DEBUG 5712 --- [SneakoAplication] [http-nio-8085-exec-1] org.hibernate.SQL                        : select oi1_0.order_id,oi1_0.order_item_id,oi1_0.created_at,oi1_0.product_id,oi1_0.quantity,oi1_0.size,oi1_0.total_price,oi1_0.unit_price,oi1_0.updated_at,oi1_0.version from order_item oi1_0 where oi1_0.order_id=?
2025-10-26T10:57:32.282+05:30  INFO 5712 --- [SneakoAplication] [SpringApplicationShutdownHook] o.s.b.w.e.tomcat.GracefulShutdown        : Commencing graceful shutdown. Waiting for active requests to complete
2025-10-26T10:57:32.286+05:30  INFO 5712 --- [SneakoAplication] [tomcat-shutdown] o.s.b.w.e.tomcat.GracefulShutdown        : Graceful shutdown complete
2025-10-26T10:57:32.286+05:30  INFO 5712 --- [SneakoAplication] [SpringApplicationShutdownHook] o.s.b.w.e.tomcat.GracefulShutdown        : Commencing graceful shutdown. Waiting for active requests to complete
2025-10-26T10:57:32.287+05:30  INFO 5712 --- [SneakoAplication] [tomcat-shutdown] o.s.b.w.e.tomcat.GracefulShutdown        : Graceful shutdown complete
2025-10-26T10:57:32.293+05:30  INFO 5712 --- [SneakoAplication] [SpringApplicationShutdownHook] j.LocalContainerEntityManagerFactoryBean : Closing JPA EntityManagerFactory for persistence unit 'default'
2025-10-26T10:57:32.294+05:30  INFO 5712 --- [SneakoAplication] [SpringApplicationShutdownHook] com.zaxxer.hikari.HikariDataSource       : HikariPool-1 - Shutdown initiated...
2025-10-26T10:57:32.296+05:30  INFO 5712 --- [SneakoAplication] [SpringApplicationShutdownHook] com.zaxxer.hikari.HikariDataSource       : HikariPool-1 - Shutdown completed.
2025-10-26T10:57:33.706+05:30  INFO 5754 --- [SneakoAplication] [main] o.g.a.SneakoAplication.SneakoAplication  : Starting SneakoAplication using Java 24.0.2 with PID 5754 (/Users/saurabhsanjaydeshmukh/Sneako/SneakoBackend/target/classes started by saurabhsanjaydeshmukh in /Users/saurabhsanjaydeshmukh/Sneako/SneakoBackend)
2025-10-26T10:57:33.707+05:30  INFO 5754 --- [SneakoAplication] [main] o.g.a.SneakoAplication.SneakoAplication  : The following 1 profile is active: "dev"
2025-10-26T10:57:34.122+05:30  INFO 5754 --- [SneakoAplication] [main] .s.d.r.c.RepositoryConfigurationDelegate : Bootstrapping Spring Data JPA repositories in DEFAULT mode.
2025-10-26T10:57:34.150+05:30  INFO 5754 --- [SneakoAplication] [main] .s.d.r.c.RepositoryConfigurationDelegate : Finished Spring Data repository scanning in 25 ms. Found 8 JPA repository interfaces.
2025-10-26T10:57:34.362+05:30  INFO 5754 --- [SneakoAplication] [main] o.s.b.w.embedded.tomcat.TomcatWebServer  : Tomcat initialized with port 8085 (http)
2025-10-26T10:57:34.368+05:30  INFO 5754 --- [SneakoAplication] [main] o.apache.catalina.core.StandardService   : Starting service [Tomcat]
2025-10-26T10:57:34.369+05:30  INFO 5754 --- [SneakoAplication] [main] o.apache.catalina.core.StandardEngine    : Starting Servlet engine: [Apache Tomcat/10.1.46]
2025-10-26T10:57:34.390+05:30  INFO 5754 --- [SneakoAplication] [main] o.a.c.c.C.[Tomcat].[localhost].[/]       : Initializing Spring embedded WebApplicationContext
2025-10-26T10:57:34.390+05:30  INFO 5754 --- [SneakoAplication] [main] w.s.c.ServletWebServerApplicationContext : Root WebApplicationContext: initialization completed in 661 ms
2025-10-26T10:57:34.457+05:30  INFO 5754 --- [SneakoAplication] [main] com.zaxxer.hikari.HikariDataSource       : HikariPool-1 - Starting...
2025-10-26T10:57:34.526+05:30  INFO 5754 --- [SneakoAplication] [main] com.zaxxer.hikari.pool.HikariPool        : HikariPool-1 - Added connection com.mysql.cj.jdbc.ConnectionImpl@4c56644f
2025-10-26T10:57:34.527+05:30  INFO 5754 --- [SneakoAplication] [main] com.zaxxer.hikari.HikariDataSource       : HikariPool-1 - Start completed.
2025-10-26T10:57:34.541+05:30  INFO 5754 --- [SneakoAplication] [main] o.hibernate.jpa.internal.util.LogHelper  : HHH000204: Processing PersistenceUnitInfo [name: default]
2025-10-26T10:57:34.556+05:30  INFO 5754 --- [SneakoAplication] [main] org.hibernate.Version                    : HHH000412: Hibernate ORM core version 6.6.29.Final
2025-10-26T10:57:34.566+05:30  INFO 5754 --- [SneakoAplication] [main] o.h.c.internal.RegionFactoryInitiator    : HHH000026: Second-level cache disabled
2025-10-26T10:57:34.662+05:30  INFO 5754 --- [SneakoAplication] [main] o.s.o.j.p.SpringPersistenceUnitInfo      : No LoadTimeWeaver setup: ignoring JPA class transformer
2025-10-26T10:57:34.689+05:30  WARN 5754 --- [SneakoAplication] [main] org.hibernate.orm.deprecation            : HHH90000025: MySQLDialect does not need to be specified explicitly using 'hibernate.dialect' (remove the property setting and it will be selected by default)
2025-10-26T10:57:34.692+05:30  INFO 5754 --- [SneakoAplication] [main] org.hibernate.orm.connections.pooling    : HHH10001005: Database info:
	Database JDBC URL [Connecting through datasource 'HikariDataSource (HikariPool-1)']
	Database driver: undefined/unknown
	Database version: 9.5
	Autocommit mode: undefined/unknown
	Isolation level: undefined/unknown
	Minimum pool size: undefined/unknown
	Maximum pool size: undefined/unknown
2025-10-26T10:57:35.037+05:30  INFO 5754 --- [SneakoAplication] [main] o.h.e.t.j.p.i.JtaPlatformInitiator       : HHH000489: No JTA platform available (set 'hibernate.transaction.jta.platform' to enable JTA platform integration)
2025-10-26T10:57:35.076+05:30  INFO 5754 --- [SneakoAplication] [main] j.LocalContainerEntityManagerFactoryBean : Initialized JPA EntityManagerFactory for persistence unit 'default'
2025-10-26T10:57:35.301+05:30  WARN 5754 --- [SneakoAplication] [main] JpaBaseConfiguration$JpaWebConfiguration : spring.jpa.open-in-view is enabled by default. Therefore, database queries may be performed during view rendering. Explicitly configure spring.jpa.open-in-view to disable this warning
2025-10-26T10:57:35.310+05:30  INFO 5754 --- [SneakoAplication] [main] eAuthenticationProviderManagerConfigurer : Global AuthenticationManager configured with AuthenticationProvider bean with name daoAuthenticationProvider
2025-10-26T10:57:35.310+05:30  WARN 5754 --- [SneakoAplication] [main] r$InitializeUserDetailsManagerConfigurer : Global AuthenticationManager configured with an AuthenticationProvider bean. UserDetailsService beans will not be used by Spring Security for automatically configuring username/password login. Consider removing the AuthenticationProvider bean. Alternatively, consider using the UserDetailsService in a manually instantiated DaoAuthenticationProvider. If the current configuration is intentional, to turn off this warning, increase the logging level of 'org.springframework.security.config.annotation.authentication.configuration.InitializeUserDetailsBeanManagerConfigurer' to ERROR
2025-10-26T10:57:35.554+05:30  INFO 5754 --- [SneakoAplication] [main] o.s.b.a.h2.H2ConsoleAutoConfiguration    : H2 console available at '/h2-console'. Database available at 'jdbc:mysql://localhost:3306/sneako?allowPublicKeyRetrieval=true&createDatabaseIfNotExist=true&useSSL=false'
2025-10-26T10:57:35.593+05:30  INFO 5754 --- [SneakoAplication] [main] o.s.b.w.embedded.tomcat.TomcatWebServer  : Tomcat started on port 8085 (http) with context path '/'
2025-10-26T10:57:35.618+05:30  INFO 5754 --- [SneakoAplication] [main] o.s.b.w.embedded.tomcat.TomcatWebServer  : Tomcat initialized with port 8086 (http)
2025-10-26T10:57:35.618+05:30  INFO 5754 --- [SneakoAplication] [main] o.apache.catalina.core.StandardService   : Starting service [Tomcat]
2025-10-26T10:57:35.618+05:30  INFO 5754 --- [SneakoAplication] [main] o.apache.catalina.core.StandardEngine    : Starting Servlet engine: [Apache Tomcat/10.1.46]
2025-10-26T10:57:35.623+05:30  INFO 5754 --- [SneakoAplication] [main] o.a.c.c.C.[Tomcat-1].[localhost].[/]     : Initializing Spring embedded WebApplicationContext
2025-10-26T10:57:35.624+05:30  INFO 5754 --- [SneakoAplication] [main] w.s.c.ServletWebServerApplicationContext : Root WebApplicationContext: initialization completed in 30 ms
2025-10-26T10:57:35.628+05:30  INFO 5754 --- [SneakoAplication] [main] o.s.b.a.e.web.EndpointLinksResolver      : Exposing 14 endpoints beneath base path '/actuator'
2025-10-26T10:57:35.644+05:30  INFO 5754 --- [SneakoAplication] [main] o.s.b.w.embedded.tomcat.TomcatWebServer  : Tomcat started on port 8086 (http) with context path '/'
2025-10-26T10:57:35.652+05:30  INFO 5754 --- [SneakoAplication] [main] o.g.a.SneakoAplication.SneakoAplication  : Started SneakoAplication in 2.18 seconds (process running for 2.333)
2025-10-26T10:57:35.726+05:30 DEBUG 5754 --- [SneakoAplication] [main] org.hibernate.SQL                        : select r1_0.role_id,r1_0.created_at,r1_0.name,r1_0.updated_at,r1_0.version from roles r1_0 where r1_0.name=?
2025-10-26T10:57:35.737+05:30 DEBUG 5754 --- [SneakoAplication] [main] org.hibernate.SQL                        : select r1_0.role_id,r1_0.created_at,r1_0.name,r1_0.updated_at,r1_0.version from roles r1_0 where r1_0.name=?
2025-10-26T10:57:35.739+05:30 DEBUG 5754 --- [SneakoAplication] [main] org.hibernate.SQL                        : select u1_0.userid,u1_0.address,u1_0.created_at,u1_0.email,u1_0.password,u1_0.phone_number,u1_0.updated_at,u1_0.user_name,u1_0.version from users u1_0 where u1_0.user_name=?
2025-10-26T10:57:35.740+05:30 DEBUG 5754 --- [SneakoAplication] [main] org.hibernate.SQL                        : select r1_0.user_id,r1_1.role_id,r1_1.created_at,r1_1.name,r1_1.updated_at,r1_1.version from user_roles r1_0 join roles r1_1 on r1_1.role_id=r1_0.role_id where r1_0.user_id=?
2025-10-26T10:57:39.543+05:30  INFO 5754 --- [SneakoAplication] [http-nio-8085-exec-1] o.a.c.c.C.[Tomcat].[localhost].[/]       : Initializing Spring DispatcherServlet 'dispatcherServlet'
2025-10-26T10:57:39.543+05:30  INFO 5754 --- [SneakoAplication] [http-nio-8085-exec-1] o.s.web.servlet.DispatcherServlet        : Initializing Servlet 'dispatcherServlet'
2025-10-26T10:57:39.544+05:30  INFO 5754 --- [SneakoAplication] [http-nio-8085-exec-1] o.s.web.servlet.DispatcherServlet        : Completed initialization in 1 ms
2025-10-26T10:57:39.575+05:30 DEBUG 5754 --- [SneakoAplication] [http-nio-8085-exec-1] org.hibernate.SQL                        : select o1_0.order_id,o1_0.created_at,o1_0.order_date,o1_0.order_status,o1_0.shipping_address,o1_0.total_price,o1_0.updated_at,o1_0.user_id,o1_0.version from order_tbl o1_0 where o1_0.order_id=?
2025-10-26T10:57:39.577+05:30 DEBUG 5754 --- [SneakoAplication] [http-nio-8085-exec-1] org.hibernate.SQL                        : select oi1_0.order_id,oi1_0.order_item_id,oi1_0.created_at,oi1_0.product_id,oi1_0.quantity,oi1_0.size,oi1_0.total_price,oi1_0.unit_price,oi1_0.updated_at,oi1_0.version from order_item oi1_0 where oi1_0.order_id=?
2025-10-26T10:58:41.509+05:30  INFO 5754 --- [SneakoAplication] [http-nio-8085-exec-1] o.springdoc.api.AbstractOpenApiResource  : Init duration for springdoc-openapi is: 188 ms
2025-10-26T10:58:50.402+05:30 DEBUG 5754 --- [SneakoAplication] [http-nio-8085-exec-2] org.hibernate.SQL                        : select o1_0.order_id,o1_0.created_at,o1_0.order_date,o1_0.order_status,o1_0.shipping_address,o1_0.total_price,o1_0.updated_at,o1_0.user_id,o1_0.version from order_tbl o1_0 where o1_0.order_id=?
2025-10-26T10:58:50.405+05:30 DEBUG 5754 --- [SneakoAplication] [http-nio-8085-exec-2] org.hibernate.SQL                        : select oi1_0.order_id,oi1_0.order_item_id,oi1_0.created_at,oi1_0.product_id,oi1_0.quantity,oi1_0.size,oi1_0.total_price,oi1_0.unit_price,oi1_0.updated_at,oi1_0.version from order_item oi1_0 where oi1_0.order_id=?
2025-10-26T11:00:22.934+05:30  INFO 5754 --- [SneakoAplication] [SpringApplicationShutdownHook] o.s.b.w.e.tomcat.GracefulShutdown        : Commencing graceful shutdown. Waiting for active requests to complete
2025-10-26T11:00:22.939+05:30  INFO 5754 --- [SneakoAplication] [tomcat-shutdown] o.s.b.w.e.tomcat.GracefulShutdown        : Graceful shutdown complete
2025-10-26T11:00:22.939+05:30  INFO 5754 --- [SneakoAplication] [SpringApplicationShutdownHook] o.s.b.w.e.tomcat.GracefulShutdown        : Commencing graceful shutdown. Waiting for active requests to complete
2025-10-26T11:00:22.940+05:30  INFO 5754 --- [SneakoAplication] [tomcat-shutdown] o.s.b.w.e.tomcat.GracefulShutdown        : Graceful shutdown complete
2025-10-26T11:00:22.948+05:30  INFO 5754 --- [SneakoAplication] [SpringApplicationShutdownHook] j.LocalContainerEntityManagerFactoryBean : Closing JPA EntityManagerFactory for persistence unit 'default'
2025-10-26T11:00:22.949+05:30  INFO 5754 --- [SneakoAplication] [SpringApplicationShutdownHook] com.zaxxer.hikari.HikariDataSource       : HikariPool-1 - Shutdown initiated...
2025-10-26T11:00:22.951+05:30  INFO 5754 --- [SneakoAplication] [SpringApplicationShutdownHook] com.zaxxer.hikari.HikariDataSource       : HikariPool-1 - Shutdown completed.
2025-10-26T11:00:24.490+05:30  INFO 5827 --- [SneakoAplication] [main] o.g.a.SneakoAplication.SneakoAplication  : Starting SneakoAplication using Java 24.0.2 with PID 5827 (/Users/saurabhsanjaydeshmukh/Sneako/SneakoBackend/target/classes started by saurabhsanjaydeshmukh in /Users/saurabhsanjaydeshmukh/Sneako/SneakoBackend)
2025-10-26T11:00:24.491+05:30  INFO 5827 --- [SneakoAplication] [main] o.g.a.SneakoAplication.SneakoAplication  : The following 1 profile is active: "dev"
2025-10-26T11:00:24.883+05:30  INFO 5827 --- [SneakoAplication] [main] .s.d.r.c.RepositoryConfigurationDelegate : Bootstrapping Spring Data JPA repositories in DEFAULT mode.
2025-10-26T11:00:24.908+05:30  INFO 5827 --- [SneakoAplication] [main] .s.d.r.c.RepositoryConfigurationDelegate : Finished Spring Data repository scanning in 22 ms. Found 8 JPA repository interfaces.
2025-10-26T11:00:25.105+05:30  INFO 5827 --- [SneakoAplication] [main] o.s.b.w.embedded.tomcat.TomcatWebServer  : Tomcat initialized with port 8085 (http)
2025-10-26T11:00:25.112+05:30  INFO 5827 --- [SneakoAplication] [main] o.apache.catalina.core.StandardService   : Starting service [Tomcat]
2025-10-26T11:00:25.112+05:30  INFO 5827 --- [SneakoAplication] [main] o.apache.catalina.core.StandardEngine    : Starting Servlet engine: [Apache Tomcat/10.1.46]
2025-10-26T11:00:25.132+05:30  INFO 5827 --- [SneakoAplication] [main] o.a.c.c.C.[Tomcat].[localhost].[/]       : Initializing Spring embedded WebApplicationContext
2025-10-26T11:00:25.132+05:30  INFO 5827 --- [SneakoAplication] [main] w.s.c.ServletWebServerApplicationContext : Root WebApplicationContext: initialization completed in 624 ms
2025-10-26T11:00:25.199+05:30  INFO 5827 --- [SneakoAplication] [main] com.zaxxer.hikari.HikariDataSource       : HikariPool-1 - Starting...
2025-10-26T11:00:25.262+05:30  INFO 5827 --- [SneakoAplication] [main] com.zaxxer.hikari.pool.HikariPool        : HikariPool-1 - Added connection com.mysql.cj.jdbc.ConnectionImpl@38089dae
2025-10-26T11:00:25.263+05:30  INFO 5827 --- [SneakoAplication] [main] com.zaxxer.hikari.HikariDataSource       : HikariPool-1 - Start completed.
2025-10-26T11:00:25.276+05:30  INFO 5827 --- [SneakoAplication] [main] o.hibernate.jpa.internal.util.LogHelper  : HHH000204: Processing PersistenceUnitInfo [name: default]
2025-10-26T11:00:25.292+05:30  INFO 5827 --- [SneakoAplication] [main] org.hibernate.Version                    : HHH000412: Hibernate ORM core version 6.6.29.Final
2025-10-26T11:00:25.301+05:30  INFO 5827 --- [SneakoAplication] [main] o.h.c.internal.RegionFactoryInitiator    : HHH000026: Second-level cache disabled
2025-10-26T11:00:25.398+05:30  INFO 5827 --- [SneakoAplication] [main] o.s.o.j.p.SpringPersistenceUnitInfo      : No LoadTimeWeaver setup: ignoring JPA class transformer
2025-10-26T11:00:25.428+05:30  WARN 5827 --- [SneakoAplication] [main] org.hibernate.orm.deprecation            : HHH90000025: MySQLDialect does not need to be specified explicitly using 'hibernate.dialect' (remove the property setting and it will be selected by default)
2025-10-26T11:00:25.431+05:30  INFO 5827 --- [SneakoAplication] [main] org.hibernate.orm.connections.pooling    : HHH10001005: Database info:
	Database JDBC URL [Connecting through datasource 'HikariDataSource (HikariPool-1)']
	Database driver: undefined/unknown
	Database version: 9.5
	Autocommit mode: undefined/unknown
	Isolation level: undefined/unknown
	Minimum pool size: undefined/unknown
	Maximum pool size: undefined/unknown
2025-10-26T11:00:25.780+05:30  INFO 5827 --- [SneakoAplication] [main] o.h.e.t.j.p.i.JtaPlatformInitiator       : HHH000489: No JTA platform available (set 'hibernate.transaction.jta.platform' to enable JTA platform integration)
2025-10-26T11:00:25.828+05:30  INFO 5827 --- [SneakoAplication] [main] j.LocalContainerEntityManagerFactoryBean : Initialized JPA EntityManagerFactory for persistence unit 'default'
2025-10-26T11:00:26.042+05:30  WARN 5827 --- [SneakoAplication] [main] JpaBaseConfiguration$JpaWebConfiguration : spring.jpa.open-in-view is enabled by default. Therefore, database queries may be performed during view rendering. Explicitly configure spring.jpa.open-in-view to disable this warning
2025-10-26T11:00:26.052+05:30  INFO 5827 --- [SneakoAplication] [main] eAuthenticationProviderManagerConfigurer : Global AuthenticationManager configured with AuthenticationProvider bean with name daoAuthenticationProvider
2025-10-26T11:00:26.053+05:30  WARN 5827 --- [SneakoAplication] [main] r$InitializeUserDetailsManagerConfigurer : Global AuthenticationManager configured with an AuthenticationProvider bean. UserDetailsService beans will not be used by Spring Security for automatically configuring username/password login. Consider removing the AuthenticationProvider bean. Alternatively, consider using the UserDetailsService in a manually instantiated DaoAuthenticationProvider. If the current configuration is intentional, to turn off this warning, increase the logging level of 'org.springframework.security.config.annotation.authentication.configuration.InitializeUserDetailsBeanManagerConfigurer' to ERROR
2025-10-26T11:00:26.292+05:30  INFO 5827 --- [SneakoAplication] [main] o.s.b.a.h2.H2ConsoleAutoConfiguration    : H2 console available at '/h2-console'. Database available at 'jdbc:mysql://localhost:3306/sneako?allowPublicKeyRetrieval=true&createDatabaseIfNotExist=true&useSSL=false'
2025-10-26T11:00:26.329+05:30  INFO 5827 --- [SneakoAplication] [main] o.s.b.w.embedded.tomcat.TomcatWebServer  : Tomcat started on port 8085 (http) with context path '/'
2025-10-26T11:00:26.350+05:30  INFO 5827 --- [SneakoAplication] [main] o.s.b.w.embedded.tomcat.TomcatWebServer  : Tomcat initialized with port 8086 (http)
2025-10-26T11:00:26.351+05:30  INFO 5827 --- [SneakoAplication] [main] o.apache.catalina.core.StandardService   : Starting service [Tomcat]
2025-10-26T11:00:26.351+05:30  INFO 5827 --- [SneakoAplication] [main] o.apache.catalina.core.StandardEngine    : Starting Servlet engine: [Apache Tomcat/10.1.46]
2025-10-26T11:00:26.356+05:30  INFO 5827 --- [SneakoAplication] [main] o.a.c.c.C.[Tomcat-1].[localhost].[/]     : Initializing Spring embedded WebApplicationContext
2025-10-26T11:00:26.356+05:30  INFO 5827 --- [SneakoAplication] [main] w.s.c.ServletWebServerApplicationContext : Root WebApplicationContext: initialization completed in 26 ms
2025-10-26T11:00:26.360+05:30  INFO 5827 --- [SneakoAplication] [main] o.s.b.a.e.web.EndpointLinksResolver      : Exposing 14 endpoints beneath base path '/actuator'
2025-10-26T11:00:26.378+05:30  INFO 5827 --- [SneakoAplication] [main] o.s.b.w.embedded.tomcat.TomcatWebServer  : Tomcat started on port 8086 (http) with context path '/'
2025-10-26T11:00:26.385+05:30  INFO 5827 --- [SneakoAplication] [main] o.g.a.SneakoAplication.SneakoAplication  : Started SneakoAplication in 2.086 seconds (process running for 2.223)
2025-10-26T11:00:26.462+05:30 DEBUG 5827 --- [SneakoAplication] [main] org.hibernate.SQL                        : select r1_0.role_id,r1_0.created_at,r1_0.name,r1_0.updated_at,r1_0.version from roles r1_0 where r1_0.name=?
2025-10-26T11:00:26.473+05:30 DEBUG 5827 --- [SneakoAplication] [main] org.hibernate.SQL                        : select r1_0.role_id,r1_0.created_at,r1_0.name,r1_0.updated_at,r1_0.version from roles r1_0 where r1_0.name=?
2025-10-26T11:00:26.475+05:30 DEBUG 5827 --- [SneakoAplication] [main] org.hibernate.SQL                        : select u1_0.userid,u1_0.address,u1_0.created_at,u1_0.email,u1_0.password,u1_0.phone_number,u1_0.updated_at,u1_0.user_name,u1_0.version from users u1_0 where u1_0.user_name=?
2025-10-26T11:00:26.476+05:30 DEBUG 5827 --- [SneakoAplication] [main] org.hibernate.SQL                        : select r1_0.user_id,r1_1.role_id,r1_1.created_at,r1_1.name,r1_1.updated_at,r1_1.version from user_roles r1_0 join roles r1_1 on r1_1.role_id=r1_0.role_id where r1_0.user_id=?
2025-10-26T11:00:30.345+05:30  INFO 5827 --- [SneakoAplication] [http-nio-8085-exec-1] o.a.c.c.C.[Tomcat].[localhost].[/]       : Initializing Spring DispatcherServlet 'dispatcherServlet'
2025-10-26T11:00:30.346+05:30  INFO 5827 --- [SneakoAplication] [http-nio-8085-exec-1] o.s.web.servlet.DispatcherServlet        : Initializing Servlet 'dispatcherServlet'
2025-10-26T11:00:30.347+05:30  INFO 5827 --- [SneakoAplication] [http-nio-8085-exec-1] o.s.web.servlet.DispatcherServlet        : Completed initialization in 1 ms
2025-10-26T11:00:30.376+05:30 DEBUG 5827 --- [SneakoAplication] [http-nio-8085-exec-1] org.hibernate.SQL                        : select o1_0.order_id,o1_0.created_at,o1_0.order_date,o1_0.order_status,o1_0.shipping_address,o1_0.total_price,o1_0.updated_at,o1_0.user_id,o1_0.version from order_tbl o1_0 where o1_0.order_id=?
2025-10-26T11:00:30.379+05:30 DEBUG 5827 --- [SneakoAplication] [http-nio-8085-exec-1] org.hibernate.SQL                        : select oi1_0.order_id,oi1_0.order_item_id,oi1_0.created_at,oi1_0.product_id,oi1_0.quantity,oi1_0.size,oi1_0.total_price,oi1_0.unit_price,oi1_0.updated_at,oi1_0.version from order_item oi1_0 where oi1_0.order_id=?
2025-10-26T11:00:37.019+05:30 DEBUG 5827 --- [SneakoAplication] [http-nio-8085-exec-2] org.hibernate.SQL                        : select o1_0.order_id,o1_0.created_at,o1_0.order_date,o1_0.order_status,o1_0.shipping_address,o1_0.total_price,o1_0.updated_at,o1_0.user_id,o1_0.version from order_tbl o1_0 where o1_0.order_id=?
2025-10-26T11:00:37.022+05:30 DEBUG 5827 --- [SneakoAplication] [http-nio-8085-exec-2] org.hibernate.SQL                        : select oi1_0.order_id,oi1_0.order_item_id,oi1_0.created_at,oi1_0.product_id,oi1_0.quantity,oi1_0.size,oi1_0.total_price,oi1_0.unit_price,oi1_0.updated_at,oi1_0.version from order_item oi1_0 where oi1_0.order_id=?
2025-10-26T11:01:32.174+05:30 DEBUG 5827 --- [SneakoAplication] [http-nio-8085-exec-3] org.hibernate.SQL                        : select oi1_0.order_item_id,oi1_0.created_at,oi1_0.order_id,oi1_0.product_id,oi1_0.quantity,oi1_0.size,oi1_0.total_price,oi1_0.unit_price,oi1_0.updated_at,oi1_0.version from order_item oi1_0 where oi1_0.order_item_id=?
2025-10-26T11:01:38.650+05:30 DEBUG 5827 --- [SneakoAplication] [http-nio-8085-exec-5] org.hibernate.SQL                        : select o1_0.order_id,o1_0.created_at,o1_0.order_date,o1_0.order_status,o1_0.shipping_address,o1_0.total_price,o1_0.updated_at,o1_0.user_id,o1_0.version from order_tbl o1_0 where o1_0.order_id=?
2025-10-26T11:01:38.653+05:30 DEBUG 5827 --- [SneakoAplication] [http-nio-8085-exec-5] org.hibernate.SQL                        : select oi1_0.order_id,oi1_0.order_item_id,oi1_0.created_at,oi1_0.product_id,oi1_0.quantity,oi1_0.size,oi1_0.total_price,oi1_0.unit_price,oi1_0.updated_at,oi1_0.version from order_item oi1_0 where oi1_0.order_id=?
2025-10-26T11:04:18.632+05:30  INFO 5827 --- [SneakoAplication] [SpringApplicationShutdownHook] o.s.b.w.e.tomcat.GracefulShutdown        : Commencing graceful shutdown. Waiting for active requests to complete
2025-10-26T11:04:18.637+05:30  INFO 5827 --- [SneakoAplication] [tomcat-shutdown] o.s.b.w.e.tomcat.GracefulShutdown        : Graceful shutdown complete
2025-10-26T11:04:18.637+05:30  INFO 5827 --- [SneakoAplication] [SpringApplicationShutdownHook] o.s.b.w.e.tomcat.GracefulShutdown        : Commencing graceful shutdown. Waiting for active requests to complete
2025-10-26T11:04:18.638+05:30  INFO 5827 --- [SneakoAplication] [tomcat-shutdown] o.s.b.w.e.tomcat.GracefulShutdown        : Graceful shutdown complete
2025-10-26T11:04:18.644+05:30  INFO 5827 --- [SneakoAplication] [SpringApplicationShutdownHook] j.LocalContainerEntityManagerFactoryBean : Closing JPA EntityManagerFactory for persistence unit 'default'
2025-10-26T11:04:18.645+05:30  INFO 5827 --- [SneakoAplication] [SpringApplicationShutdownHook] com.zaxxer.hikari.HikariDataSource       : HikariPool-1 - Shutdown initiated...
2025-10-26T11:04:18.648+05:30  INFO 5827 --- [SneakoAplication] [SpringApplicationShutdownHook] com.zaxxer.hikari.HikariDataSource       : HikariPool-1 - Shutdown completed.
2025-10-26T11:04:20.036+05:30  INFO 5849 --- [SneakoAplication] [main] o.g.a.SneakoAplication.SneakoAplication  : Starting SneakoAplication using Java 24.0.2 with PID 5849 (/Users/saurabhsanjaydeshmukh/Sneako/SneakoBackend/target/classes started by saurabhsanjaydeshmukh in /Users/saurabhsanjaydeshmukh/Sneako/SneakoBackend)
2025-10-26T11:04:20.037+05:30  INFO 5849 --- [SneakoAplication] [main] o.g.a.SneakoAplication.SneakoAplication  : The following 1 profile is active: "dev"
2025-10-26T11:04:20.450+05:30  INFO 5849 --- [SneakoAplication] [main] .s.d.r.c.RepositoryConfigurationDelegate : Bootstrapping Spring Data JPA repositories in DEFAULT mode.
2025-10-26T11:04:20.478+05:30  INFO 5849 --- [SneakoAplication] [main] .s.d.r.c.RepositoryConfigurationDelegate : Finished Spring Data repository scanning in 24 ms. Found 8 JPA repository interfaces.
2025-10-26T11:04:20.691+05:30  INFO 5849 --- [SneakoAplication] [main] o.s.b.w.embedded.tomcat.TomcatWebServer  : Tomcat initialized with port 8085 (http)
2025-10-26T11:04:20.697+05:30  INFO 5849 --- [SneakoAplication] [main] o.apache.catalina.core.StandardService   : Starting service [Tomcat]
2025-10-26T11:04:20.697+05:30  INFO 5849 --- [SneakoAplication] [main] o.apache.catalina.core.StandardEngine    : Starting Servlet engine: [Apache Tomcat/10.1.46]
2025-10-26T11:04:20.717+05:30  INFO 5849 --- [SneakoAplication] [main] o.a.c.c.C.[Tomcat].[localhost].[/]       : Initializing Spring embedded WebApplicationContext
2025-10-26T11:04:20.717+05:30  INFO 5849 --- [SneakoAplication] [main] w.s.c.ServletWebServerApplicationContext : Root WebApplicationContext: initialization completed in 661 ms
2025-10-26T11:04:20.784+05:30  INFO 5849 --- [SneakoAplication] [main] com.zaxxer.hikari.HikariDataSource       : HikariPool-1 - Starting...
2025-10-26T11:04:20.847+05:30  INFO 5849 --- [SneakoAplication] [main] com.zaxxer.hikari.pool.HikariPool        : HikariPool-1 - Added connection com.mysql.cj.jdbc.ConnectionImpl@36463b09
2025-10-26T11:04:20.848+05:30  INFO 5849 --- [SneakoAplication] [main] com.zaxxer.hikari.HikariDataSource       : HikariPool-1 - Start completed.
2025-10-26T11:04:20.861+05:30  INFO 5849 --- [SneakoAplication] [main] o.hibernate.jpa.internal.util.LogHelper  : HHH000204: Processing PersistenceUnitInfo [name: default]
2025-10-26T11:04:20.877+05:30  INFO 5849 --- [SneakoAplication] [main] org.hibernate.Version                    : HHH000412: Hibernate ORM core version 6.6.29.Final
2025-10-26T11:04:20.886+05:30  INFO 5849 --- [SneakoAplication] [main] o.h.c.internal.RegionFactoryInitiator    : HHH000026: Second-level cache disabled
2025-10-26T11:04:20.990+05:30  INFO 5849 --- [SneakoAplication] [main] o.s.o.j.p.SpringPersistenceUnitInfo      : No LoadTimeWeaver setup: ignoring JPA class transformer
2025-10-26T11:04:21.019+05:30  WARN 5849 --- [SneakoAplication] [main] org.hibernate.orm.deprecation            : HHH90000025: MySQLDialect does not need to be specified explicitly using 'hibernate.dialect' (remove the property setting and it will be selected by default)
2025-10-26T11:04:21.023+05:30  INFO 5849 --- [SneakoAplication] [main] org.hibernate.orm.connections.pooling    : HHH10001005: Database info:
	Database JDBC URL [Connecting through datasource 'HikariDataSource (HikariPool-1)']
	Database driver: undefined/unknown
	Database version: 9.5
	Autocommit mode: undefined/unknown
	Isolation level: undefined/unknown
	Minimum pool size: undefined/unknown
	Maximum pool size: undefined/unknown
2025-10-26T11:04:21.367+05:30  INFO 5849 --- [SneakoAplication] [main] o.h.e.t.j.p.i.JtaPlatformInitiator       : HHH000489: No JTA platform available (set 'hibernate.transaction.jta.platform' to enable JTA platform integration)
2025-10-26T11:04:21.403+05:30  INFO 5849 --- [SneakoAplication] [main] j.LocalContainerEntityManagerFactoryBean : Initialized JPA EntityManagerFactory for persistence unit 'default'
2025-10-26T11:04:21.633+05:30  WARN 5849 --- [SneakoAplication] [main] JpaBaseConfiguration$JpaWebConfiguration : spring.jpa.open-in-view is enabled by default. Therefore, database queries may be performed during view rendering. Explicitly configure spring.jpa.open-in-view to disable this warning
2025-10-26T11:04:21.643+05:30  INFO 5849 --- [SneakoAplication] [main] eAuthenticationProviderManagerConfigurer : Global AuthenticationManager configured with AuthenticationProvider bean with name daoAuthenticationProvider
2025-10-26T11:04:21.643+05:30  WARN 5849 --- [SneakoAplication] [main] r$InitializeUserDetailsManagerConfigurer : Global AuthenticationManager configured with an AuthenticationProvider bean. UserDetailsService beans will not be used by Spring Security for automatically configuring username/password login. Consider removing the AuthenticationProvider bean. Alternatively, consider using the UserDetailsService in a manually instantiated DaoAuthenticationProvider. If the current configuration is intentional, to turn off this warning, increase the logging level of 'org.springframework.security.config.annotation.authentication.configuration.InitializeUserDetailsBeanManagerConfigurer' to ERROR
2025-10-26T11:04:21.891+05:30  INFO 5849 --- [SneakoAplication] [main] o.s.b.a.h2.H2ConsoleAutoConfiguration    : H2 console available at '/h2-console'. Database available at 'jdbc:mysql://localhost:3306/sneako?allowPublicKeyRetrieval=true&createDatabaseIfNotExist=true&useSSL=false'
2025-10-26T11:04:21.931+05:30  INFO 5849 --- [SneakoAplication] [main] o.s.b.w.embedded.tomcat.TomcatWebServer  : Tomcat started on port 8085 (http) with context path '/'
2025-10-26T11:04:21.958+05:30  INFO 5849 --- [SneakoAplication] [main] o.s.b.w.embedded.tomcat.TomcatWebServer  : Tomcat initialized with port 8086 (http)
2025-10-26T11:04:21.958+05:30  INFO 5849 --- [SneakoAplication] [main] o.apache.catalina.core.StandardService   : Starting service [Tomcat]
2025-10-26T11:04:21.958+05:30  INFO 5849 --- [SneakoAplication] [main] o.apache.catalina.core.StandardEngine    : Starting Servlet engine: [Apache Tomcat/10.1.46]
2025-10-26T11:04:21.963+05:30  INFO 5849 --- [SneakoAplication] [main] o.a.c.c.C.[Tomcat-1].[localhost].[/]     : Initializing Spring embedded WebApplicationContext
2025-10-26T11:04:21.963+05:30  INFO 5849 --- [SneakoAplication] [main] w.s.c.ServletWebServerApplicationContext : Root WebApplicationContext: initialization completed in 31 ms
2025-10-26T11:04:21.968+05:30  INFO 5849 --- [SneakoAplication] [main] o.s.b.a.e.web.EndpointLinksResolver      : Exposing 14 endpoints beneath base path '/actuator'
2025-10-26T11:04:21.983+05:30  INFO 5849 --- [SneakoAplication] [main] o.s.b.w.embedded.tomcat.TomcatWebServer  : Tomcat started on port 8086 (http) with context path '/'
2025-10-26T11:04:21.991+05:30  INFO 5849 --- [SneakoAplication] [main] o.g.a.SneakoAplication.SneakoAplication  : Started SneakoAplication in 2.143 seconds (process running for 2.29)
2025-10-26T11:04:22.066+05:30 DEBUG 5849 --- [SneakoAplication] [main] org.hibernate.SQL                        : select r1_0.role_id,r1_0.created_at,r1_0.name,r1_0.updated_at,r1_0.version from roles r1_0 where r1_0.name=?
2025-10-26T11:04:22.078+05:30 DEBUG 5849 --- [SneakoAplication] [main] org.hibernate.SQL                        : select r1_0.role_id,r1_0.created_at,r1_0.name,r1_0.updated_at,r1_0.version from roles r1_0 where r1_0.name=?
2025-10-26T11:04:22.080+05:30 DEBUG 5849 --- [SneakoAplication] [main] org.hibernate.SQL                        : select u1_0.userid,u1_0.address,u1_0.created_at,u1_0.email,u1_0.password,u1_0.phone_number,u1_0.updated_at,u1_0.user_name,u1_0.version from users u1_0 where u1_0.user_name=?
2025-10-26T11:04:22.081+05:30 DEBUG 5849 --- [SneakoAplication] [main] org.hibernate.SQL                        : select r1_0.user_id,r1_1.role_id,r1_1.created_at,r1_1.name,r1_1.updated_at,r1_1.version from user_roles r1_0 join roles r1_1 on r1_1.role_id=r1_0.role_id where r1_0.user_id=?
2025-10-26T11:04:28.746+05:30  INFO 5849 --- [SneakoAplication] [http-nio-8085-exec-1] o.a.c.c.C.[Tomcat].[localhost].[/]       : Initializing Spring DispatcherServlet 'dispatcherServlet'
2025-10-26T11:04:28.746+05:30  INFO 5849 --- [SneakoAplication] [http-nio-8085-exec-1] o.s.web.servlet.DispatcherServlet        : Initializing Servlet 'dispatcherServlet'
2025-10-26T11:04:28.747+05:30  INFO 5849 --- [SneakoAplication] [http-nio-8085-exec-1] o.s.web.servlet.DispatcherServlet        : Completed initialization in 1 ms
2025-10-26T11:04:28.781+05:30 DEBUG 5849 --- [SneakoAplication] [http-nio-8085-exec-1] org.hibernate.SQL                        : select o1_0.order_id,o1_0.created_at,o1_0.order_date,o1_0.order_status,o1_0.shipping_address,o1_0.total_price,o1_0.updated_at,o1_0.user_id,o1_0.version from order_tbl o1_0 where o1_0.order_id=?
2025-10-26T11:04:28.784+05:30 DEBUG 5849 --- [SneakoAplication] [http-nio-8085-exec-1] org.hibernate.SQL                        : select oi1_0.order_id,oi1_0.order_item_id,oi1_0.created_at,oi1_0.product_id,oi1_0.quantity,oi1_0.size,oi1_0.total_price,oi1_0.unit_price,oi1_0.updated_at,oi1_0.version from order_item oi1_0 where oi1_0.order_id=?
2025-10-26T11:04:51.976+05:30  INFO 5849 --- [SneakoAplication] [http-nio-8085-exec-10] o.springdoc.api.AbstractOpenApiResource  : Init duration for springdoc-openapi is: 176 ms
2025-10-26T11:04:59.580+05:30 DEBUG 5849 --- [SneakoAplication] [http-nio-8085-exec-1] org.hibernate.SQL                        : select oi1_0.order_item_id,oi1_0.created_at,oi1_0.order_id,oi1_0.product_id,oi1_0.quantity,oi1_0.size,oi1_0.total_price,oi1_0.unit_price,oi1_0.updated_at,oi1_0.version from order_item oi1_0 where oi1_0.order_item_id=?
2025-10-26T11:05:14.586+05:30 DEBUG 5849 --- [SneakoAplication] [http-nio-8085-exec-3] org.hibernate.SQL                        : select o1_0.order_id,o1_0.created_at,o1_0.order_date,o1_0.order_status,o1_0.shipping_address,o1_0.total_price,o1_0.updated_at,o1_0.user_id,o1_0.version from order_tbl o1_0 where o1_0.order_id=?
2025-10-26T11:05:14.589+05:30 DEBUG 5849 --- [SneakoAplication] [http-nio-8085-exec-3] org.hibernate.SQL                        : select oi1_0.order_id,oi1_0.order_item_id,oi1_0.created_at,oi1_0.product_id,oi1_0.quantity,oi1_0.size,oi1_0.total_price,oi1_0.unit_price,oi1_0.updated_at,oi1_0.version from order_item oi1_0 where oi1_0.order_id=?
2025-10-26T11:09:48.496+05:30  INFO 5849 --- [SneakoAplication] [SpringApplicationShutdownHook] o.s.b.w.e.tomcat.GracefulShutdown        : Commencing graceful shutdown. Waiting for active requests to complete
2025-10-26T11:09:48.501+05:30  INFO 5849 --- [SneakoAplication] [tomcat-shutdown] o.s.b.w.e.tomcat.GracefulShutdown        : Graceful shutdown complete
2025-10-26T11:09:48.501+05:30  INFO 5849 --- [SneakoAplication] [SpringApplicationShutdownHook] o.s.b.w.e.tomcat.GracefulShutdown        : Commencing graceful shutdown. Waiting for active requests to complete
2025-10-26T11:09:48.502+05:30  INFO 5849 --- [SneakoAplication] [tomcat-shutdown] o.s.b.w.e.tomcat.GracefulShutdown        : Graceful shutdown complete
2025-10-26T11:09:48.509+05:30  INFO 5849 --- [SneakoAplication] [SpringApplicationShutdownHook] j.LocalContainerEntityManagerFactoryBean : Closing JPA EntityManagerFactory for persistence unit 'default'
2025-10-26T11:09:48.510+05:30  INFO 5849 --- [SneakoAplication] [SpringApplicationShutdownHook] com.zaxxer.hikari.HikariDataSource       : HikariPool-1 - Shutdown initiated...
2025-10-26T11:09:48.512+05:30  INFO 5849 --- [SneakoAplication] [SpringApplicationShutdownHook] com.zaxxer.hikari.HikariDataSource       : HikariPool-1 - Shutdown completed.
2025-10-26T11:10:40.311+05:30  INFO 5896 --- [SneakoAplication] [main] o.g.a.SneakoAplication.SneakoAplication  : Starting SneakoAplication using Java 24.0.2 with PID 5896 (/Users/saurabhsanjaydeshmukh/Sneako/SneakoBackend/target/classes started by saurabhsanjaydeshmukh in /Users/saurabhsanjaydeshmukh/Sneako/SneakoBackend)
2025-10-26T11:10:40.313+05:30  INFO 5896 --- [SneakoAplication] [main] o.g.a.SneakoAplication.SneakoAplication  : The following 1 profile is active: "dev"
2025-10-26T11:10:40.731+05:30  INFO 5896 --- [SneakoAplication] [main] .s.d.r.c.RepositoryConfigurationDelegate : Bootstrapping Spring Data JPA repositories in DEFAULT mode.
2025-10-26T11:10:40.761+05:30  INFO 5896 --- [SneakoAplication] [main] .s.d.r.c.RepositoryConfigurationDelegate : Finished Spring Data repository scanning in 25 ms. Found 8 JPA repository interfaces.
2025-10-26T11:10:40.968+05:30  INFO 5896 --- [SneakoAplication] [main] o.s.b.w.embedded.tomcat.TomcatWebServer  : Tomcat initialized with port 8085 (http)
2025-10-26T11:10:40.973+05:30  INFO 5896 --- [SneakoAplication] [main] o.apache.catalina.core.StandardService   : Starting service [Tomcat]
2025-10-26T11:10:40.974+05:30  INFO 5896 --- [SneakoAplication] [main] o.apache.catalina.core.StandardEngine    : Starting Servlet engine: [Apache Tomcat/10.1.46]
2025-10-26T11:10:40.993+05:30  INFO 5896 --- [SneakoAplication] [main] o.a.c.c.C.[Tomcat].[localhost].[/]       : Initializing Spring embedded WebApplicationContext
2025-10-26T11:10:40.993+05:30  INFO 5896 --- [SneakoAplication] [main] w.s.c.ServletWebServerApplicationContext : Root WebApplicationContext: initialization completed in 659 ms
2025-10-26T11:10:41.065+05:30  INFO 5896 --- [SneakoAplication] [main] com.zaxxer.hikari.HikariDataSource       : HikariPool-1 - Starting...
2025-10-26T11:10:41.135+05:30  INFO 5896 --- [SneakoAplication] [main] com.zaxxer.hikari.pool.HikariPool        : HikariPool-1 - Added connection com.mysql.cj.jdbc.ConnectionImpl@729cd862
2025-10-26T11:10:41.136+05:30  INFO 5896 --- [SneakoAplication] [main] com.zaxxer.hikari.HikariDataSource       : HikariPool-1 - Start completed.
2025-10-26T11:10:41.151+05:30  INFO 5896 --- [SneakoAplication] [main] o.hibernate.jpa.internal.util.LogHelper  : HHH000204: Processing PersistenceUnitInfo [name: default]
2025-10-26T11:10:41.166+05:30  INFO 5896 --- [SneakoAplication] [main] org.hibernate.Version                    : HHH000412: Hibernate ORM core version 6.6.29.Final
2025-10-26T11:10:41.177+05:30  INFO 5896 --- [SneakoAplication] [main] o.h.c.internal.RegionFactoryInitiator    : HHH000026: Second-level cache disabled
2025-10-26T11:10:41.294+05:30  INFO 5896 --- [SneakoAplication] [main] o.s.o.j.p.SpringPersistenceUnitInfo      : No LoadTimeWeaver setup: ignoring JPA class transformer
2025-10-26T11:10:41.320+05:30  WARN 5896 --- [SneakoAplication] [main] org.hibernate.orm.deprecation            : HHH90000025: MySQLDialect does not need to be specified explicitly using 'hibernate.dialect' (remove the property setting and it will be selected by default)
2025-10-26T11:10:41.324+05:30  INFO 5896 --- [SneakoAplication] [main] org.hibernate.orm.connections.pooling    : HHH10001005: Database info:
	Database JDBC URL [Connecting through datasource 'HikariDataSource (HikariPool-1)']
	Database driver: undefined/unknown
	Database version: 9.5
	Autocommit mode: undefined/unknown
	Isolation level: undefined/unknown
	Minimum pool size: undefined/unknown
	Maximum pool size: undefined/unknown
2025-10-26T11:10:41.672+05:30  INFO 5896 --- [SneakoAplication] [main] o.h.e.t.j.p.i.JtaPlatformInitiator       : HHH000489: No JTA platform available (set 'hibernate.transaction.jta.platform' to enable JTA platform integration)
2025-10-26T11:10:41.709+05:30  INFO 5896 --- [SneakoAplication] [main] j.LocalContainerEntityManagerFactoryBean : Initialized JPA EntityManagerFactory for persistence unit 'default'
2025-10-26T11:10:41.946+05:30  WARN 5896 --- [SneakoAplication] [main] JpaBaseConfiguration$JpaWebConfiguration : spring.jpa.open-in-view is enabled by default. Therefore, database queries may be performed during view rendering. Explicitly configure spring.jpa.open-in-view to disable this warning
2025-10-26T11:10:41.957+05:30  INFO 5896 --- [SneakoAplication] [main] eAuthenticationProviderManagerConfigurer : Global AuthenticationManager configured with AuthenticationProvider bean with name daoAuthenticationProvider
2025-10-26T11:10:41.958+05:30  WARN 5896 --- [SneakoAplication] [main] r$InitializeUserDetailsManagerConfigurer : Global AuthenticationManager configured with an AuthenticationProvider bean. UserDetailsService beans will not be used by Spring Security for automatically configuring username/password login. Consider removing the AuthenticationProvider bean. Alternatively, consider using the UserDetailsService in a manually instantiated DaoAuthenticationProvider. If the current configuration is intentional, to turn off this warning, increase the logging level of 'org.springframework.security.config.annotation.authentication.configuration.InitializeUserDetailsBeanManagerConfigurer' to ERROR
2025-10-26T11:10:42.249+05:30  INFO 5896 --- [SneakoAplication] [main] o.s.b.a.h2.H2ConsoleAutoConfiguration    : H2 console available at '/h2-console'. Database available at 'jdbc:mysql://localhost:3306/sneako?allowPublicKeyRetrieval=true&createDatabaseIfNotExist=true&useSSL=false'
2025-10-26T11:10:42.294+05:30  INFO 5896 --- [SneakoAplication] [main] o.s.b.w.embedded.tomcat.TomcatWebServer  : Tomcat started on port 8085 (http) with context path '/'
2025-10-26T11:10:42.324+05:30  INFO 5896 --- [SneakoAplication] [main] o.s.b.w.embedded.tomcat.TomcatWebServer  : Tomcat initialized with port 8086 (http)
2025-10-26T11:10:42.325+05:30  INFO 5896 --- [SneakoAplication] [main] o.apache.catalina.core.StandardService   : Starting service [Tomcat]
2025-10-26T11:10:42.325+05:30  INFO 5896 --- [SneakoAplication] [main] o.apache.catalina.core.StandardEngine    : Starting Servlet engine: [Apache Tomcat/10.1.46]
2025-10-26T11:10:42.340+05:30  INFO 5896 --- [SneakoAplication] [main] o.a.c.c.C.[Tomcat-1].[localhost].[/]     : Initializing Spring embedded WebApplicationContext
2025-10-26T11:10:42.340+05:30  INFO 5896 --- [SneakoAplication] [main] w.s.c.ServletWebServerApplicationContext : Root WebApplicationContext: initialization completed in 44 ms
2025-10-26T11:10:42.353+05:30  INFO 5896 --- [SneakoAplication] [main] o.s.b.a.e.web.EndpointLinksResolver      : Exposing 14 endpoints beneath base path '/actuator'
2025-10-26T11:10:42.377+05:30  INFO 5896 --- [SneakoAplication] [main] o.s.b.w.embedded.tomcat.TomcatWebServer  : Tomcat started on port 8086 (http) with context path '/'
2025-10-26T11:10:42.386+05:30  INFO 5896 --- [SneakoAplication] [main] o.g.a.SneakoAplication.SneakoAplication  : Started SneakoAplication in 2.258 seconds (process running for 2.394)
2025-10-26T11:10:42.474+05:30 DEBUG 5896 --- [SneakoAplication] [main] org.hibernate.SQL                        : select r1_0.role_id,r1_0.created_at,r1_0.name,r1_0.updated_at,r1_0.version from roles r1_0 where r1_0.name=?
2025-10-26T11:10:42.488+05:30 DEBUG 5896 --- [SneakoAplication] [main] org.hibernate.SQL                        : select r1_0.role_id,r1_0.created_at,r1_0.name,r1_0.updated_at,r1_0.version from roles r1_0 where r1_0.name=?
2025-10-26T11:10:42.490+05:30 DEBUG 5896 --- [SneakoAplication] [main] org.hibernate.SQL                        : select u1_0.userid,u1_0.address,u1_0.created_at,u1_0.email,u1_0.password,u1_0.phone_number,u1_0.updated_at,u1_0.user_name,u1_0.version from users u1_0 where u1_0.user_name=?
2025-10-26T11:10:42.492+05:30 DEBUG 5896 --- [SneakoAplication] [main] org.hibernate.SQL                        : select r1_0.user_id,r1_1.role_id,r1_1.created_at,r1_1.name,r1_1.updated_at,r1_1.version from user_roles r1_0 join roles r1_1 on r1_1.role_id=r1_0.role_id where r1_0.user_id=?
2025-10-26T11:11:20.215+05:30  INFO 5896 --- [SneakoAplication] [SpringApplicationShutdownHook] o.s.b.w.e.tomcat.GracefulShutdown        : Commencing graceful shutdown. Waiting for active requests to complete
2025-10-26T11:11:20.220+05:30  INFO 5896 --- [SneakoAplication] [tomcat-shutdown] o.s.b.w.e.tomcat.GracefulShutdown        : Graceful shutdown complete
2025-10-26T11:11:20.220+05:30  INFO 5896 --- [SneakoAplication] [SpringApplicationShutdownHook] o.s.b.w.e.tomcat.GracefulShutdown        : Commencing graceful shutdown. Waiting for active requests to complete
2025-10-26T11:11:20.221+05:30  INFO 5896 --- [SneakoAplication] [tomcat-shutdown] o.s.b.w.e.tomcat.GracefulShutdown        : Graceful shutdown complete
2025-10-26T11:11:20.229+05:30  INFO 5896 --- [SneakoAplication] [SpringApplicationShutdownHook] j.LocalContainerEntityManagerFactoryBean : Closing JPA EntityManagerFactory for persistence unit 'default'
2025-10-26T11:11:20.230+05:30  INFO 5896 --- [SneakoAplication] [SpringApplicationShutdownHook] com.zaxxer.hikari.HikariDataSource       : HikariPool-1 - Shutdown initiated...
2025-10-26T11:11:20.233+05:30  INFO 5896 --- [SneakoAplication] [SpringApplicationShutdownHook] com.zaxxer.hikari.HikariDataSource       : HikariPool-1 - Shutdown completed.
2025-10-26T11:11:21.546+05:30  INFO 5909 --- [SneakoAplication] [main] o.g.a.SneakoAplication.SneakoAplication  : Starting SneakoAplication using Java 24.0.2 with PID 5909 (/Users/saurabhsanjaydeshmukh/Sneako/SneakoBackend/target/classes started by saurabhsanjaydeshmukh in /Users/saurabhsanjaydeshmukh/Sneako/SneakoBackend)
2025-10-26T11:11:21.547+05:30  INFO 5909 --- [SneakoAplication] [main] o.g.a.SneakoAplication.SneakoAplication  : The following 1 profile is active: "dev"
2025-10-26T11:11:21.973+05:30  INFO 5909 --- [SneakoAplication] [main] .s.d.r.c.RepositoryConfigurationDelegate : Bootstrapping Spring Data JPA repositories in DEFAULT mode.
2025-10-26T11:11:22.000+05:30  INFO 5909 --- [SneakoAplication] [main] .s.d.r.c.RepositoryConfigurationDelegate : Finished Spring Data repository scanning in 23 ms. Found 8 JPA repository interfaces.
2025-10-26T11:11:22.202+05:30  INFO 5909 --- [SneakoAplication] [main] o.s.b.w.embedded.tomcat.TomcatWebServer  : Tomcat initialized with port 8085 (http)
2025-10-26T11:11:22.207+05:30  INFO 5909 --- [SneakoAplication] [main] o.apache.catalina.core.StandardService   : Starting service [Tomcat]
2025-10-26T11:11:22.208+05:30  INFO 5909 --- [SneakoAplication] [main] o.apache.catalina.core.StandardEngine    : Starting Servlet engine: [Apache Tomcat/10.1.46]
2025-10-26T11:11:22.226+05:30  INFO 5909 --- [SneakoAplication] [main] o.a.c.c.C.[Tomcat].[localhost].[/]       : Initializing Spring embedded WebApplicationContext
2025-10-26T11:11:22.226+05:30  INFO 5909 --- [SneakoAplication] [main] w.s.c.ServletWebServerApplicationContext : Root WebApplicationContext: initialization completed in 647 ms
2025-10-26T11:11:22.296+05:30  INFO 5909 --- [SneakoAplication] [main] com.zaxxer.hikari.HikariDataSource       : HikariPool-1 - Starting...
2025-10-26T11:11:22.358+05:30  INFO 5909 --- [SneakoAplication] [main] com.zaxxer.hikari.pool.HikariPool        : HikariPool-1 - Added connection com.mysql.cj.jdbc.ConnectionImpl@36463b09
2025-10-26T11:11:22.359+05:30  INFO 5909 --- [SneakoAplication] [main] com.zaxxer.hikari.HikariDataSource       : HikariPool-1 - Start completed.
2025-10-26T11:11:22.371+05:30  INFO 5909 --- [SneakoAplication] [main] o.hibernate.jpa.internal.util.LogHelper  : HHH000204: Processing PersistenceUnitInfo [name: default]
2025-10-26T11:11:22.384+05:30  INFO 5909 --- [SneakoAplication] [main] org.hibernate.Version                    : HHH000412: Hibernate ORM core version 6.6.29.Final
2025-10-26T11:11:22.393+05:30  INFO 5909 --- [SneakoAplication] [main] o.h.c.internal.RegionFactoryInitiator    : HHH000026: Second-level cache disabled
2025-10-26T11:11:22.507+05:30  INFO 5909 --- [SneakoAplication] [main] o.s.o.j.p.SpringPersistenceUnitInfo      : No LoadTimeWeaver setup: ignoring JPA class transformer
2025-10-26T11:11:22.553+05:30  WARN 5909 --- [SneakoAplication] [main] org.hibernate.orm.deprecation            : HHH90000025: MySQLDialect does not need to be specified explicitly using 'hibernate.dialect' (remove the property setting and it will be selected by default)
2025-10-26T11:11:22.557+05:30  INFO 5909 --- [SneakoAplication] [main] org.hibernate.orm.connections.pooling    : HHH10001005: Database info:
	Database JDBC URL [Connecting through datasource 'HikariDataSource (HikariPool-1)']
	Database driver: undefined/unknown
	Database version: 9.5
	Autocommit mode: undefined/unknown
	Isolation level: undefined/unknown
	Minimum pool size: undefined/unknown
	Maximum pool size: undefined/unknown
2025-10-26T11:11:22.889+05:30  INFO 5909 --- [SneakoAplication] [main] o.h.e.t.j.p.i.JtaPlatformInitiator       : HHH000489: No JTA platform available (set 'hibernate.transaction.jta.platform' to enable JTA platform integration)
2025-10-26T11:11:22.929+05:30  INFO 5909 --- [SneakoAplication] [main] j.LocalContainerEntityManagerFactoryBean : Initialized JPA EntityManagerFactory for persistence unit 'default'
2025-10-26T11:11:23.146+05:30  WARN 5909 --- [SneakoAplication] [main] JpaBaseConfiguration$JpaWebConfiguration : spring.jpa.open-in-view is enabled by default. Therefore, database queries may be performed during view rendering. Explicitly configure spring.jpa.open-in-view to disable this warning
2025-10-26T11:11:23.153+05:30  INFO 5909 --- [SneakoAplication] [main] eAuthenticationProviderManagerConfigurer : Global AuthenticationManager configured with AuthenticationProvider bean with name daoAuthenticationProvider
2025-10-26T11:11:23.154+05:30  WARN 5909 --- [SneakoAplication] [main] r$InitializeUserDetailsManagerConfigurer : Global AuthenticationManager configured with an AuthenticationProvider bean. UserDetailsService beans will not be used by Spring Security for automatically configuring username/password login. Consider removing the AuthenticationProvider bean. Alternatively, consider using the UserDetailsService in a manually instantiated DaoAuthenticationProvider. If the current configuration is intentional, to turn off this warning, increase the logging level of 'org.springframework.security.config.annotation.authentication.configuration.InitializeUserDetailsBeanManagerConfigurer' to ERROR
2025-10-26T11:11:23.378+05:30  INFO 5909 --- [SneakoAplication] [main] o.s.b.a.h2.H2ConsoleAutoConfiguration    : H2 console available at '/h2-console'. Database available at 'jdbc:mysql://localhost:3306/sneako?allowPublicKeyRetrieval=true&createDatabaseIfNotExist=true&useSSL=false'
2025-10-26T11:11:23.416+05:30  INFO 5909 --- [SneakoAplication] [main] o.s.b.w.embedded.tomcat.TomcatWebServer  : Tomcat started on port 8085 (http) with context path '/'
2025-10-26T11:11:23.443+05:30  INFO 5909 --- [SneakoAplication] [main] o.s.b.w.embedded.tomcat.TomcatWebServer  : Tomcat initialized with port 8086 (http)
2025-10-26T11:11:23.444+05:30  INFO 5909 --- [SneakoAplication] [main] o.apache.catalina.core.StandardService   : Starting service [Tomcat]
2025-10-26T11:11:23.444+05:30  INFO 5909 --- [SneakoAplication] [main] o.apache.catalina.core.StandardEngine    : Starting Servlet engine: [Apache Tomcat/10.1.46]
2025-10-26T11:11:23.449+05:30  INFO 5909 --- [SneakoAplication] [main] o.a.c.c.C.[Tomcat-1].[localhost].[/]     : Initializing Spring embedded WebApplicationContext
2025-10-26T11:11:23.449+05:30  INFO 5909 --- [SneakoAplication] [main] w.s.c.ServletWebServerApplicationContext : Root WebApplicationContext: initialization completed in 31 ms
2025-10-26T11:11:23.454+05:30  INFO 5909 --- [SneakoAplication] [main] o.s.b.a.e.web.EndpointLinksResolver      : Exposing 14 endpoints beneath base path '/actuator'
2025-10-26T11:11:23.471+05:30  INFO 5909 --- [SneakoAplication] [main] o.s.b.w.embedded.tomcat.TomcatWebServer  : Tomcat started on port 8086 (http) with context path '/'
2025-10-26T11:11:23.483+05:30  INFO 5909 --- [SneakoAplication] [main] o.g.a.SneakoAplication.SneakoAplication  : Started SneakoAplication in 2.109 seconds (process running for 2.255)
2025-10-26T11:11:23.554+05:30 DEBUG 5909 --- [SneakoAplication] [main] org.hibernate.SQL                        : select r1_0.role_id,r1_0.created_at,r1_0.name,r1_0.updated_at,r1_0.version from roles r1_0 where r1_0.name=?
2025-10-26T11:11:23.566+05:30 DEBUG 5909 --- [SneakoAplication] [main] org.hibernate.SQL                        : select r1_0.role_id,r1_0.created_at,r1_0.name,r1_0.updated_at,r1_0.version from roles r1_0 where r1_0.name=?
2025-10-26T11:11:23.567+05:30 DEBUG 5909 --- [SneakoAplication] [main] org.hibernate.SQL                        : select u1_0.userid,u1_0.address,u1_0.created_at,u1_0.email,u1_0.password,u1_0.phone_number,u1_0.updated_at,u1_0.user_name,u1_0.version from users u1_0 where u1_0.user_name=?
2025-10-26T11:11:23.568+05:30 DEBUG 5909 --- [SneakoAplication] [main] org.hibernate.SQL                        : select r1_0.user_id,r1_1.role_id,r1_1.created_at,r1_1.name,r1_1.updated_at,r1_1.version from user_roles r1_0 join roles r1_1 on r1_1.role_id=r1_0.role_id where r1_0.user_id=?
2025-10-26T11:11:35.202+05:30  INFO 5909 --- [SneakoAplication] [http-nio-8085-exec-2] o.a.c.c.C.[Tomcat].[localhost].[/]       : Initializing Spring DispatcherServlet 'dispatcherServlet'
2025-10-26T11:11:35.203+05:30  INFO 5909 --- [SneakoAplication] [http-nio-8085-exec-2] o.s.web.servlet.DispatcherServlet        : Initializing Servlet 'dispatcherServlet'
2025-10-26T11:11:35.204+05:30  INFO 5909 --- [SneakoAplication] [http-nio-8085-exec-2] o.s.web.servlet.DispatcherServlet        : Completed initialization in 1 ms
2025-10-26T11:11:35.235+05:30 DEBUG 5909 --- [SneakoAplication] [http-nio-8085-exec-2] org.hibernate.SQL                        : select o1_0.order_id,o1_0.created_at,o1_0.order_date,o1_0.order_status,o1_0.shipping_address,o1_0.total_price,o1_0.updated_at,o1_0.user_id,o1_0.version from order_tbl o1_0 where o1_0.order_id=?
2025-10-26T11:11:35.238+05:30 DEBUG 5909 --- [SneakoAplication] [http-nio-8085-exec-2] org.hibernate.SQL                        : select oi1_0.order_id,oi1_0.order_item_id,oi1_0.created_at,oi1_0.product_id,oi1_0.quantity,oi1_0.size,oi1_0.total_price,oi1_0.unit_price,oi1_0.updated_at,oi1_0.version from order_item oi1_0 where oi1_0.order_id=?
2025-10-26T11:11:39.419+05:30 DEBUG 5909 --- [SneakoAplication] [http-nio-8085-exec-1] org.hibernate.SQL                        : select o1_0.order_id,o1_0.created_at,o1_0.order_date,o1_0.order_status,o1_0.shipping_address,o1_0.total_price,o1_0.updated_at,o1_0.user_id,o1_0.version from order_tbl o1_0 where o1_0.order_id=?
2025-10-26T11:11:39.422+05:30 DEBUG 5909 --- [SneakoAplication] [http-nio-8085-exec-1] org.hibernate.SQL                        : select oi1_0.order_id,oi1_0.order_item_id,oi1_0.created_at,oi1_0.product_id,oi1_0.quantity,oi1_0.size,oi1_0.total_price,oi1_0.unit_price,oi1_0.updated_at,oi1_0.version from order_item oi1_0 where oi1_0.order_id=?
2025-10-26T11:11:39.631+05:30 DEBUG 5909 --- [SneakoAplication] [http-nio-8085-exec-3] org.hibernate.SQL                        : select o1_0.order_id,o1_0.created_at,o1_0.order_date,o1_0.order_status,o1_0.shipping_address,o1_0.total_price,o1_0.updated_at,o1_0.user_id,o1_0.version from order_tbl o1_0 where o1_0.order_id=?
2025-10-26T11:11:39.633+05:30 DEBUG 5909 --- [SneakoAplication] [http-nio-8085-exec-3] org.hibernate.SQL                        : select oi1_0.order_id,oi1_0.order_item_id,oi1_0.created_at,oi1_0.product_id,oi1_0.quantity,oi1_0.size,oi1_0.total_price,oi1_0.unit_price,oi1_0.updated_at,oi1_0.version from order_item oi1_0 where oi1_0.order_id=?
2025-10-26T11:11:39.830+05:30 DEBUG 5909 --- [SneakoAplication] [http-nio-8085-exec-4] org.hibernate.SQL                        : select o1_0.order_id,o1_0.created_at,o1_0.order_date,o1_0.order_status,o1_0.shipping_address,o1_0.total_price,o1_0.updated_at,o1_0.user_id,o1_0.version from order_tbl o1_0 where o1_0.order_id=?
2025-10-26T11:11:39.832+05:30 DEBUG 5909 --- [SneakoAplication] [http-nio-8085-exec-4] org.hibernate.SQL                        : select oi1_0.order_id,oi1_0.order_item_id,oi1_0.created_at,oi1_0.product_id,oi1_0.quantity,oi1_0.size,oi1_0.total_price,oi1_0.unit_price,oi1_0.updated_at,oi1_0.version from order_item oi1_0 where oi1_0.order_id=?
2025-10-26T11:11:40.000+05:30 DEBUG 5909 --- [SneakoAplication] [http-nio-8085-exec-5] org.hibernate.SQL                        : select o1_0.order_id,o1_0.created_at,o1_0.order_date,o1_0.order_status,o1_0.shipping_address,o1_0.total_price,o1_0.updated_at,o1_0.user_id,o1_0.version from order_tbl o1_0 where o1_0.order_id=?
2025-10-26T11:11:40.004+05:30 DEBUG 5909 --- [SneakoAplication] [http-nio-8085-exec-5] org.hibernate.SQL                        : select oi1_0.order_id,oi1_0.order_item_id,oi1_0.created_at,oi1_0.product_id,oi1_0.quantity,oi1_0.size,oi1_0.total_price,oi1_0.unit_price,oi1_0.updated_at,oi1_0.version from order_item oi1_0 where oi1_0.order_id=?
2025-10-26T11:11:40.170+05:30 DEBUG 5909 --- [SneakoAplication] [http-nio-8085-exec-6] org.hibernate.SQL                        : select o1_0.order_id,o1_0.created_at,o1_0.order_date,o1_0.order_status,o1_0.shipping_address,o1_0.total_price,o1_0.updated_at,o1_0.user_id,o1_0.version from order_tbl o1_0 where o1_0.order_id=?
2025-10-26T11:11:40.172+05:30 DEBUG 5909 --- [SneakoAplication] [http-nio-8085-exec-6] org.hibernate.SQL                        : select oi1_0.order_id,oi1_0.order_item_id,oi1_0.created_at,oi1_0.product_id,oi1_0.quantity,oi1_0.size,oi1_0.total_price,oi1_0.unit_price,oi1_0.updated_at,oi1_0.version from order_item oi1_0 where oi1_0.order_id=?
2025-10-26T11:11:40.321+05:30 DEBUG 5909 --- [SneakoAplication] [http-nio-8085-exec-7] org.hibernate.SQL                        : select o1_0.order_id,o1_0.created_at,o1_0.order_date,o1_0.order_status,o1_0.shipping_address,o1_0.total_price,o1_0.updated_at,o1_0.user_id,o1_0.version from order_tbl o1_0 where o1_0.order_id=?
2025-10-26T11:11:40.325+05:30 DEBUG 5909 --- [SneakoAplication] [http-nio-8085-exec-7] org.hibernate.SQL                        : select oi1_0.order_id,oi1_0.order_item_id,oi1_0.created_at,oi1_0.product_id,oi1_0.quantity,oi1_0.size,oi1_0.total_price,oi1_0.unit_price,oi1_0.updated_at,oi1_0.version from order_item oi1_0 where oi1_0.order_id=?
2025-10-26T11:11:40.487+05:30 DEBUG 5909 --- [SneakoAplication] [http-nio-8085-exec-8] org.hibernate.SQL                        : select o1_0.order_id,o1_0.created_at,o1_0.order_date,o1_0.order_status,o1_0.shipping_address,o1_0.total_price,o1_0.updated_at,o1_0.user_id,o1_0.version from order_tbl o1_0 where o1_0.order_id=?
2025-10-26T11:11:40.490+05:30 DEBUG 5909 --- [SneakoAplication] [http-nio-8085-exec-8] org.hibernate.SQL                        : select oi1_0.order_id,oi1_0.order_item_id,oi1_0.created_at,oi1_0.product_id,oi1_0.quantity,oi1_0.size,oi1_0.total_price,oi1_0.unit_price,oi1_0.updated_at,oi1_0.version from order_item oi1_0 where oi1_0.order_id=?
2025-10-26T11:11:40.675+05:30 DEBUG 5909 --- [SneakoAplication] [http-nio-8085-exec-9] org.hibernate.SQL                        : select o1_0.order_id,o1_0.created_at,o1_0.order_date,o1_0.order_status,o1_0.shipping_address,o1_0.total_price,o1_0.updated_at,o1_0.user_id,o1_0.version from order_tbl o1_0 where o1_0.order_id=?
2025-10-26T11:11:40.678+05:30 DEBUG 5909 --- [SneakoAplication] [http-nio-8085-exec-9] org.hibernate.SQL                        : select oi1_0.order_id,oi1_0.order_item_id,oi1_0.created_at,oi1_0.product_id,oi1_0.quantity,oi1_0.size,oi1_0.total_price,oi1_0.unit_price,oi1_0.updated_at,oi1_0.version from order_item oi1_0 where oi1_0.order_id=?
2025-10-26T11:11:40.840+05:30 DEBUG 5909 --- [SneakoAplication] [http-nio-8085-exec-10] org.hibernate.SQL                        : select o1_0.order_id,o1_0.created_at,o1_0.order_date,o1_0.order_status,o1_0.shipping_address,o1_0.total_price,o1_0.updated_at,o1_0.user_id,o1_0.version from order_tbl o1_0 where o1_0.order_id=?
2025-10-26T11:11:40.842+05:30 DEBUG 5909 --- [SneakoAplication] [http-nio-8085-exec-10] org.hibernate.SQL                        : select oi1_0.order_id,oi1_0.order_item_id,oi1_0.created_at,oi1_0.product_id,oi1_0.quantity,oi1_0.size,oi1_0.total_price,oi1_0.unit_price,oi1_0.updated_at,oi1_0.version from order_item oi1_0 where oi1_0.order_id=?
2025-10-26T11:11:41.044+05:30 DEBUG 5909 --- [SneakoAplication] [http-nio-8085-exec-2] org.hibernate.SQL                        : select o1_0.order_id,o1_0.created_at,o1_0.order_date,o1_0.order_status,o1_0.shipping_address,o1_0.total_price,o1_0.updated_at,o1_0.user_id,o1_0.version from order_tbl o1_0 where o1_0.order_id=?
2025-10-26T11:11:41.046+05:30 DEBUG 5909 --- [SneakoAplication] [http-nio-8085-exec-2] org.hibernate.SQL                        : select oi1_0.order_id,oi1_0.order_item_id,oi1_0.created_at,oi1_0.product_id,oi1_0.quantity,oi1_0.size,oi1_0.total_price,oi1_0.unit_price,oi1_0.updated_at,oi1_0.version from order_item oi1_0 where oi1_0.order_id=?
2025-10-26T11:11:43.899+05:30 DEBUG 5909 --- [SneakoAplication] [http-nio-8085-exec-1] org.hibernate.SQL                        : select o1_0.order_id,o1_0.created_at,o1_0.order_date,o1_0.order_status,o1_0.shipping_address,o1_0.total_price,o1_0.updated_at,o1_0.user_id,o1_0.version from order_tbl o1_0 where o1_0.order_id=?
2025-10-26T11:11:43.901+05:30 DEBUG 5909 --- [SneakoAplication] [http-nio-8085-exec-1] org.hibernate.SQL                        : select oi1_0.order_id,oi1_0.order_item_id,oi1_0.created_at,oi1_0.product_id,oi1_0.quantity,oi1_0.size,oi1_0.total_price,oi1_0.unit_price,oi1_0.updated_at,oi1_0.version from order_item oi1_0 where oi1_0.order_id=?
2025-10-26T11:11:47.287+05:30  INFO 5909 --- [SneakoAplication] [http-nio-8085-exec-10] o.springdoc.api.AbstractOpenApiResource  : Init duration for springdoc-openapi is: 163 ms
2025-10-26T11:11:52.748+05:30 DEBUG 5909 --- [SneakoAplication] [http-nio-8085-exec-2] org.hibernate.SQL                        : select o1_0.order_id,o1_0.created_at,o1_0.order_date,o1_0.order_status,o1_0.shipping_address,o1_0.total_price,o1_0.updated_at,o1_0.user_id,o1_0.version from order_tbl o1_0 where o1_0.order_id=?
2025-10-26T11:11:52.752+05:30 DEBUG 5909 --- [SneakoAplication] [http-nio-8085-exec-2] org.hibernate.SQL                        : select oi1_0.order_id,oi1_0.order_item_id,oi1_0.created_at,oi1_0.product_id,oi1_0.quantity,oi1_0.size,oi1_0.total_price,oi1_0.unit_price,oi1_0.updated_at,oi1_0.version from order_item oi1_0 where oi1_0.order_id=?
2025-10-26T11:13:25.129+05:30 DEBUG 5909 --- [SneakoAplication] [http-nio-8085-exec-8] org.hibernate.SQL                        : select o1_0.order_id,o1_0.created_at,o1_0.order_date,o1_0.order_status,o1_0.shipping_address,o1_0.total_price,o1_0.updated_at,o1_0.user_id,o1_0.version from order_tbl o1_0 where o1_0.order_id=?
2025-10-26T11:13:25.132+05:30 DEBUG 5909 --- [SneakoAplication] [http-nio-8085-exec-8] org.hibernate.SQL                        : select oi1_0.order_id,oi1_0.order_item_id,oi1_0.created_at,oi1_0.product_id,oi1_0.quantity,oi1_0.size,oi1_0.total_price,oi1_0.unit_price,oi1_0.updated_at,oi1_0.version from order_item oi1_0 where oi1_0.order_id=?
2025-10-26T11:14:18.389+05:30  WARN 5909 --- [SneakoAplication] [http-nio-8085-exec-9] .w.s.m.s.DefaultHandlerExceptionResolver : Resolved [org.springframework.http.converter.HttpMessageNotReadableException: JSON parse error: Unexpected character ('}' (code 125)): was expecting double-quote to start field name]
2025-10-26T11:14:36.551+05:30 DEBUG 5909 --- [SneakoAplication] [http-nio-8085-exec-10] org.hibernate.SQL                        : select o1_0.order_id,o1_0.created_at,o1_0.order_date,o1_0.order_status,o1_0.shipping_address,o1_0.total_price,o1_0.updated_at,o1_0.user_id,o1_0.version from order_tbl o1_0 where o1_0.order_id=?
2025-10-26T11:14:36.577+05:30 DEBUG 5909 --- [SneakoAplication] [http-nio-8085-exec-10] org.hibernate.SQL                        : insert into order_item (created_at,order_id,product_id,quantity,size,total_price,unit_price,updated_at,version) values (?,?,?,?,?,?,?,?,?)
2025-10-26T11:14:36.595+05:30 DEBUG 5909 --- [SneakoAplication] [http-nio-8085-exec-10] org.hibernate.SQL                        : select oi1_0.order_item_id,oi1_0.created_at,oi1_0.order_id,oi1_0.product_id,oi1_0.quantity,oi1_0.size,oi1_0.total_price,oi1_0.unit_price,oi1_0.updated_at,oi1_0.version from order_item oi1_0 left join order_tbl o1_0 on o1_0.order_id=oi1_0.order_id where o1_0.order_id=?
2025-10-26T11:14:36.602+05:30 ERROR 5909 --- [SneakoAplication] [http-nio-8085-exec-10] o.a.c.c.C.[.[.[/].[dispatcherServlet]    : Servlet.service() for servlet [dispatcherServlet] in context with path [] threw exception [Request processing failed: org.springframework.transaction.TransactionSystemException: Could not commit JPA transaction] with root cause

java.lang.NullPointerException: Cannot invoke "java.lang.Long.longValue()" because "current" is null
	at org.hibernate.type.descriptor.java.LongJavaType.next(LongJavaType.java:213) ~[hibernate-core-6.6.29.Final.jar:6.6.29.Final]
	at org.hibernate.type.descriptor.java.LongJavaType.next(LongJavaType.java:24) ~[hibernate-core-6.6.29.Final.jar:6.6.29.Final]
	at org.hibernate.engine.internal.Versioning.increment(Versioning.java:167) ~[hibernate-core-6.6.29.Final.jar:6.6.29.Final]
	at org.hibernate.generator.internal.VersionGeneration.generate(VersionGeneration.java:51) ~[hibernate-core-6.6.29.Final.jar:6.6.29.Final]
	at org.hibernate.engine.internal.Versioning.incrementVersion(Versioning.java:152) ~[hibernate-core-6.6.29.Final.jar:6.6.29.Final]
	at org.hibernate.event.internal.DefaultFlushEntityEventListener.getNextVersion(DefaultFlushEntityEventListener.java:401) ~[hibernate-core-6.6.29.Final.jar:6.6.29.Final]
	at org.hibernate.event.internal.DefaultFlushEntityEventListener.scheduleUpdate(DefaultFlushEntityEventListener.java:247) ~[hibernate-core-6.6.29.Final.jar:6.6.29.Final]
	at org.hibernate.event.internal.DefaultFlushEntityEventListener.onFlushEntity(DefaultFlushEntityEventListener.java:143) ~[hibernate-core-6.6.29.Final.jar:6.6.29.Final]
	at org.hibernate.event.service.internal.EventListenerGroupImpl.fireEventOnEachListener(EventListenerGroupImpl.java:127) ~[hibernate-core-6.6.29.Final.jar:6.6.29.Final]
	at org.hibernate.event.internal.AbstractFlushingEventListener.flushEntities(AbstractFlushingEventListener.java:269) ~[hibernate-core-6.6.29.Final.jar:6.6.29.Final]
	at org.hibernate.event.internal.AbstractFlushingEventListener.flushEverythingToExecutions(AbstractFlushingEventListener.java:90) ~[hibernate-core-6.6.29.Final.jar:6.6.29.Final]
	at org.hibernate.event.internal.AbstractFlushingEventListener.flushEverythingToExecutions(AbstractFlushingEventListener.java:84) ~[hibernate-core-6.6.29.Final.jar:6.6.29.Final]
	at org.hibernate.event.internal.DefaultFlushEventListener.onFlush(DefaultFlushEventListener.java:40) ~[hibernate-core-6.6.29.Final.jar:6.6.29.Final]
	at org.hibernate.event.service.internal.EventListenerGroupImpl.fireEventOnEachListener(EventListenerGroupImpl.java:127) ~[hibernate-core-6.6.29.Final.jar:6.6.29.Final]
	at org.hibernate.internal.SessionImpl.doFlush(SessionImpl.java:1429) ~[hibernate-core-6.6.29.Final.jar:6.6.29.Final]
	at org.hibernate.internal.SessionImpl.managedFlush(SessionImpl.java:491) ~[hibernate-core-6.6.29.Final.jar:6.6.29.Final]
	at org.hibernate.internal.SessionImpl.flushBeforeTransactionCompletion(SessionImpl.java:2354) ~[hibernate-core-6.6.29.Final.jar:6.6.29.Final]
	at org.hibernate.internal.SessionImpl.beforeTransactionCompletion(SessionImpl.java:1978) ~[hibernate-core-6.6.29.Final.jar:6.6.29.Final]
	at org.hibernate.engine.jdbc.internal.JdbcCoordinatorImpl.beforeTransactionCompletion(JdbcCoordinatorImpl.java:439) ~[hibernate-core-6.6.29.Final.jar:6.6.29.Final]
	at org.hibernate.resource.transaction.backend.jdbc.internal.JdbcResourceLocalTransactionCoordinatorImpl.beforeCompletionCallback(JdbcResourceLocalTransactionCoordinatorImpl.java:169) ~[hibernate-core-6.6.29.Final.jar:6.6.29.Final]
	at org.hibernate.resource.transaction.backend.jdbc.internal.JdbcResourceLocalTransactionCoordinatorImpl$TransactionDriverControlImpl.commit(JdbcResourceLocalTransactionCoordinatorImpl.java:267) ~[hibernate-core-6.6.29.Final.jar:6.6.29.Final]
	at org.hibernate.engine.transaction.internal.TransactionImpl.commit(TransactionImpl.java:101) ~[hibernate-core-6.6.29.Final.jar:6.6.29.Final]
	at org.springframework.orm.jpa.JpaTransactionManager.doCommit(JpaTransactionManager.java:563) ~[spring-orm-6.2.11.jar:6.2.11]
	at org.springframework.transaction.support.AbstractPlatformTransactionManager.processCommit(AbstractPlatformTransactionManager.java:795) ~[spring-tx-6.2.11.jar:6.2.11]
	at org.springframework.transaction.support.AbstractPlatformTransactionManager.commit(AbstractPlatformTransactionManager.java:758) ~[spring-tx-6.2.11.jar:6.2.11]
	at org.springframework.transaction.interceptor.TransactionAspectSupport.commitTransactionAfterReturning(TransactionAspectSupport.java:698) ~[spring-tx-6.2.11.jar:6.2.11]
	at org.springframework.transaction.interceptor.TransactionAspectSupport.invokeWithinTransaction(TransactionAspectSupport.java:416) ~[spring-tx-6.2.11.jar:6.2.11]
	at org.springframework.transaction.interceptor.TransactionInterceptor.invoke(TransactionInterceptor.java:119) ~[spring-tx-6.2.11.jar:6.2.11]
	at org.springframework.aop.framework.ReflectiveMethodInvocation.proceed(ReflectiveMethodInvocation.java:184) ~[spring-aop-6.2.11.jar:6.2.11]
	at org.springframework.aop.framework.CglibAopProxy$DynamicAdvisedInterceptor.intercept(CglibAopProxy.java:728) ~[spring-aop-6.2.11.jar:6.2.11]
	at org.genc.app.SneakoAplication.service.api.impl.OrderItemServiceImpl$$SpringCGLIB$$0.createOrderItem(<generated>) ~[classes/:na]
	at org.genc.app.SneakoAplication.contoller.OrderItemController.createOrderItem(OrderItemController.java:21) ~[classes/:na]
	at java.base/jdk.internal.reflect.DirectMethodHandleAccessor.invoke(DirectMethodHandleAccessor.java:104) ~[na:na]
	at java.base/java.lang.reflect.Method.invoke(Method.java:565) ~[na:na]
	at org.springframework.web.method.support.InvocableHandlerMethod.doInvoke(InvocableHandlerMethod.java:258) ~[spring-web-6.2.11.jar:6.2.11]
	at org.springframework.web.method.support.InvocableHandlerMethod.invokeForRequest(InvocableHandlerMethod.java:191) ~[spring-web-6.2.11.jar:6.2.11]
	at org.springframework.web.servlet.mvc.method.annotation.ServletInvocableHandlerMethod.invokeAndHandle(ServletInvocableHandlerMethod.java:118) ~[spring-webmvc-6.2.11.jar:6.2.11]
	at org.springframework.web.servlet.mvc.method.annotation.RequestMappingHandlerAdapter.invokeHandlerMethod(RequestMappingHandlerAdapter.java:991) ~[spring-webmvc-6.2.11.jar:6.2.11]
	at org.springframework.web.servlet.mvc.method.annotation.RequestMappingHandlerAdapter.handleInternal(RequestMappingHandlerAdapter.java:896) ~[spring-webmvc-6.2.11.jar:6.2.11]
	at org.springframework.web.servlet.mvc.method.AbstractHandlerMethodAdapter.handle(AbstractHandlerMethodAdapter.java:87) ~[spring-webmvc-6.2.11.jar:6.2.11]
	at org.springframework.web.servlet.DispatcherServlet.doDispatch(DispatcherServlet.java:1089) ~[spring-webmvc-6.2.11.jar:6.2.11]
	at org.springframework.web.servlet.DispatcherServlet.doService(DispatcherServlet.java:979) ~[spring-webmvc-6.2.11.jar:6.2.11]
	at org.springframework.web.servlet.FrameworkServlet.processRequest(FrameworkServlet.java:1014) ~[spring-webmvc-6.2.11.jar:6.2.11]
	at org.springframework.web.servlet.FrameworkServlet.doPost(FrameworkServlet.java:914) ~[spring-webmvc-6.2.11.jar:6.2.11]
	at jakarta.servlet.http.HttpServlet.service(HttpServlet.java:590) ~[tomcat-embed-core-10.1.46.jar:6.0]
	at org.springframework.web.servlet.FrameworkServlet.service(FrameworkServlet.java:885) ~[spring-webmvc-6.2.11.jar:6.2.11]
	at jakarta.servlet.http.HttpServlet.service(HttpServlet.java:658) ~[tomcat-embed-core-10.1.46.jar:6.0]
	at org.apache.catalina.core.ApplicationFilterChain.internalDoFilter(ApplicationFilterChain.java:195) ~[tomcat-embed-core-10.1.46.jar:10.1.46]
	at org.apache.catalina.core.ApplicationFilterChain.doFilter(ApplicationFilterChain.java:140) ~[tomcat-embed-core-10.1.46.jar:10.1.46]
	at org.apache.tomcat.websocket.server.WsFilter.doFilter(WsFilter.java:51) ~[tomcat-embed-websocket-10.1.46.jar:10.1.46]
	at org.apache.catalina.core.ApplicationFilterChain.internalDoFilter(ApplicationFilterChain.java:164) ~[tomcat-embed-core-10.1.46.jar:10.1.46]
	at org.apache.catalina.core.ApplicationFilterChain.doFilter(ApplicationFilterChain.java:140) ~[tomcat-embed-core-10.1.46.jar:10.1.46]
	at org.genc.app.SneakoAplication.security.JwtAuthenticationFilter.doFilterInternal(JwtAuthenticationFilter.java:41) ~[classes/:na]
	at org.springframework.web.filter.OncePerRequestFilter.doFilter(OncePerRequestFilter.java:116) ~[spring-web-6.2.11.jar:6.2.11]
	at org.apache.catalina.core.ApplicationFilterChain.internalDoFilter(ApplicationFilterChain.java:164) ~[tomcat-embed-core-10.1.46.jar:10.1.46]
	at org.apache.catalina.core.ApplicationFilterChain.doFilter(ApplicationFilterChain.java:140) ~[tomcat-embed-core-10.1.46.jar:10.1.46]
	at org.springframework.web.filter.CompositeFilter$VirtualFilterChain.doFilter(CompositeFilter.java:108) ~[spring-web-6.2.11.jar:6.2.11]
	at org.springframework.web.filter.CompositeFilter$VirtualFilterChain.doFilter(CompositeFilter.java:108) ~[spring-web-6.2.11.jar:6.2.11]
	at org.springframework.security.web.FilterChainProxy.lambda$doFilterInternal$3(FilterChainProxy.java:231) ~[spring-security-web-6.5.5.jar:6.5.5]
	at org.springframework.security.web.ObservationFilterChainDecorator$FilterObservation$SimpleFilterObservation.lambda$wrap$1(ObservationFilterChainDecorator.java:490) ~[spring-security-web-6.5.5.jar:6.5.5]
	at org.springframework.security.web.ObservationFilterChainDecorator$AroundFilterObservation$SimpleAroundFilterObservation.lambda$wrap$1(ObservationFilterChainDecorator.java:351) ~[spring-security-web-6.5.5.jar:6.5.5]
	at org.springframework.security.web.ObservationFilterChainDecorator.lambda$wrapSecured$0(ObservationFilterChainDecorator.java:83) ~[spring-security-web-6.5.5.jar:6.5.5]
	at org.springframework.security.web.ObservationFilterChainDecorator$VirtualFilterChain.doFilter(ObservationFilterChainDecorator.java:129) ~[spring-security-web-6.5.5.jar:6.5.5]
	at org.springframework.security.web.access.intercept.AuthorizationFilter.doFilter(AuthorizationFilter.java:101) ~[spring-security-web-6.5.5.jar:6.5.5]
	at org.springframework.security.web.ObservationFilterChainDecorator$ObservationFilter.wrapFilter(ObservationFilterChainDecorator.java:241) ~[spring-security-web-6.5.5.jar:6.5.5]
	at org.springframework.security.web.ObservationFilterChainDecorator$ObservationFilter.doFilter(ObservationFilterChainDecorator.java:228) ~[spring-security-web-6.5.5.jar:6.5.5]
	at org.springframework.security.web.ObservationFilterChainDecorator$VirtualFilterChain.doFilter(ObservationFilterChainDecorator.java:138) ~[spring-security-web-6.5.5.jar:6.5.5]
	at org.springframework.security.web.access.ExceptionTranslationFilter.doFilter(ExceptionTranslationFilter.java:125) ~[spring-security-web-6.5.5.jar:6.5.5]
	at org.springframework.security.web.access.ExceptionTranslationFilter.doFilter(ExceptionTranslationFilter.java:119) ~[spring-security-web-6.5.5.jar:6.5.5]
	at org.springframework.security.web.ObservationFilterChainDecorator$ObservationFilter.wrapFilter(ObservationFilterChainDecorator.java:241) ~[spring-security-web-6.5.5.jar:6.5.5]
	at org.springframework.security.web.ObservationFilterChainDecorator$ObservationFilter.doFilter(ObservationFilterChainDecorator.java:228) ~[spring-security-web-6.5.5.jar:6.5.5]
	at org.springframework.security.web.ObservationFilterChainDecorator$VirtualFilterChain.doFilter(ObservationFilterChainDecorator.java:138) ~[spring-security-web-6.5.5.jar:6.5.5]
	at org.springframework.security.web.authentication.AnonymousAuthenticationFilter.doFilter(AnonymousAuthenticationFilter.java:100) ~[spring-security-web-6.5.5.jar:6.5.5]
	at org.springframework.security.web.ObservationFilterChainDecorator$ObservationFilter.wrapFilter(ObservationFilterChainDecorator.java:241) ~[spring-security-web-6.5.5.jar:6.5.5]
	at org.springframework.security.web.ObservationFilterChainDecorator$ObservationFilter.doFilter(ObservationFilterChainDecorator.java:228) ~[spring-security-web-6.5.5.jar:6.5.5]
	at org.springframework.security.web.ObservationFilterChainDecorator$VirtualFilterChain.doFilter(ObservationFilterChainDecorator.java:138) ~[spring-security-web-6.5.5.jar:6.5.5]
	at org.springframework.security.web.servletapi.SecurityContextHolderAwareRequestFilter.doFilter(SecurityContextHolderAwareRequestFilter.java:179) ~[spring-security-web-6.5.5.jar:6.5.5]
	at org.springframework.security.web.ObservationFilterChainDecorator$ObservationFilter.wrapFilter(ObservationFilterChainDecorator.java:241) ~[spring-security-web-6.5.5.jar:6.5.5]
	at org.springframework.security.web.ObservationFilterChainDecorator$ObservationFilter.doFilter(ObservationFilterChainDecorator.java:228) ~[spring-security-web-6.5.5.jar:6.5.5]
	at org.springframework.security.web.ObservationFilterChainDecorator$VirtualFilterChain.doFilter(ObservationFilterChainDecorator.java:138) ~[spring-security-web-6.5.5.jar:6.5.5]
	at org.springframework.security.web.savedrequest.RequestCacheAwareFilter.doFilter(RequestCacheAwareFilter.java:63) ~[spring-security-web-6.5.5.jar:6.5.5]
	at org.springframework.security.web.ObservationFilterChainDecorator$ObservationFilter.wrapFilter(ObservationFilterChainDecorator.java:241) ~[spring-security-web-6.5.5.jar:6.5.5]
	at org.springframework.security.web.ObservationFilterChainDecorator$ObservationFilter.doFilter(ObservationFilterChainDecorator.java:228) ~[spring-security-web-6.5.5.jar:6.5.5]
	at org.springframework.security.web.ObservationFilterChainDecorator$VirtualFilterChain.doFilter(ObservationFilterChainDecorator.java:138) ~[spring-security-web-6.5.5.jar:6.5.5]
	at org.springframework.security.web.authentication.logout.LogoutFilter.doFilter(LogoutFilter.java:107) ~[spring-security-web-6.5.5.jar:6.5.5]
	at org.springframework.security.web.authentication.logout.LogoutFilter.doFilter(LogoutFilter.java:93) ~[spring-security-web-6.5.5.jar:6.5.5]
	at org.springframework.security.web.ObservationFilterChainDecorator$ObservationFilter.wrapFilter(ObservationFilterChainDecorator.java:241) ~[spring-security-web-6.5.5.jar:6.5.5]
	at org.springframework.security.web.ObservationFilterChainDecorator$ObservationFilter.doFilter(ObservationFilterChainDecorator.java:228) ~[spring-security-web-6.5.5.jar:6.5.5]
	at org.springframework.security.web.ObservationFilterChainDecorator$VirtualFilterChain.doFilter(ObservationFilterChainDecorator.java:138) ~[spring-security-web-6.5.5.jar:6.5.5]
	at org.springframework.security.web.header.HeaderWriterFilter.doHeadersAfter(HeaderWriterFilter.java:90) ~[spring-security-web-6.5.5.jar:6.5.5]
	at org.springframework.security.web.header.HeaderWriterFilter.doFilterInternal(HeaderWriterFilter.java:75) ~[spring-security-web-6.5.5.jar:6.5.5]
	at org.springframework.web.filter.OncePerRequestFilter.doFilter(OncePerRequestFilter.java:116) ~[spring-web-6.2.11.jar:6.2.11]
	at org.springframework.security.web.ObservationFilterChainDecorator$ObservationFilter.wrapFilter(ObservationFilterChainDecorator.java:241) ~[spring-security-web-6.5.5.jar:6.5.5]
	at org.springframework.security.web.ObservationFilterChainDecorator$ObservationFilter.doFilter(ObservationFilterChainDecorator.java:228) ~[spring-security-web-6.5.5.jar:6.5.5]
	at org.springframework.security.web.ObservationFilterChainDecorator$VirtualFilterChain.doFilter(ObservationFilterChainDecorator.java:138) ~[spring-security-web-6.5.5.jar:6.5.5]
	at org.springframework.security.web.context.SecurityContextHolderFilter.doFilter(SecurityContextHolderFilter.java:82) ~[spring-security-web-6.5.5.jar:6.5.5]
	at org.springframework.security.web.context.SecurityContextHolderFilter.doFilter(SecurityContextHolderFilter.java:69) ~[spring-security-web-6.5.5.jar:6.5.5]
	at org.springframework.security.web.ObservationFilterChainDecorator$ObservationFilter.wrapFilter(ObservationFilterChainDecorator.java:241) ~[spring-security-web-6.5.5.jar:6.5.5]
	at org.springframework.security.web.ObservationFilterChainDecorator$ObservationFilter.doFilter(ObservationFilterChainDecorator.java:228) ~[spring-security-web-6.5.5.jar:6.5.5]
	at org.springframework.security.web.ObservationFilterChainDecorator$VirtualFilterChain.doFilter(ObservationFilterChainDecorator.java:138) ~[spring-security-web-6.5.5.jar:6.5.5]
	at org.springframework.security.web.context.request.async.WebAsyncManagerIntegrationFilter.doFilterInternal(WebAsyncManagerIntegrationFilter.java:62) ~[spring-security-web-6.5.5.jar:6.5.5]
	at org.springframework.web.filter.OncePerRequestFilter.doFilter(OncePerRequestFilter.java:116) ~[spring-web-6.2.11.jar:6.2.11]
	at org.springframework.security.web.ObservationFilterChainDecorator$ObservationFilter.wrapFilter(ObservationFilterChainDecorator.java:241) ~[spring-security-web-6.5.5.jar:6.5.5]
	at org.springframework.security.web.ObservationFilterChainDecorator$ObservationFilter.doFilter(ObservationFilterChainDecorator.java:228) ~[spring-security-web-6.5.5.jar:6.5.5]
	at org.springframework.security.web.ObservationFilterChainDecorator$VirtualFilterChain.doFilter(ObservationFilterChainDecorator.java:138) ~[spring-security-web-6.5.5.jar:6.5.5]
	at org.springframework.security.web.session.DisableEncodeUrlFilter.doFilterInternal(DisableEncodeUrlFilter.java:42) ~[spring-security-web-6.5.5.jar:6.5.5]
	at org.springframework.web.filter.OncePerRequestFilter.doFilter(OncePerRequestFilter.java:116) ~[spring-web-6.2.11.jar:6.2.11]
	at org.springframework.security.web.ObservationFilterChainDecorator$ObservationFilter.wrapFilter(ObservationFilterChainDecorator.java:241) ~[spring-security-web-6.5.5.jar:6.5.5]
	at org.springframework.security.web.ObservationFilterChainDecorator$AroundFilterObservation$SimpleAroundFilterObservation.lambda$wrap$0(ObservationFilterChainDecorator.java:334) ~[spring-security-web-6.5.5.jar:6.5.5]
	at org.springframework.security.web.ObservationFilterChainDecorator$ObservationFilter.doFilter(ObservationFilterChainDecorator.java:225) ~[spring-security-web-6.5.5.jar:6.5.5]
	at org.springframework.security.web.ObservationFilterChainDecorator$VirtualFilterChain.doFilter(ObservationFilterChainDecorator.java:138) ~[spring-security-web-6.5.5.jar:6.5.5]
	at org.springframework.security.web.FilterChainProxy.doFilterInternal(FilterChainProxy.java:233) ~[spring-security-web-6.5.5.jar:6.5.5]
	at org.springframework.security.web.FilterChainProxy.doFilter(FilterChainProxy.java:191) ~[spring-security-web-6.5.5.jar:6.5.5]
	at org.springframework.web.filter.CompositeFilter$VirtualFilterChain.doFilter(CompositeFilter.java:113) ~[spring-web-6.2.11.jar:6.2.11]
	at org.springframework.web.filter.ServletRequestPathFilter.doFilter(ServletRequestPathFilter.java:52) ~[spring-web-6.2.11.jar:6.2.11]
	at org.springframework.web.filter.CompositeFilter$VirtualFilterChain.doFilter(CompositeFilter.java:113) ~[spring-web-6.2.11.jar:6.2.11]
	at org.springframework.web.filter.CompositeFilter.doFilter(CompositeFilter.java:74) ~[spring-web-6.2.11.jar:6.2.11]
	at org.springframework.security.config.annotation.web.configuration.WebSecurityConfiguration$CompositeFilterChainProxy.doFilter(WebSecurityConfiguration.java:319) ~[spring-security-config-6.5.5.jar:6.5.5]
	at org.springframework.web.filter.CompositeFilter$VirtualFilterChain.doFilter(CompositeFilter.java:113) ~[spring-web-6.2.11.jar:6.2.11]
	at org.springframework.web.servlet.handler.HandlerMappingIntrospector.lambda$createCacheFilter$4(HandlerMappingIntrospector.java:267) ~[spring-webmvc-6.2.11.jar:6.2.11]
	at org.springframework.web.filter.CompositeFilter$VirtualFilterChain.doFilter(CompositeFilter.java:113) ~[spring-web-6.2.11.jar:6.2.11]
	at org.springframework.web.filter.CompositeFilter.doFilter(CompositeFilter.java:74) ~[spring-web-6.2.11.jar:6.2.11]
	at org.springframework.security.config.annotation.web.configuration.WebMvcSecurityConfiguration$CompositeFilterChainProxy.doFilter(WebMvcSecurityConfiguration.java:240) ~[spring-security-config-6.5.5.jar:6.5.5]
	at org.springframework.web.filter.DelegatingFilterProxy.invokeDelegate(DelegatingFilterProxy.java:362) ~[spring-web-6.2.11.jar:6.2.11]
	at org.springframework.web.filter.DelegatingFilterProxy.doFilter(DelegatingFilterProxy.java:278) ~[spring-web-6.2.11.jar:6.2.11]
	at org.apache.catalina.core.ApplicationFilterChain.internalDoFilter(ApplicationFilterChain.java:164) ~[tomcat-embed-core-10.1.46.jar:10.1.46]
	at org.apache.catalina.core.ApplicationFilterChain.doFilter(ApplicationFilterChain.java:140) ~[tomcat-embed-core-10.1.46.jar:10.1.46]
	at org.springframework.web.filter.RequestContextFilter.doFilterInternal(RequestContextFilter.java:100) ~[spring-web-6.2.11.jar:6.2.11]
	at org.springframework.web.filter.OncePerRequestFilter.doFilter(OncePerRequestFilter.java:116) ~[spring-web-6.2.11.jar:6.2.11]
	at org.apache.catalina.core.ApplicationFilterChain.internalDoFilter(ApplicationFilterChain.java:164) ~[tomcat-embed-core-10.1.46.jar:10.1.46]
	at org.apache.catalina.core.ApplicationFilterChain.doFilter(ApplicationFilterChain.java:140) ~[tomcat-embed-core-10.1.46.jar:10.1.46]
	at org.springframework.web.filter.FormContentFilter.doFilterInternal(FormContentFilter.java:93) ~[spring-web-6.2.11.jar:6.2.11]
	at org.springframework.web.filter.OncePerRequestFilter.doFilter(OncePerRequestFilter.java:116) ~[spring-web-6.2.11.jar:6.2.11]
	at org.apache.catalina.core.ApplicationFilterChain.internalDoFilter(ApplicationFilterChain.java:164) ~[tomcat-embed-core-10.1.46.jar:10.1.46]
	at org.apache.catalina.core.ApplicationFilterChain.doFilter(ApplicationFilterChain.java:140) ~[tomcat-embed-core-10.1.46.jar:10.1.46]
	at org.springframework.web.filter.ServerHttpObservationFilter.doFilterInternal(ServerHttpObservationFilter.java:110) ~[spring-web-6.2.11.jar:6.2.11]
	at org.springframework.web.filter.OncePerRequestFilter.doFilter(OncePerRequestFilter.java:116) ~[spring-web-6.2.11.jar:6.2.11]
	at org.apache.catalina.core.ApplicationFilterChain.internalDoFilter(ApplicationFilterChain.java:164) ~[tomcat-embed-core-10.1.46.jar:10.1.46]
	at org.apache.catalina.core.ApplicationFilterChain.doFilter(ApplicationFilterChain.java:140) ~[tomcat-embed-core-10.1.46.jar:10.1.46]
	at org.springframework.web.filter.CharacterEncodingFilter.doFilterInternal(CharacterEncodingFilter.java:201) ~[spring-web-6.2.11.jar:6.2.11]
	at org.springframework.web.filter.OncePerRequestFilter.doFilter(OncePerRequestFilter.java:116) ~[spring-web-6.2.11.jar:6.2.11]
	at org.apache.catalina.core.ApplicationFilterChain.internalDoFilter(ApplicationFilterChain.java:164) ~[tomcat-embed-core-10.1.46.jar:10.1.46]
	at org.apache.catalina.core.ApplicationFilterChain.doFilter(ApplicationFilterChain.java:140) ~[tomcat-embed-core-10.1.46.jar:10.1.46]
	at org.apache.catalina.core.StandardWrapperValve.invoke(StandardWrapperValve.java:167) ~[tomcat-embed-core-10.1.46.jar:10.1.46]
	at org.apache.catalina.core.StandardContextValve.invoke(StandardContextValve.java:90) ~[tomcat-embed-core-10.1.46.jar:10.1.46]
	at org.apache.catalina.authenticator.AuthenticatorBase.invoke(AuthenticatorBase.java:483) ~[tomcat-embed-core-10.1.46.jar:10.1.46]
	at org.apache.catalina.core.StandardHostValve.invoke(StandardHostValve.java:116) ~[tomcat-embed-core-10.1.46.jar:10.1.46]
	at org.apache.catalina.valves.ErrorReportValve.invoke(ErrorReportValve.java:93) ~[tomcat-embed-core-10.1.46.jar:10.1.46]
	at org.apache.catalina.core.StandardEngineValve.invoke(StandardEngineValve.java:74) ~[tomcat-embed-core-10.1.46.jar:10.1.46]
	at org.apache.catalina.connector.CoyoteAdapter.service(CoyoteAdapter.java:344) ~[tomcat-embed-core-10.1.46.jar:10.1.46]
	at org.apache.coyote.http11.Http11Processor.service(Http11Processor.java:398) ~[tomcat-embed-core-10.1.46.jar:10.1.46]
	at org.apache.coyote.AbstractProcessorLight.process(AbstractProcessorLight.java:63) ~[tomcat-embed-core-10.1.46.jar:10.1.46]
	at org.apache.coyote.AbstractProtocol$ConnectionHandler.process(AbstractProtocol.java:903) ~[tomcat-embed-core-10.1.46.jar:10.1.46]
	at org.apache.tomcat.util.net.NioEndpoint$SocketProcessor.doRun(NioEndpoint.java:1776) ~[tomcat-embed-core-10.1.46.jar:10.1.46]
	at org.apache.tomcat.util.net.SocketProcessorBase.run(SocketProcessorBase.java:52) ~[tomcat-embed-core-10.1.46.jar:10.1.46]
	at org.apache.tomcat.util.threads.ThreadPoolExecutor.runWorker(ThreadPoolExecutor.java:975) ~[tomcat-embed-core-10.1.46.jar:10.1.46]
	at org.apache.tomcat.util.threads.ThreadPoolExecutor$Worker.run(ThreadPoolExecutor.java:493) ~[tomcat-embed-core-10.1.46.jar:10.1.46]
	at org.apache.tomcat.util.threads.TaskThread$WrappingRunnable.run(TaskThread.java:63) ~[tomcat-embed-core-10.1.46.jar:10.1.46]
	at java.base/java.lang.Thread.run(Thread.java:1447) ~[na:na]

2025-10-26T11:16:15.787+05:30  WARN 5909 --- [SneakoAplication] [http-nio-8085-exec-1] .w.s.m.s.DefaultHandlerExceptionResolver : Resolved [org.springframework.http.converter.HttpMessageNotReadableException: JSON parse error: Unexpected character ('}' (code 125)): was expecting double-quote to start field name]
2025-10-26T11:17:09.030+05:30  INFO 5909 --- [SneakoAplication] [SpringApplicationShutdownHook] o.s.b.w.e.tomcat.GracefulShutdown        : Commencing graceful shutdown. Waiting for active requests to complete
2025-10-26T11:17:09.036+05:30  INFO 5909 --- [SneakoAplication] [tomcat-shutdown] o.s.b.w.e.tomcat.GracefulShutdown        : Graceful shutdown complete
2025-10-26T11:17:09.036+05:30  INFO 5909 --- [SneakoAplication] [SpringApplicationShutdownHook] o.s.b.w.e.tomcat.GracefulShutdown        : Commencing graceful shutdown. Waiting for active requests to complete
2025-10-26T11:17:09.037+05:30  INFO 5909 --- [SneakoAplication] [tomcat-shutdown] o.s.b.w.e.tomcat.GracefulShutdown        : Graceful shutdown complete
2025-10-26T11:17:09.045+05:30  INFO 5909 --- [SneakoAplication] [SpringApplicationShutdownHook] j.LocalContainerEntityManagerFactoryBean : Closing JPA EntityManagerFactory for persistence unit 'default'
2025-10-26T11:17:09.047+05:30  INFO 5909 --- [SneakoAplication] [SpringApplicationShutdownHook] com.zaxxer.hikari.HikariDataSource       : HikariPool-1 - Shutdown initiated...
2025-10-26T11:17:09.049+05:30  INFO 5909 --- [SneakoAplication] [SpringApplicationShutdownHook] com.zaxxer.hikari.HikariDataSource       : HikariPool-1 - Shutdown completed.
2025-10-26T11:17:10.545+05:30  INFO 5944 --- [SneakoAplication] [main] o.g.a.SneakoAplication.SneakoAplication  : Starting SneakoAplication using Java 24.0.2 with PID 5944 (/Users/saurabhsanjaydeshmukh/Sneako/SneakoBackend/target/classes started by saurabhsanjaydeshmukh in /Users/saurabhsanjaydeshmukh/Sneako/SneakoBackend)
2025-10-26T11:17:10.546+05:30  INFO 5944 --- [SneakoAplication] [main] o.g.a.SneakoAplication.SneakoAplication  : The following 1 profile is active: "dev"
2025-10-26T11:17:10.939+05:30  INFO 5944 --- [SneakoAplication] [main] .s.d.r.c.RepositoryConfigurationDelegate : Bootstrapping Spring Data JPA repositories in DEFAULT mode.
2025-10-26T11:17:10.965+05:30  INFO 5944 --- [SneakoAplication] [main] .s.d.r.c.RepositoryConfigurationDelegate : Finished Spring Data repository scanning in 23 ms. Found 8 JPA repository interfaces.
2025-10-26T11:17:11.151+05:30  INFO 5944 --- [SneakoAplication] [main] o.s.b.w.embedded.tomcat.TomcatWebServer  : Tomcat initialized with port 8085 (http)
2025-10-26T11:17:11.157+05:30  INFO 5944 --- [SneakoAplication] [main] o.apache.catalina.core.StandardService   : Starting service [Tomcat]
2025-10-26T11:17:11.157+05:30  INFO 5944 --- [SneakoAplication] [main] o.apache.catalina.core.StandardEngine    : Starting Servlet engine: [Apache Tomcat/10.1.46]
2025-10-26T11:17:11.176+05:30  INFO 5944 --- [SneakoAplication] [main] o.a.c.c.C.[Tomcat].[localhost].[/]       : Initializing Spring embedded WebApplicationContext
2025-10-26T11:17:11.176+05:30  INFO 5944 --- [SneakoAplication] [main] w.s.c.ServletWebServerApplicationContext : Root WebApplicationContext: initialization completed in 609 ms
2025-10-26T11:17:11.242+05:30  INFO 5944 --- [SneakoAplication] [main] com.zaxxer.hikari.HikariDataSource       : HikariPool-1 - Starting...
2025-10-26T11:17:11.304+05:30  INFO 5944 --- [SneakoAplication] [main] com.zaxxer.hikari.pool.HikariPool        : HikariPool-1 - Added connection com.mysql.cj.jdbc.ConnectionImpl@655203e3
2025-10-26T11:17:11.305+05:30  INFO 5944 --- [SneakoAplication] [main] com.zaxxer.hikari.HikariDataSource       : HikariPool-1 - Start completed.
2025-10-26T11:17:11.318+05:30  INFO 5944 --- [SneakoAplication] [main] o.hibernate.jpa.internal.util.LogHelper  : HHH000204: Processing PersistenceUnitInfo [name: default]
2025-10-26T11:17:11.332+05:30  INFO 5944 --- [SneakoAplication] [main] org.hibernate.Version                    : HHH000412: Hibernate ORM core version 6.6.29.Final
2025-10-26T11:17:11.341+05:30  INFO 5944 --- [SneakoAplication] [main] o.h.c.internal.RegionFactoryInitiator    : HHH000026: Second-level cache disabled
2025-10-26T11:17:11.433+05:30  INFO 5944 --- [SneakoAplication] [main] o.s.o.j.p.SpringPersistenceUnitInfo      : No LoadTimeWeaver setup: ignoring JPA class transformer
2025-10-26T11:17:11.465+05:30  WARN 5944 --- [SneakoAplication] [main] org.hibernate.orm.deprecation            : HHH90000025: MySQLDialect does not need to be specified explicitly using 'hibernate.dialect' (remove the property setting and it will be selected by default)
2025-10-26T11:17:11.469+05:30  INFO 5944 --- [SneakoAplication] [main] org.hibernate.orm.connections.pooling    : HHH10001005: Database info:
	Database JDBC URL [Connecting through datasource 'HikariDataSource (HikariPool-1)']
	Database driver: undefined/unknown
	Database version: 9.5
	Autocommit mode: undefined/unknown
	Isolation level: undefined/unknown
	Minimum pool size: undefined/unknown
	Maximum pool size: undefined/unknown
2025-10-26T11:17:11.816+05:30  INFO 5944 --- [SneakoAplication] [main] o.h.e.t.j.p.i.JtaPlatformInitiator       : HHH000489: No JTA platform available (set 'hibernate.transaction.jta.platform' to enable JTA platform integration)
2025-10-26T11:17:11.863+05:30  INFO 5944 --- [SneakoAplication] [main] j.LocalContainerEntityManagerFactoryBean : Initialized JPA EntityManagerFactory for persistence unit 'default'
2025-10-26T11:17:12.073+05:30  WARN 5944 --- [SneakoAplication] [main] JpaBaseConfiguration$JpaWebConfiguration : spring.jpa.open-in-view is enabled by default. Therefore, database queries may be performed during view rendering. Explicitly configure spring.jpa.open-in-view to disable this warning
2025-10-26T11:17:12.082+05:30  INFO 5944 --- [SneakoAplication] [main] eAuthenticationProviderManagerConfigurer : Global AuthenticationManager configured with AuthenticationProvider bean with name daoAuthenticationProvider
2025-10-26T11:17:12.083+05:30  WARN 5944 --- [SneakoAplication] [main] r$InitializeUserDetailsManagerConfigurer : Global AuthenticationManager configured with an AuthenticationProvider bean. UserDetailsService beans will not be used by Spring Security for automatically configuring username/password login. Consider removing the AuthenticationProvider bean. Alternatively, consider using the UserDetailsService in a manually instantiated DaoAuthenticationProvider. If the current configuration is intentional, to turn off this warning, increase the logging level of 'org.springframework.security.config.annotation.authentication.configuration.InitializeUserDetailsBeanManagerConfigurer' to ERROR
2025-10-26T11:17:12.320+05:30  INFO 5944 --- [SneakoAplication] [main] o.s.b.a.h2.H2ConsoleAutoConfiguration    : H2 console available at '/h2-console'. Database available at 'jdbc:mysql://localhost:3306/sneako?allowPublicKeyRetrieval=true&createDatabaseIfNotExist=true&useSSL=false'
2025-10-26T11:17:12.359+05:30  INFO 5944 --- [SneakoAplication] [main] o.s.b.w.embedded.tomcat.TomcatWebServer  : Tomcat started on port 8085 (http) with context path '/'
2025-10-26T11:17:12.381+05:30  INFO 5944 --- [SneakoAplication] [main] o.s.b.w.embedded.tomcat.TomcatWebServer  : Tomcat initialized with port 8086 (http)
2025-10-26T11:17:12.381+05:30  INFO 5944 --- [SneakoAplication] [main] o.apache.catalina.core.StandardService   : Starting service [Tomcat]
2025-10-26T11:17:12.381+05:30  INFO 5944 --- [SneakoAplication] [main] o.apache.catalina.core.StandardEngine    : Starting Servlet engine: [Apache Tomcat/10.1.46]
2025-10-26T11:17:12.386+05:30  INFO 5944 --- [SneakoAplication] [main] o.a.c.c.C.[Tomcat-1].[localhost].[/]     : Initializing Spring embedded WebApplicationContext
2025-10-26T11:17:12.386+05:30  INFO 5944 --- [SneakoAplication] [main] w.s.c.ServletWebServerApplicationContext : Root WebApplicationContext: initialization completed in 26 ms
2025-10-26T11:17:12.391+05:30  INFO 5944 --- [SneakoAplication] [main] o.s.b.a.e.web.EndpointLinksResolver      : Exposing 14 endpoints beneath base path '/actuator'
2025-10-26T11:17:12.405+05:30  INFO 5944 --- [SneakoAplication] [main] o.s.b.w.embedded.tomcat.TomcatWebServer  : Tomcat started on port 8086 (http) with context path '/'
2025-10-26T11:17:12.412+05:30  INFO 5944 --- [SneakoAplication] [main] o.g.a.SneakoAplication.SneakoAplication  : Started SneakoAplication in 2.041 seconds (process running for 2.176)
2025-10-26T11:17:12.484+05:30 DEBUG 5944 --- [SneakoAplication] [main] org.hibernate.SQL                        : select r1_0.role_id,r1_0.created_at,r1_0.name,r1_0.updated_at,r1_0.version from roles r1_0 where r1_0.name=?
2025-10-26T11:17:12.496+05:30 DEBUG 5944 --- [SneakoAplication] [main] org.hibernate.SQL                        : select r1_0.role_id,r1_0.created_at,r1_0.name,r1_0.updated_at,r1_0.version from roles r1_0 where r1_0.name=?
2025-10-26T11:17:12.497+05:30 DEBUG 5944 --- [SneakoAplication] [main] org.hibernate.SQL                        : select u1_0.userid,u1_0.address,u1_0.created_at,u1_0.email,u1_0.password,u1_0.phone_number,u1_0.updated_at,u1_0.user_name,u1_0.version from users u1_0 where u1_0.user_name=?
2025-10-26T11:17:12.499+05:30 DEBUG 5944 --- [SneakoAplication] [main] org.hibernate.SQL                        : select r1_0.user_id,r1_1.role_id,r1_1.created_at,r1_1.name,r1_1.updated_at,r1_1.version from user_roles r1_0 join roles r1_1 on r1_1.role_id=r1_0.role_id where r1_0.user_id=?
2025-10-26T11:17:22.238+05:30  INFO 5944 --- [SneakoAplication] [http-nio-8085-exec-1] o.a.c.c.C.[Tomcat].[localhost].[/]       : Initializing Spring DispatcherServlet 'dispatcherServlet'
2025-10-26T11:17:22.239+05:30  INFO 5944 --- [SneakoAplication] [http-nio-8085-exec-1] o.s.web.servlet.DispatcherServlet        : Initializing Servlet 'dispatcherServlet'
2025-10-26T11:17:22.240+05:30  INFO 5944 --- [SneakoAplication] [http-nio-8085-exec-1] o.s.web.servlet.DispatcherServlet        : Completed initialization in 1 ms
2025-10-26T11:17:22.288+05:30 DEBUG 5944 --- [SneakoAplication] [http-nio-8085-exec-1] org.hibernate.SQL                        : select o1_0.order_id,o1_0.created_at,o1_0.order_date,o1_0.order_status,o1_0.shipping_address,o1_0.total_price,o1_0.updated_at,o1_0.user_id,o1_0.version from order_tbl o1_0 where o1_0.order_id=?
2025-10-26T11:17:22.298+05:30 DEBUG 5944 --- [SneakoAplication] [http-nio-8085-exec-1] org.hibernate.SQL                        : insert into order_item (created_at,order_id,product_id,quantity,size,total_price,unit_price,updated_at,version) values (?,?,?,?,?,?,?,?,?)
2025-10-26T11:17:22.306+05:30 DEBUG 5944 --- [SneakoAplication] [http-nio-8085-exec-1] org.hibernate.SQL                        : select oi1_0.order_item_id,oi1_0.created_at,oi1_0.order_id,oi1_0.product_id,oi1_0.quantity,oi1_0.size,oi1_0.total_price,oi1_0.unit_price,oi1_0.updated_at,oi1_0.version from order_item oi1_0 left join order_tbl o1_0 on o1_0.order_id=oi1_0.order_id where o1_0.order_id=?
2025-10-26T11:17:22.311+05:30 ERROR 5944 --- [SneakoAplication] [http-nio-8085-exec-1] o.a.c.c.C.[.[.[/].[dispatcherServlet]    : Servlet.service() for servlet [dispatcherServlet] in context with path [] threw exception [Request processing failed: org.springframework.transaction.TransactionSystemException: Could not commit JPA transaction] with root cause

java.lang.NullPointerException: Cannot invoke "java.lang.Long.longValue()" because "current" is null
	at org.hibernate.type.descriptor.java.LongJavaType.next(LongJavaType.java:213) ~[hibernate-core-6.6.29.Final.jar:6.6.29.Final]
	at org.hibernate.type.descriptor.java.LongJavaType.next(LongJavaType.java:24) ~[hibernate-core-6.6.29.Final.jar:6.6.29.Final]
	at org.hibernate.engine.internal.Versioning.increment(Versioning.java:167) ~[hibernate-core-6.6.29.Final.jar:6.6.29.Final]
	at org.hibernate.generator.internal.VersionGeneration.generate(VersionGeneration.java:51) ~[hibernate-core-6.6.29.Final.jar:6.6.29.Final]
	at org.hibernate.engine.internal.Versioning.incrementVersion(Versioning.java:152) ~[hibernate-core-6.6.29.Final.jar:6.6.29.Final]
	at org.hibernate.event.internal.DefaultFlushEntityEventListener.getNextVersion(DefaultFlushEntityEventListener.java:401) ~[hibernate-core-6.6.29.Final.jar:6.6.29.Final]
	at org.hibernate.event.internal.DefaultFlushEntityEventListener.scheduleUpdate(DefaultFlushEntityEventListener.java:247) ~[hibernate-core-6.6.29.Final.jar:6.6.29.Final]
	at org.hibernate.event.internal.DefaultFlushEntityEventListener.onFlushEntity(DefaultFlushEntityEventListener.java:143) ~[hibernate-core-6.6.29.Final.jar:6.6.29.Final]
	at org.hibernate.event.service.internal.EventListenerGroupImpl.fireEventOnEachListener(EventListenerGroupImpl.java:127) ~[hibernate-core-6.6.29.Final.jar:6.6.29.Final]
	at org.hibernate.event.internal.AbstractFlushingEventListener.flushEntities(AbstractFlushingEventListener.java:269) ~[hibernate-core-6.6.29.Final.jar:6.6.29.Final]
	at org.hibernate.event.internal.AbstractFlushingEventListener.flushEverythingToExecutions(AbstractFlushingEventListener.java:90) ~[hibernate-core-6.6.29.Final.jar:6.6.29.Final]
	at org.hibernate.event.internal.AbstractFlushingEventListener.flushEverythingToExecutions(AbstractFlushingEventListener.java:84) ~[hibernate-core-6.6.29.Final.jar:6.6.29.Final]
	at org.hibernate.event.internal.DefaultFlushEventListener.onFlush(DefaultFlushEventListener.java:40) ~[hibernate-core-6.6.29.Final.jar:6.6.29.Final]
	at org.hibernate.event.service.internal.EventListenerGroupImpl.fireEventOnEachListener(EventListenerGroupImpl.java:127) ~[hibernate-core-6.6.29.Final.jar:6.6.29.Final]
	at org.hibernate.internal.SessionImpl.doFlush(SessionImpl.java:1429) ~[hibernate-core-6.6.29.Final.jar:6.6.29.Final]
	at org.hibernate.internal.SessionImpl.managedFlush(SessionImpl.java:491) ~[hibernate-core-6.6.29.Final.jar:6.6.29.Final]
	at org.hibernate.internal.SessionImpl.flushBeforeTransactionCompletion(SessionImpl.java:2354) ~[hibernate-core-6.6.29.Final.jar:6.6.29.Final]
	at org.hibernate.internal.SessionImpl.beforeTransactionCompletion(SessionImpl.java:1978) ~[hibernate-core-6.6.29.Final.jar:6.6.29.Final]
	at org.hibernate.engine.jdbc.internal.JdbcCoordinatorImpl.beforeTransactionCompletion(JdbcCoordinatorImpl.java:439) ~[hibernate-core-6.6.29.Final.jar:6.6.29.Final]
	at org.hibernate.resource.transaction.backend.jdbc.internal.JdbcResourceLocalTransactionCoordinatorImpl.beforeCompletionCallback(JdbcResourceLocalTransactionCoordinatorImpl.java:169) ~[hibernate-core-6.6.29.Final.jar:6.6.29.Final]
	at org.hibernate.resource.transaction.backend.jdbc.internal.JdbcResourceLocalTransactionCoordinatorImpl$TransactionDriverControlImpl.commit(JdbcResourceLocalTransactionCoordinatorImpl.java:267) ~[hibernate-core-6.6.29.Final.jar:6.6.29.Final]
	at org.hibernate.engine.transaction.internal.TransactionImpl.commit(TransactionImpl.java:101) ~[hibernate-core-6.6.29.Final.jar:6.6.29.Final]
	at org.springframework.orm.jpa.JpaTransactionManager.doCommit(JpaTransactionManager.java:563) ~[spring-orm-6.2.11.jar:6.2.11]
	at org.springframework.transaction.support.AbstractPlatformTransactionManager.processCommit(AbstractPlatformTransactionManager.java:795) ~[spring-tx-6.2.11.jar:6.2.11]
	at org.springframework.transaction.support.AbstractPlatformTransactionManager.commit(AbstractPlatformTransactionManager.java:758) ~[spring-tx-6.2.11.jar:6.2.11]
	at org.springframework.transaction.interceptor.TransactionAspectSupport.commitTransactionAfterReturning(TransactionAspectSupport.java:698) ~[spring-tx-6.2.11.jar:6.2.11]
	at org.springframework.transaction.interceptor.TransactionAspectSupport.invokeWithinTransaction(TransactionAspectSupport.java:416) ~[spring-tx-6.2.11.jar:6.2.11]
	at org.springframework.transaction.interceptor.TransactionInterceptor.invoke(TransactionInterceptor.java:119) ~[spring-tx-6.2.11.jar:6.2.11]
	at org.springframework.aop.framework.ReflectiveMethodInvocation.proceed(ReflectiveMethodInvocation.java:184) ~[spring-aop-6.2.11.jar:6.2.11]
	at org.springframework.aop.framework.CglibAopProxy$DynamicAdvisedInterceptor.intercept(CglibAopProxy.java:728) ~[spring-aop-6.2.11.jar:6.2.11]
	at org.genc.app.SneakoAplication.service.api.impl.OrderItemServiceImpl$$SpringCGLIB$$0.createOrderItem(<generated>) ~[classes/:na]
	at org.genc.app.SneakoAplication.contoller.OrderItemController.createOrderItem(OrderItemController.java:21) ~[classes/:na]
	at java.base/jdk.internal.reflect.DirectMethodHandleAccessor.invoke(DirectMethodHandleAccessor.java:104) ~[na:na]
	at java.base/java.lang.reflect.Method.invoke(Method.java:565) ~[na:na]
	at org.springframework.web.method.support.InvocableHandlerMethod.doInvoke(InvocableHandlerMethod.java:258) ~[spring-web-6.2.11.jar:6.2.11]
	at org.springframework.web.method.support.InvocableHandlerMethod.invokeForRequest(InvocableHandlerMethod.java:191) ~[spring-web-6.2.11.jar:6.2.11]
	at org.springframework.web.servlet.mvc.method.annotation.ServletInvocableHandlerMethod.invokeAndHandle(ServletInvocableHandlerMethod.java:118) ~[spring-webmvc-6.2.11.jar:6.2.11]
	at org.springframework.web.servlet.mvc.method.annotation.RequestMappingHandlerAdapter.invokeHandlerMethod(RequestMappingHandlerAdapter.java:991) ~[spring-webmvc-6.2.11.jar:6.2.11]
	at org.springframework.web.servlet.mvc.method.annotation.RequestMappingHandlerAdapter.handleInternal(RequestMappingHandlerAdapter.java:896) ~[spring-webmvc-6.2.11.jar:6.2.11]
	at org.springframework.web.servlet.mvc.method.AbstractHandlerMethodAdapter.handle(AbstractHandlerMethodAdapter.java:87) ~[spring-webmvc-6.2.11.jar:6.2.11]
	at org.springframework.web.servlet.DispatcherServlet.doDispatch(DispatcherServlet.java:1089) ~[spring-webmvc-6.2.11.jar:6.2.11]
	at org.springframework.web.servlet.DispatcherServlet.doService(DispatcherServlet.java:979) ~[spring-webmvc-6.2.11.jar:6.2.11]
	at org.springframework.web.servlet.FrameworkServlet.processRequest(FrameworkServlet.java:1014) ~[spring-webmvc-6.2.11.jar:6.2.11]
	at org.springframework.web.servlet.FrameworkServlet.doPost(FrameworkServlet.java:914) ~[spring-webmvc-6.2.11.jar:6.2.11]
	at jakarta.servlet.http.HttpServlet.service(HttpServlet.java:590) ~[tomcat-embed-core-10.1.46.jar:6.0]
	at org.springframework.web.servlet.FrameworkServlet.service(FrameworkServlet.java:885) ~[spring-webmvc-6.2.11.jar:6.2.11]
	at jakarta.servlet.http.HttpServlet.service(HttpServlet.java:658) ~[tomcat-embed-core-10.1.46.jar:6.0]
	at org.apache.catalina.core.ApplicationFilterChain.internalDoFilter(ApplicationFilterChain.java:195) ~[tomcat-embed-core-10.1.46.jar:10.1.46]
	at org.apache.catalina.core.ApplicationFilterChain.doFilter(ApplicationFilterChain.java:140) ~[tomcat-embed-core-10.1.46.jar:10.1.46]
	at org.apache.tomcat.websocket.server.WsFilter.doFilter(WsFilter.java:51) ~[tomcat-embed-websocket-10.1.46.jar:10.1.46]
	at org.apache.catalina.core.ApplicationFilterChain.internalDoFilter(ApplicationFilterChain.java:164) ~[tomcat-embed-core-10.1.46.jar:10.1.46]
	at org.apache.catalina.core.ApplicationFilterChain.doFilter(ApplicationFilterChain.java:140) ~[tomcat-embed-core-10.1.46.jar:10.1.46]
	at org.genc.app.SneakoAplication.security.JwtAuthenticationFilter.doFilterInternal(JwtAuthenticationFilter.java:41) ~[classes/:na]
	at org.springframework.web.filter.OncePerRequestFilter.doFilter(OncePerRequestFilter.java:116) ~[spring-web-6.2.11.jar:6.2.11]
	at org.apache.catalina.core.ApplicationFilterChain.internalDoFilter(ApplicationFilterChain.java:164) ~[tomcat-embed-core-10.1.46.jar:10.1.46]
	at org.apache.catalina.core.ApplicationFilterChain.doFilter(ApplicationFilterChain.java:140) ~[tomcat-embed-core-10.1.46.jar:10.1.46]
	at org.springframework.web.filter.CompositeFilter$VirtualFilterChain.doFilter(CompositeFilter.java:108) ~[spring-web-6.2.11.jar:6.2.11]
	at org.springframework.web.filter.CompositeFilter$VirtualFilterChain.doFilter(CompositeFilter.java:108) ~[spring-web-6.2.11.jar:6.2.11]
	at org.springframework.security.web.FilterChainProxy.lambda$doFilterInternal$3(FilterChainProxy.java:231) ~[spring-security-web-6.5.5.jar:6.5.5]
	at org.springframework.security.web.ObservationFilterChainDecorator$FilterObservation$SimpleFilterObservation.lambda$wrap$1(ObservationFilterChainDecorator.java:490) ~[spring-security-web-6.5.5.jar:6.5.5]
	at org.springframework.security.web.ObservationFilterChainDecorator$AroundFilterObservation$SimpleAroundFilterObservation.lambda$wrap$1(ObservationFilterChainDecorator.java:351) ~[spring-security-web-6.5.5.jar:6.5.5]
	at org.springframework.security.web.ObservationFilterChainDecorator.lambda$wrapSecured$0(ObservationFilterChainDecorator.java:83) ~[spring-security-web-6.5.5.jar:6.5.5]
	at org.springframework.security.web.ObservationFilterChainDecorator$VirtualFilterChain.doFilter(ObservationFilterChainDecorator.java:129) ~[spring-security-web-6.5.5.jar:6.5.5]
	at org.springframework.security.web.access.intercept.AuthorizationFilter.doFilter(AuthorizationFilter.java:101) ~[spring-security-web-6.5.5.jar:6.5.5]
	at org.springframework.security.web.ObservationFilterChainDecorator$ObservationFilter.wrapFilter(ObservationFilterChainDecorator.java:241) ~[spring-security-web-6.5.5.jar:6.5.5]
	at org.springframework.security.web.ObservationFilterChainDecorator$ObservationFilter.doFilter(ObservationFilterChainDecorator.java:228) ~[spring-security-web-6.5.5.jar:6.5.5]
	at org.springframework.security.web.ObservationFilterChainDecorator$VirtualFilterChain.doFilter(ObservationFilterChainDecorator.java:138) ~[spring-security-web-6.5.5.jar:6.5.5]
	at org.springframework.security.web.access.ExceptionTranslationFilter.doFilter(ExceptionTranslationFilter.java:125) ~[spring-security-web-6.5.5.jar:6.5.5]
	at org.springframework.security.web.access.ExceptionTranslationFilter.doFilter(ExceptionTranslationFilter.java:119) ~[spring-security-web-6.5.5.jar:6.5.5]
	at org.springframework.security.web.ObservationFilterChainDecorator$ObservationFilter.wrapFilter(ObservationFilterChainDecorator.java:241) ~[spring-security-web-6.5.5.jar:6.5.5]
	at org.springframework.security.web.ObservationFilterChainDecorator$ObservationFilter.doFilter(ObservationFilterChainDecorator.java:228) ~[spring-security-web-6.5.5.jar:6.5.5]
	at org.springframework.security.web.ObservationFilterChainDecorator$VirtualFilterChain.doFilter(ObservationFilterChainDecorator.java:138) ~[spring-security-web-6.5.5.jar:6.5.5]
	at org.springframework.security.web.authentication.AnonymousAuthenticationFilter.doFilter(AnonymousAuthenticationFilter.java:100) ~[spring-security-web-6.5.5.jar:6.5.5]
	at org.springframework.security.web.ObservationFilterChainDecorator$ObservationFilter.wrapFilter(ObservationFilterChainDecorator.java:241) ~[spring-security-web-6.5.5.jar:6.5.5]
	at org.springframework.security.web.ObservationFilterChainDecorator$ObservationFilter.doFilter(ObservationFilterChainDecorator.java:228) ~[spring-security-web-6.5.5.jar:6.5.5]
	at org.springframework.security.web.ObservationFilterChainDecorator$VirtualFilterChain.doFilter(ObservationFilterChainDecorator.java:138) ~[spring-security-web-6.5.5.jar:6.5.5]
	at org.springframework.security.web.servletapi.SecurityContextHolderAwareRequestFilter.doFilter(SecurityContextHolderAwareRequestFilter.java:179) ~[spring-security-web-6.5.5.jar:6.5.5]
	at org.springframework.security.web.ObservationFilterChainDecorator$ObservationFilter.wrapFilter(ObservationFilterChainDecorator.java:241) ~[spring-security-web-6.5.5.jar:6.5.5]
	at org.springframework.security.web.ObservationFilterChainDecorator$ObservationFilter.doFilter(ObservationFilterChainDecorator.java:228) ~[spring-security-web-6.5.5.jar:6.5.5]
	at org.springframework.security.web.ObservationFilterChainDecorator$VirtualFilterChain.doFilter(ObservationFilterChainDecorator.java:138) ~[spring-security-web-6.5.5.jar:6.5.5]
	at org.springframework.security.web.savedrequest.RequestCacheAwareFilter.doFilter(RequestCacheAwareFilter.java:63) ~[spring-security-web-6.5.5.jar:6.5.5]
	at org.springframework.security.web.ObservationFilterChainDecorator$ObservationFilter.wrapFilter(ObservationFilterChainDecorator.java:241) ~[spring-security-web-6.5.5.jar:6.5.5]
	at org.springframework.security.web.ObservationFilterChainDecorator$ObservationFilter.doFilter(ObservationFilterChainDecorator.java:228) ~[spring-security-web-6.5.5.jar:6.5.5]
	at org.springframework.security.web.ObservationFilterChainDecorator$VirtualFilterChain.doFilter(ObservationFilterChainDecorator.java:138) ~[spring-security-web-6.5.5.jar:6.5.5]
	at org.springframework.security.web.authentication.logout.LogoutFilter.doFilter(LogoutFilter.java:107) ~[spring-security-web-6.5.5.jar:6.5.5]
	at org.springframework.security.web.authentication.logout.LogoutFilter.doFilter(LogoutFilter.java:93) ~[spring-security-web-6.5.5.jar:6.5.5]
	at org.springframework.security.web.ObservationFilterChainDecorator$ObservationFilter.wrapFilter(ObservationFilterChainDecorator.java:241) ~[spring-security-web-6.5.5.jar:6.5.5]
	at org.springframework.security.web.ObservationFilterChainDecorator$ObservationFilter.doFilter(ObservationFilterChainDecorator.java:228) ~[spring-security-web-6.5.5.jar:6.5.5]
	at org.springframework.security.web.ObservationFilterChainDecorator$VirtualFilterChain.doFilter(ObservationFilterChainDecorator.java:138) ~[spring-security-web-6.5.5.jar:6.5.5]
	at org.springframework.security.web.header.HeaderWriterFilter.doHeadersAfter(HeaderWriterFilter.java:90) ~[spring-security-web-6.5.5.jar:6.5.5]
	at org.springframework.security.web.header.HeaderWriterFilter.doFilterInternal(HeaderWriterFilter.java:75) ~[spring-security-web-6.5.5.jar:6.5.5]
	at org.springframework.web.filter.OncePerRequestFilter.doFilter(OncePerRequestFilter.java:116) ~[spring-web-6.2.11.jar:6.2.11]
	at org.springframework.security.web.ObservationFilterChainDecorator$ObservationFilter.wrapFilter(ObservationFilterChainDecorator.java:241) ~[spring-security-web-6.5.5.jar:6.5.5]
	at org.springframework.security.web.ObservationFilterChainDecorator$ObservationFilter.doFilter(ObservationFilterChainDecorator.java:228) ~[spring-security-web-6.5.5.jar:6.5.5]
	at org.springframework.security.web.ObservationFilterChainDecorator$VirtualFilterChain.doFilter(ObservationFilterChainDecorator.java:138) ~[spring-security-web-6.5.5.jar:6.5.5]
	at org.springframework.security.web.context.SecurityContextHolderFilter.doFilter(SecurityContextHolderFilter.java:82) ~[spring-security-web-6.5.5.jar:6.5.5]
	at org.springframework.security.web.context.SecurityContextHolderFilter.doFilter(SecurityContextHolderFilter.java:69) ~[spring-security-web-6.5.5.jar:6.5.5]
	at org.springframework.security.web.ObservationFilterChainDecorator$ObservationFilter.wrapFilter(ObservationFilterChainDecorator.java:241) ~[spring-security-web-6.5.5.jar:6.5.5]
	at org.springframework.security.web.ObservationFilterChainDecorator$ObservationFilter.doFilter(ObservationFilterChainDecorator.java:228) ~[spring-security-web-6.5.5.jar:6.5.5]
	at org.springframework.security.web.ObservationFilterChainDecorator$VirtualFilterChain.doFilter(ObservationFilterChainDecorator.java:138) ~[spring-security-web-6.5.5.jar:6.5.5]
	at org.springframework.security.web.context.request.async.WebAsyncManagerIntegrationFilter.doFilterInternal(WebAsyncManagerIntegrationFilter.java:62) ~[spring-security-web-6.5.5.jar:6.5.5]
	at org.springframework.web.filter.OncePerRequestFilter.doFilter(OncePerRequestFilter.java:116) ~[spring-web-6.2.11.jar:6.2.11]
	at org.springframework.security.web.ObservationFilterChainDecorator$ObservationFilter.wrapFilter(ObservationFilterChainDecorator.java:241) ~[spring-security-web-6.5.5.jar:6.5.5]
	at org.springframework.security.web.ObservationFilterChainDecorator$ObservationFilter.doFilter(ObservationFilterChainDecorator.java:228) ~[spring-security-web-6.5.5.jar:6.5.5]
	at org.springframework.security.web.ObservationFilterChainDecorator$VirtualFilterChain.doFilter(ObservationFilterChainDecorator.java:138) ~[spring-security-web-6.5.5.jar:6.5.5]
	at org.springframework.security.web.session.DisableEncodeUrlFilter.doFilterInternal(DisableEncodeUrlFilter.java:42) ~[spring-security-web-6.5.5.jar:6.5.5]
	at org.springframework.web.filter.OncePerRequestFilter.doFilter(OncePerRequestFilter.java:116) ~[spring-web-6.2.11.jar:6.2.11]
	at org.springframework.security.web.ObservationFilterChainDecorator$ObservationFilter.wrapFilter(ObservationFilterChainDecorator.java:241) ~[spring-security-web-6.5.5.jar:6.5.5]
	at org.springframework.security.web.ObservationFilterChainDecorator$AroundFilterObservation$SimpleAroundFilterObservation.lambda$wrap$0(ObservationFilterChainDecorator.java:334) ~[spring-security-web-6.5.5.jar:6.5.5]
	at org.springframework.security.web.ObservationFilterChainDecorator$ObservationFilter.doFilter(ObservationFilterChainDecorator.java:225) ~[spring-security-web-6.5.5.jar:6.5.5]
	at org.springframework.security.web.ObservationFilterChainDecorator$VirtualFilterChain.doFilter(ObservationFilterChainDecorator.java:138) ~[spring-security-web-6.5.5.jar:6.5.5]
	at org.springframework.security.web.FilterChainProxy.doFilterInternal(FilterChainProxy.java:233) ~[spring-security-web-6.5.5.jar:6.5.5]
	at org.springframework.security.web.FilterChainProxy.doFilter(FilterChainProxy.java:191) ~[spring-security-web-6.5.5.jar:6.5.5]
	at org.springframework.web.filter.CompositeFilter$VirtualFilterChain.doFilter(CompositeFilter.java:113) ~[spring-web-6.2.11.jar:6.2.11]
	at org.springframework.web.filter.ServletRequestPathFilter.doFilter(ServletRequestPathFilter.java:52) ~[spring-web-6.2.11.jar:6.2.11]
	at org.springframework.web.filter.CompositeFilter$VirtualFilterChain.doFilter(CompositeFilter.java:113) ~[spring-web-6.2.11.jar:6.2.11]
	at org.springframework.web.filter.CompositeFilter.doFilter(CompositeFilter.java:74) ~[spring-web-6.2.11.jar:6.2.11]
	at org.springframework.security.config.annotation.web.configuration.WebSecurityConfiguration$CompositeFilterChainProxy.doFilter(WebSecurityConfiguration.java:319) ~[spring-security-config-6.5.5.jar:6.5.5]
	at org.springframework.web.filter.CompositeFilter$VirtualFilterChain.doFilter(CompositeFilter.java:113) ~[spring-web-6.2.11.jar:6.2.11]
	at org.springframework.web.servlet.handler.HandlerMappingIntrospector.lambda$createCacheFilter$4(HandlerMappingIntrospector.java:267) ~[spring-webmvc-6.2.11.jar:6.2.11]
	at org.springframework.web.filter.CompositeFilter$VirtualFilterChain.doFilter(CompositeFilter.java:113) ~[spring-web-6.2.11.jar:6.2.11]
	at org.springframework.web.filter.CompositeFilter.doFilter(CompositeFilter.java:74) ~[spring-web-6.2.11.jar:6.2.11]
	at org.springframework.security.config.annotation.web.configuration.WebMvcSecurityConfiguration$CompositeFilterChainProxy.doFilter(WebMvcSecurityConfiguration.java:240) ~[spring-security-config-6.5.5.jar:6.5.5]
	at org.springframework.web.filter.DelegatingFilterProxy.invokeDelegate(DelegatingFilterProxy.java:362) ~[spring-web-6.2.11.jar:6.2.11]
	at org.springframework.web.filter.DelegatingFilterProxy.doFilter(DelegatingFilterProxy.java:278) ~[spring-web-6.2.11.jar:6.2.11]
	at org.apache.catalina.core.ApplicationFilterChain.internalDoFilter(ApplicationFilterChain.java:164) ~[tomcat-embed-core-10.1.46.jar:10.1.46]
	at org.apache.catalina.core.ApplicationFilterChain.doFilter(ApplicationFilterChain.java:140) ~[tomcat-embed-core-10.1.46.jar:10.1.46]
	at org.springframework.web.filter.RequestContextFilter.doFilterInternal(RequestContextFilter.java:100) ~[spring-web-6.2.11.jar:6.2.11]
	at org.springframework.web.filter.OncePerRequestFilter.doFilter(OncePerRequestFilter.java:116) ~[spring-web-6.2.11.jar:6.2.11]
	at org.apache.catalina.core.ApplicationFilterChain.internalDoFilter(ApplicationFilterChain.java:164) ~[tomcat-embed-core-10.1.46.jar:10.1.46]
	at org.apache.catalina.core.ApplicationFilterChain.doFilter(ApplicationFilterChain.java:140) ~[tomcat-embed-core-10.1.46.jar:10.1.46]
	at org.springframework.web.filter.FormContentFilter.doFilterInternal(FormContentFilter.java:93) ~[spring-web-6.2.11.jar:6.2.11]
	at org.springframework.web.filter.OncePerRequestFilter.doFilter(OncePerRequestFilter.java:116) ~[spring-web-6.2.11.jar:6.2.11]
	at org.apache.catalina.core.ApplicationFilterChain.internalDoFilter(ApplicationFilterChain.java:164) ~[tomcat-embed-core-10.1.46.jar:10.1.46]
	at org.apache.catalina.core.ApplicationFilterChain.doFilter(ApplicationFilterChain.java:140) ~[tomcat-embed-core-10.1.46.jar:10.1.46]
	at org.springframework.web.filter.ServerHttpObservationFilter.doFilterInternal(ServerHttpObservationFilter.java:110) ~[spring-web-6.2.11.jar:6.2.11]
	at org.springframework.web.filter.OncePerRequestFilter.doFilter(OncePerRequestFilter.java:116) ~[spring-web-6.2.11.jar:6.2.11]
	at org.apache.catalina.core.ApplicationFilterChain.internalDoFilter(ApplicationFilterChain.java:164) ~[tomcat-embed-core-10.1.46.jar:10.1.46]
	at org.apache.catalina.core.ApplicationFilterChain.doFilter(ApplicationFilterChain.java:140) ~[tomcat-embed-core-10.1.46.jar:10.1.46]
	at org.springframework.web.filter.CharacterEncodingFilter.doFilterInternal(CharacterEncodingFilter.java:201) ~[spring-web-6.2.11.jar:6.2.11]
	at org.springframework.web.filter.OncePerRequestFilter.doFilter(OncePerRequestFilter.java:116) ~[spring-web-6.2.11.jar:6.2.11]
	at org.apache.catalina.core.ApplicationFilterChain.internalDoFilter(ApplicationFilterChain.java:164) ~[tomcat-embed-core-10.1.46.jar:10.1.46]
	at org.apache.catalina.core.ApplicationFilterChain.doFilter(ApplicationFilterChain.java:140) ~[tomcat-embed-core-10.1.46.jar:10.1.46]
	at org.apache.catalina.core.StandardWrapperValve.invoke(StandardWrapperValve.java:167) ~[tomcat-embed-core-10.1.46.jar:10.1.46]
	at org.apache.catalina.core.StandardContextValve.invoke(StandardContextValve.java:90) ~[tomcat-embed-core-10.1.46.jar:10.1.46]
	at org.apache.catalina.authenticator.AuthenticatorBase.invoke(AuthenticatorBase.java:483) ~[tomcat-embed-core-10.1.46.jar:10.1.46]
	at org.apache.catalina.core.StandardHostValve.invoke(StandardHostValve.java:116) ~[tomcat-embed-core-10.1.46.jar:10.1.46]
	at org.apache.catalina.valves.ErrorReportValve.invoke(ErrorReportValve.java:93) ~[tomcat-embed-core-10.1.46.jar:10.1.46]
	at org.apache.catalina.core.StandardEngineValve.invoke(StandardEngineValve.java:74) ~[tomcat-embed-core-10.1.46.jar:10.1.46]
	at org.apache.catalina.connector.CoyoteAdapter.service(CoyoteAdapter.java:344) ~[tomcat-embed-core-10.1.46.jar:10.1.46]
	at org.apache.coyote.http11.Http11Processor.service(Http11Processor.java:398) ~[tomcat-embed-core-10.1.46.jar:10.1.46]
	at org.apache.coyote.AbstractProcessorLight.process(AbstractProcessorLight.java:63) ~[tomcat-embed-core-10.1.46.jar:10.1.46]
	at org.apache.coyote.AbstractProtocol$ConnectionHandler.process(AbstractProtocol.java:903) ~[tomcat-embed-core-10.1.46.jar:10.1.46]
	at org.apache.tomcat.util.net.NioEndpoint$SocketProcessor.doRun(NioEndpoint.java:1776) ~[tomcat-embed-core-10.1.46.jar:10.1.46]
	at org.apache.tomcat.util.net.SocketProcessorBase.run(SocketProcessorBase.java:52) ~[tomcat-embed-core-10.1.46.jar:10.1.46]
	at org.apache.tomcat.util.threads.ThreadPoolExecutor.runWorker(ThreadPoolExecutor.java:975) ~[tomcat-embed-core-10.1.46.jar:10.1.46]
	at org.apache.tomcat.util.threads.ThreadPoolExecutor$Worker.run(ThreadPoolExecutor.java:493) ~[tomcat-embed-core-10.1.46.jar:10.1.46]
	at org.apache.tomcat.util.threads.TaskThread$WrappingRunnable.run(TaskThread.java:63) ~[tomcat-embed-core-10.1.46.jar:10.1.46]
	at java.base/java.lang.Thread.run(Thread.java:1447) ~[na:na]

2025-10-26T11:18:06.534+05:30  WARN 5944 --- [SneakoAplication] [http-nio-8085-exec-3] .w.s.m.s.DefaultHandlerExceptionResolver : Resolved [org.springframework.http.converter.HttpMessageNotReadableException: JSON parse error: Unexpected character ('}' (code 125)): was expecting double-quote to start field name]
2025-10-26T11:21:03.246+05:30  INFO 5944 --- [SneakoAplication] [SpringApplicationShutdownHook] o.s.b.w.e.tomcat.GracefulShutdown        : Commencing graceful shutdown. Waiting for active requests to complete
2025-10-26T11:21:03.251+05:30  INFO 5944 --- [SneakoAplication] [tomcat-shutdown] o.s.b.w.e.tomcat.GracefulShutdown        : Graceful shutdown complete
2025-10-26T11:21:03.251+05:30  INFO 5944 --- [SneakoAplication] [SpringApplicationShutdownHook] o.s.b.w.e.tomcat.GracefulShutdown        : Commencing graceful shutdown. Waiting for active requests to complete
2025-10-26T11:21:03.252+05:30  INFO 5944 --- [SneakoAplication] [tomcat-shutdown] o.s.b.w.e.tomcat.GracefulShutdown        : Graceful shutdown complete
2025-10-26T11:21:03.260+05:30  INFO 5944 --- [SneakoAplication] [SpringApplicationShutdownHook] j.LocalContainerEntityManagerFactoryBean : Closing JPA EntityManagerFactory for persistence unit 'default'
2025-10-26T11:21:03.261+05:30  INFO 5944 --- [SneakoAplication] [SpringApplicationShutdownHook] com.zaxxer.hikari.HikariDataSource       : HikariPool-1 - Shutdown initiated...
2025-10-26T11:21:03.265+05:30  INFO 5944 --- [SneakoAplication] [SpringApplicationShutdownHook] com.zaxxer.hikari.HikariDataSource       : HikariPool-1 - Shutdown completed.
2025-10-26T11:21:04.682+05:30  INFO 5956 --- [SneakoAplication] [main] o.g.a.SneakoAplication.SneakoAplication  : Starting SneakoAplication using Java 24.0.2 with PID 5956 (/Users/saurabhsanjaydeshmukh/Sneako/SneakoBackend/target/classes started by saurabhsanjaydeshmukh in /Users/saurabhsanjaydeshmukh/Sneako/SneakoBackend)
2025-10-26T11:21:04.682+05:30  INFO 5956 --- [SneakoAplication] [main] o.g.a.SneakoAplication.SneakoAplication  : The following 1 profile is active: "dev"
2025-10-26T11:21:05.082+05:30  INFO 5956 --- [SneakoAplication] [main] .s.d.r.c.RepositoryConfigurationDelegate : Bootstrapping Spring Data JPA repositories in DEFAULT mode.
2025-10-26T11:21:05.110+05:30  INFO 5956 --- [SneakoAplication] [main] .s.d.r.c.RepositoryConfigurationDelegate : Finished Spring Data repository scanning in 25 ms. Found 8 JPA repository interfaces.
2025-10-26T11:21:05.308+05:30  INFO 5956 --- [SneakoAplication] [main] o.s.b.w.embedded.tomcat.TomcatWebServer  : Tomcat initialized with port 8085 (http)
2025-10-26T11:21:05.313+05:30  INFO 5956 --- [SneakoAplication] [main] o.apache.catalina.core.StandardService   : Starting service [Tomcat]
2025-10-26T11:21:05.313+05:30  INFO 5956 --- [SneakoAplication] [main] o.apache.catalina.core.StandardEngine    : Starting Servlet engine: [Apache Tomcat/10.1.46]
2025-10-26T11:21:05.331+05:30  INFO 5956 --- [SneakoAplication] [main] o.a.c.c.C.[Tomcat].[localhost].[/]       : Initializing Spring embedded WebApplicationContext
2025-10-26T11:21:05.331+05:30  INFO 5956 --- [SneakoAplication] [main] w.s.c.ServletWebServerApplicationContext : Root WebApplicationContext: initialization completed in 629 ms
2025-10-26T11:21:05.396+05:30  INFO 5956 --- [SneakoAplication] [main] com.zaxxer.hikari.HikariDataSource       : HikariPool-1 - Starting...
2025-10-26T11:21:05.462+05:30  INFO 5956 --- [SneakoAplication] [main] com.zaxxer.hikari.pool.HikariPool        : HikariPool-1 - Added connection com.mysql.cj.jdbc.ConnectionImpl@655203e3
2025-10-26T11:21:05.462+05:30  INFO 5956 --- [SneakoAplication] [main] com.zaxxer.hikari.HikariDataSource       : HikariPool-1 - Start completed.
2025-10-26T11:21:05.475+05:30  INFO 5956 --- [SneakoAplication] [main] o.hibernate.jpa.internal.util.LogHelper  : HHH000204: Processing PersistenceUnitInfo [name: default]
2025-10-26T11:21:05.489+05:30  INFO 5956 --- [SneakoAplication] [main] org.hibernate.Version                    : HHH000412: Hibernate ORM core version 6.6.29.Final
2025-10-26T11:21:05.498+05:30  INFO 5956 --- [SneakoAplication] [main] o.h.c.internal.RegionFactoryInitiator    : HHH000026: Second-level cache disabled
2025-10-26T11:21:05.602+05:30  INFO 5956 --- [SneakoAplication] [main] o.s.o.j.p.SpringPersistenceUnitInfo      : No LoadTimeWeaver setup: ignoring JPA class transformer
2025-10-26T11:21:05.629+05:30  WARN 5956 --- [SneakoAplication] [main] org.hibernate.orm.deprecation            : HHH90000025: MySQLDialect does not need to be specified explicitly using 'hibernate.dialect' (remove the property setting and it will be selected by default)
2025-10-26T11:21:05.633+05:30  INFO 5956 --- [SneakoAplication] [main] org.hibernate.orm.connections.pooling    : HHH10001005: Database info:
	Database JDBC URL [Connecting through datasource 'HikariDataSource (HikariPool-1)']
	Database driver: undefined/unknown
	Database version: 9.5
	Autocommit mode: undefined/unknown
	Isolation level: undefined/unknown
	Minimum pool size: undefined/unknown
	Maximum pool size: undefined/unknown
2025-10-26T11:21:05.987+05:30  INFO 5956 --- [SneakoAplication] [main] o.h.e.t.j.p.i.JtaPlatformInitiator       : HHH000489: No JTA platform available (set 'hibernate.transaction.jta.platform' to enable JTA platform integration)
2025-10-26T11:21:06.029+05:30  INFO 5956 --- [SneakoAplication] [main] j.LocalContainerEntityManagerFactoryBean : Initialized JPA EntityManagerFactory for persistence unit 'default'
2025-10-26T11:21:06.281+05:30  WARN 5956 --- [SneakoAplication] [main] JpaBaseConfiguration$JpaWebConfiguration : spring.jpa.open-in-view is enabled by default. Therefore, database queries may be performed during view rendering. Explicitly configure spring.jpa.open-in-view to disable this warning
2025-10-26T11:21:06.293+05:30  INFO 5956 --- [SneakoAplication] [main] eAuthenticationProviderManagerConfigurer : Global AuthenticationManager configured with AuthenticationProvider bean with name daoAuthenticationProvider
2025-10-26T11:21:06.294+05:30  WARN 5956 --- [SneakoAplication] [main] r$InitializeUserDetailsManagerConfigurer : Global AuthenticationManager configured with an AuthenticationProvider bean. UserDetailsService beans will not be used by Spring Security for automatically configuring username/password login. Consider removing the AuthenticationProvider bean. Alternatively, consider using the UserDetailsService in a manually instantiated DaoAuthenticationProvider. If the current configuration is intentional, to turn off this warning, increase the logging level of 'org.springframework.security.config.annotation.authentication.configuration.InitializeUserDetailsBeanManagerConfigurer' to ERROR
2025-10-26T11:21:06.577+05:30  INFO 5956 --- [SneakoAplication] [main] o.s.b.a.h2.H2ConsoleAutoConfiguration    : H2 console available at '/h2-console'. Database available at 'jdbc:mysql://localhost:3306/sneako?allowPublicKeyRetrieval=true&createDatabaseIfNotExist=true&useSSL=false'
2025-10-26T11:21:06.621+05:30  INFO 5956 --- [SneakoAplication] [main] o.s.b.w.embedded.tomcat.TomcatWebServer  : Tomcat started on port 8085 (http) with context path '/'
2025-10-26T11:21:06.645+05:30  INFO 5956 --- [SneakoAplication] [main] o.s.b.w.embedded.tomcat.TomcatWebServer  : Tomcat initialized with port 8086 (http)
2025-10-26T11:21:06.645+05:30  INFO 5956 --- [SneakoAplication] [main] o.apache.catalina.core.StandardService   : Starting service [Tomcat]
2025-10-26T11:21:06.645+05:30  INFO 5956 --- [SneakoAplication] [main] o.apache.catalina.core.StandardEngine    : Starting Servlet engine: [Apache Tomcat/10.1.46]
2025-10-26T11:21:06.651+05:30  INFO 5956 --- [SneakoAplication] [main] o.a.c.c.C.[Tomcat-1].[localhost].[/]     : Initializing Spring embedded WebApplicationContext
2025-10-26T11:21:06.652+05:30  INFO 5956 --- [SneakoAplication] [main] w.s.c.ServletWebServerApplicationContext : Root WebApplicationContext: initialization completed in 30 ms
2025-10-26T11:21:06.658+05:30  INFO 5956 --- [SneakoAplication] [main] o.s.b.a.e.web.EndpointLinksResolver      : Exposing 14 endpoints beneath base path '/actuator'
2025-10-26T11:21:06.677+05:30  INFO 5956 --- [SneakoAplication] [main] o.s.b.w.embedded.tomcat.TomcatWebServer  : Tomcat started on port 8086 (http) with context path '/'
2025-10-26T11:21:06.686+05:30  INFO 5956 --- [SneakoAplication] [main] o.g.a.SneakoAplication.SneakoAplication  : Started SneakoAplication in 2.197 seconds (process running for 2.339)
2025-10-26T11:21:06.765+05:30 DEBUG 5956 --- [SneakoAplication] [main] org.hibernate.SQL                        : select r1_0.role_id,r1_0.created_at,r1_0.name,r1_0.updated_at,r1_0.version from roles r1_0 where r1_0.name=?
2025-10-26T11:21:06.777+05:30 DEBUG 5956 --- [SneakoAplication] [main] org.hibernate.SQL                        : select r1_0.role_id,r1_0.created_at,r1_0.name,r1_0.updated_at,r1_0.version from roles r1_0 where r1_0.name=?
2025-10-26T11:21:06.778+05:30 DEBUG 5956 --- [SneakoAplication] [main] org.hibernate.SQL                        : select u1_0.userid,u1_0.address,u1_0.created_at,u1_0.email,u1_0.password,u1_0.phone_number,u1_0.updated_at,u1_0.user_name,u1_0.version from users u1_0 where u1_0.user_name=?
2025-10-26T11:21:06.780+05:30 DEBUG 5956 --- [SneakoAplication] [main] org.hibernate.SQL                        : select r1_0.user_id,r1_1.role_id,r1_1.created_at,r1_1.name,r1_1.updated_at,r1_1.version from user_roles r1_0 join roles r1_1 on r1_1.role_id=r1_0.role_id where r1_0.user_id=?
2025-10-26T11:21:14.042+05:30  INFO 5956 --- [SneakoAplication] [http-nio-8085-exec-1] o.a.c.c.C.[Tomcat].[localhost].[/]       : Initializing Spring DispatcherServlet 'dispatcherServlet'
2025-10-26T11:21:14.042+05:30  INFO 5956 --- [SneakoAplication] [http-nio-8085-exec-1] o.s.web.servlet.DispatcherServlet        : Initializing Servlet 'dispatcherServlet'
2025-10-26T11:21:14.043+05:30  INFO 5956 --- [SneakoAplication] [http-nio-8085-exec-1] o.s.web.servlet.DispatcherServlet        : Completed initialization in 1 ms
2025-10-26T11:21:14.086+05:30  WARN 5956 --- [SneakoAplication] [http-nio-8085-exec-1] .w.s.m.s.DefaultHandlerExceptionResolver : Resolved [org.springframework.http.converter.HttpMessageNotReadableException: JSON parse error: Unexpected character ('}' (code 125)): was expecting double-quote to start field name]
2025-10-26T11:21:22.755+05:30  WARN 5956 --- [SneakoAplication] [http-nio-8085-exec-2] .w.s.m.s.DefaultHandlerExceptionResolver : Resolved [org.springframework.http.converter.HttpMessageNotReadableException: JSON parse error: Unexpected character ('}' (code 125)): was expecting double-quote to start field name]
2025-10-26T11:21:23.193+05:30  WARN 5956 --- [SneakoAplication] [http-nio-8085-exec-3] .w.s.m.s.DefaultHandlerExceptionResolver : Resolved [org.springframework.http.converter.HttpMessageNotReadableException: JSON parse error: Unexpected character ('}' (code 125)): was expecting double-quote to start field name]
2025-10-26T11:21:23.465+05:30  WARN 5956 --- [SneakoAplication] [http-nio-8085-exec-4] .w.s.m.s.DefaultHandlerExceptionResolver : Resolved [org.springframework.http.converter.HttpMessageNotReadableException: JSON parse error: Unexpected character ('}' (code 125)): was expecting double-quote to start field name]
2025-10-26T11:21:23.676+05:30  WARN 5956 --- [SneakoAplication] [http-nio-8085-exec-5] .w.s.m.s.DefaultHandlerExceptionResolver : Resolved [org.springframework.http.converter.HttpMessageNotReadableException: JSON parse error: Unexpected character ('}' (code 125)): was expecting double-quote to start field name]
2025-10-26T11:21:23.916+05:30  WARN 5956 --- [SneakoAplication] [http-nio-8085-exec-6] .w.s.m.s.DefaultHandlerExceptionResolver : Resolved [org.springframework.http.converter.HttpMessageNotReadableException: JSON parse error: Unexpected character ('}' (code 125)): was expecting double-quote to start field name]
2025-10-26T11:21:24.112+05:30  WARN 5956 --- [SneakoAplication] [http-nio-8085-exec-7] .w.s.m.s.DefaultHandlerExceptionResolver : Resolved [org.springframework.http.converter.HttpMessageNotReadableException: JSON parse error: Unexpected character ('}' (code 125)): was expecting double-quote to start field name]
2025-10-26T11:21:45.569+05:30  WARN 5956 --- [SneakoAplication] [http-nio-8085-exec-8] .w.s.m.s.DefaultHandlerExceptionResolver : Resolved [org.springframework.http.converter.HttpMessageNotReadableException: JSON parse error: Unexpected character ('}' (code 125)): was expecting double-quote to start field name]
2025-10-26T11:22:06.025+05:30 DEBUG 5956 --- [SneakoAplication] [http-nio-8085-exec-9] org.hibernate.SQL                        : select o1_0.order_id,o1_0.created_at,o1_0.order_date,o1_0.order_status,o1_0.shipping_address,o1_0.total_price,o1_0.updated_at,o1_0.user_id,o1_0.version from order_tbl o1_0 where o1_0.order_id=?
2025-10-26T11:22:06.039+05:30 DEBUG 5956 --- [SneakoAplication] [http-nio-8085-exec-9] org.hibernate.SQL                        : insert into order_item (created_at,order_id,product_id,quantity,size,total_price,unit_price,updated_at,version) values (?,?,?,?,?,?,?,?,?)
2025-10-26T11:22:06.053+05:30 DEBUG 5956 --- [SneakoAplication] [http-nio-8085-exec-9] org.hibernate.SQL                        : select oi1_0.order_item_id,oi1_0.created_at,oi1_0.order_id,oi1_0.product_id,oi1_0.quantity,oi1_0.size,oi1_0.total_price,oi1_0.unit_price,oi1_0.updated_at,oi1_0.version from order_item oi1_0 left join order_tbl o1_0 on o1_0.order_id=oi1_0.order_id where o1_0.order_id=?
2025-10-26T11:22:06.059+05:30 ERROR 5956 --- [SneakoAplication] [http-nio-8085-exec-9] o.a.c.c.C.[.[.[/].[dispatcherServlet]    : Servlet.service() for servlet [dispatcherServlet] in context with path [] threw exception [Request processing failed: org.springframework.transaction.TransactionSystemException: Could not commit JPA transaction] with root cause

java.lang.NullPointerException: Cannot invoke "java.lang.Long.longValue()" because "current" is null
	at org.hibernate.type.descriptor.java.LongJavaType.next(LongJavaType.java:213) ~[hibernate-core-6.6.29.Final.jar:6.6.29.Final]
	at org.hibernate.type.descriptor.java.LongJavaType.next(LongJavaType.java:24) ~[hibernate-core-6.6.29.Final.jar:6.6.29.Final]
	at org.hibernate.engine.internal.Versioning.increment(Versioning.java:167) ~[hibernate-core-6.6.29.Final.jar:6.6.29.Final]
	at org.hibernate.generator.internal.VersionGeneration.generate(VersionGeneration.java:51) ~[hibernate-core-6.6.29.Final.jar:6.6.29.Final]
	at org.hibernate.engine.internal.Versioning.incrementVersion(Versioning.java:152) ~[hibernate-core-6.6.29.Final.jar:6.6.29.Final]
	at org.hibernate.event.internal.DefaultFlushEntityEventListener.getNextVersion(DefaultFlushEntityEventListener.java:401) ~[hibernate-core-6.6.29.Final.jar:6.6.29.Final]
	at org.hibernate.event.internal.DefaultFlushEntityEventListener.scheduleUpdate(DefaultFlushEntityEventListener.java:247) ~[hibernate-core-6.6.29.Final.jar:6.6.29.Final]
	at org.hibernate.event.internal.DefaultFlushEntityEventListener.onFlushEntity(DefaultFlushEntityEventListener.java:143) ~[hibernate-core-6.6.29.Final.jar:6.6.29.Final]
	at org.hibernate.event.service.internal.EventListenerGroupImpl.fireEventOnEachListener(EventListenerGroupImpl.java:127) ~[hibernate-core-6.6.29.Final.jar:6.6.29.Final]
	at org.hibernate.event.internal.AbstractFlushingEventListener.flushEntities(AbstractFlushingEventListener.java:269) ~[hibernate-core-6.6.29.Final.jar:6.6.29.Final]
	at org.hibernate.event.internal.AbstractFlushingEventListener.flushEverythingToExecutions(AbstractFlushingEventListener.java:90) ~[hibernate-core-6.6.29.Final.jar:6.6.29.Final]
	at org.hibernate.event.internal.AbstractFlushingEventListener.flushEverythingToExecutions(AbstractFlushingEventListener.java:84) ~[hibernate-core-6.6.29.Final.jar:6.6.29.Final]
	at org.hibernate.event.internal.DefaultFlushEventListener.onFlush(DefaultFlushEventListener.java:40) ~[hibernate-core-6.6.29.Final.jar:6.6.29.Final]
	at org.hibernate.event.service.internal.EventListenerGroupImpl.fireEventOnEachListener(EventListenerGroupImpl.java:127) ~[hibernate-core-6.6.29.Final.jar:6.6.29.Final]
	at org.hibernate.internal.SessionImpl.doFlush(SessionImpl.java:1429) ~[hibernate-core-6.6.29.Final.jar:6.6.29.Final]
	at org.hibernate.internal.SessionImpl.managedFlush(SessionImpl.java:491) ~[hibernate-core-6.6.29.Final.jar:6.6.29.Final]
	at org.hibernate.internal.SessionImpl.flushBeforeTransactionCompletion(SessionImpl.java:2354) ~[hibernate-core-6.6.29.Final.jar:6.6.29.Final]
	at org.hibernate.internal.SessionImpl.beforeTransactionCompletion(SessionImpl.java:1978) ~[hibernate-core-6.6.29.Final.jar:6.6.29.Final]
	at org.hibernate.engine.jdbc.internal.JdbcCoordinatorImpl.beforeTransactionCompletion(JdbcCoordinatorImpl.java:439) ~[hibernate-core-6.6.29.Final.jar:6.6.29.Final]
	at org.hibernate.resource.transaction.backend.jdbc.internal.JdbcResourceLocalTransactionCoordinatorImpl.beforeCompletionCallback(JdbcResourceLocalTransactionCoordinatorImpl.java:169) ~[hibernate-core-6.6.29.Final.jar:6.6.29.Final]
	at org.hibernate.resource.transaction.backend.jdbc.internal.JdbcResourceLocalTransactionCoordinatorImpl$TransactionDriverControlImpl.commit(JdbcResourceLocalTransactionCoordinatorImpl.java:267) ~[hibernate-core-6.6.29.Final.jar:6.6.29.Final]
	at org.hibernate.engine.transaction.internal.TransactionImpl.commit(TransactionImpl.java:101) ~[hibernate-core-6.6.29.Final.jar:6.6.29.Final]
	at org.springframework.orm.jpa.JpaTransactionManager.doCommit(JpaTransactionManager.java:563) ~[spring-orm-6.2.11.jar:6.2.11]
	at org.springframework.transaction.support.AbstractPlatformTransactionManager.processCommit(AbstractPlatformTransactionManager.java:795) ~[spring-tx-6.2.11.jar:6.2.11]
	at org.springframework.transaction.support.AbstractPlatformTransactionManager.commit(AbstractPlatformTransactionManager.java:758) ~[spring-tx-6.2.11.jar:6.2.11]
	at org.springframework.transaction.interceptor.TransactionAspectSupport.commitTransactionAfterReturning(TransactionAspectSupport.java:698) ~[spring-tx-6.2.11.jar:6.2.11]
	at org.springframework.transaction.interceptor.TransactionAspectSupport.invokeWithinTransaction(TransactionAspectSupport.java:416) ~[spring-tx-6.2.11.jar:6.2.11]
	at org.springframework.transaction.interceptor.TransactionInterceptor.invoke(TransactionInterceptor.java:119) ~[spring-tx-6.2.11.jar:6.2.11]
	at org.springframework.aop.framework.ReflectiveMethodInvocation.proceed(ReflectiveMethodInvocation.java:184) ~[spring-aop-6.2.11.jar:6.2.11]
	at org.springframework.aop.framework.CglibAopProxy$DynamicAdvisedInterceptor.intercept(CglibAopProxy.java:728) ~[spring-aop-6.2.11.jar:6.2.11]
	at org.genc.app.SneakoAplication.service.api.impl.OrderItemServiceImpl$$SpringCGLIB$$0.createOrderItem(<generated>) ~[classes/:na]
	at org.genc.app.SneakoAplication.contoller.OrderItemController.createOrderItem(OrderItemController.java:21) ~[classes/:na]
	at java.base/jdk.internal.reflect.DirectMethodHandleAccessor.invoke(DirectMethodHandleAccessor.java:104) ~[na:na]
	at java.base/java.lang.reflect.Method.invoke(Method.java:565) ~[na:na]
	at org.springframework.web.method.support.InvocableHandlerMethod.doInvoke(InvocableHandlerMethod.java:258) ~[spring-web-6.2.11.jar:6.2.11]
	at org.springframework.web.method.support.InvocableHandlerMethod.invokeForRequest(InvocableHandlerMethod.java:191) ~[spring-web-6.2.11.jar:6.2.11]
	at org.springframework.web.servlet.mvc.method.annotation.ServletInvocableHandlerMethod.invokeAndHandle(ServletInvocableHandlerMethod.java:118) ~[spring-webmvc-6.2.11.jar:6.2.11]
	at org.springframework.web.servlet.mvc.method.annotation.RequestMappingHandlerAdapter.invokeHandlerMethod(RequestMappingHandlerAdapter.java:991) ~[spring-webmvc-6.2.11.jar:6.2.11]
	at org.springframework.web.servlet.mvc.method.annotation.RequestMappingHandlerAdapter.handleInternal(RequestMappingHandlerAdapter.java:896) ~[spring-webmvc-6.2.11.jar:6.2.11]
	at org.springframework.web.servlet.mvc.method.AbstractHandlerMethodAdapter.handle(AbstractHandlerMethodAdapter.java:87) ~[spring-webmvc-6.2.11.jar:6.2.11]
	at org.springframework.web.servlet.DispatcherServlet.doDispatch(DispatcherServlet.java:1089) ~[spring-webmvc-6.2.11.jar:6.2.11]
	at org.springframework.web.servlet.DispatcherServlet.doService(DispatcherServlet.java:979) ~[spring-webmvc-6.2.11.jar:6.2.11]
	at org.springframework.web.servlet.FrameworkServlet.processRequest(FrameworkServlet.java:1014) ~[spring-webmvc-6.2.11.jar:6.2.11]
	at org.springframework.web.servlet.FrameworkServlet.doPost(FrameworkServlet.java:914) ~[spring-webmvc-6.2.11.jar:6.2.11]
	at jakarta.servlet.http.HttpServlet.service(HttpServlet.java:590) ~[tomcat-embed-core-10.1.46.jar:6.0]
	at org.springframework.web.servlet.FrameworkServlet.service(FrameworkServlet.java:885) ~[spring-webmvc-6.2.11.jar:6.2.11]
	at jakarta.servlet.http.HttpServlet.service(HttpServlet.java:658) ~[tomcat-embed-core-10.1.46.jar:6.0]
	at org.apache.catalina.core.ApplicationFilterChain.internalDoFilter(ApplicationFilterChain.java:195) ~[tomcat-embed-core-10.1.46.jar:10.1.46]
	at org.apache.catalina.core.ApplicationFilterChain.doFilter(ApplicationFilterChain.java:140) ~[tomcat-embed-core-10.1.46.jar:10.1.46]
	at org.apache.tomcat.websocket.server.WsFilter.doFilter(WsFilter.java:51) ~[tomcat-embed-websocket-10.1.46.jar:10.1.46]
	at org.apache.catalina.core.ApplicationFilterChain.internalDoFilter(ApplicationFilterChain.java:164) ~[tomcat-embed-core-10.1.46.jar:10.1.46]
	at org.apache.catalina.core.ApplicationFilterChain.doFilter(ApplicationFilterChain.java:140) ~[tomcat-embed-core-10.1.46.jar:10.1.46]
	at org.genc.app.SneakoAplication.security.JwtAuthenticationFilter.doFilterInternal(JwtAuthenticationFilter.java:41) ~[classes/:na]
	at org.springframework.web.filter.OncePerRequestFilter.doFilter(OncePerRequestFilter.java:116) ~[spring-web-6.2.11.jar:6.2.11]
	at org.apache.catalina.core.ApplicationFilterChain.internalDoFilter(ApplicationFilterChain.java:164) ~[tomcat-embed-core-10.1.46.jar:10.1.46]
	at org.apache.catalina.core.ApplicationFilterChain.doFilter(ApplicationFilterChain.java:140) ~[tomcat-embed-core-10.1.46.jar:10.1.46]
	at org.springframework.web.filter.CompositeFilter$VirtualFilterChain.doFilter(CompositeFilter.java:108) ~[spring-web-6.2.11.jar:6.2.11]
	at org.springframework.web.filter.CompositeFilter$VirtualFilterChain.doFilter(CompositeFilter.java:108) ~[spring-web-6.2.11.jar:6.2.11]
	at org.springframework.security.web.FilterChainProxy.lambda$doFilterInternal$3(FilterChainProxy.java:231) ~[spring-security-web-6.5.5.jar:6.5.5]
	at org.springframework.security.web.ObservationFilterChainDecorator$FilterObservation$SimpleFilterObservation.lambda$wrap$1(ObservationFilterChainDecorator.java:490) ~[spring-security-web-6.5.5.jar:6.5.5]
	at org.springframework.security.web.ObservationFilterChainDecorator$AroundFilterObservation$SimpleAroundFilterObservation.lambda$wrap$1(ObservationFilterChainDecorator.java:351) ~[spring-security-web-6.5.5.jar:6.5.5]
	at org.springframework.security.web.ObservationFilterChainDecorator.lambda$wrapSecured$0(ObservationFilterChainDecorator.java:83) ~[spring-security-web-6.5.5.jar:6.5.5]
	at org.springframework.security.web.ObservationFilterChainDecorator$VirtualFilterChain.doFilter(ObservationFilterChainDecorator.java:129) ~[spring-security-web-6.5.5.jar:6.5.5]
	at org.springframework.security.web.access.intercept.AuthorizationFilter.doFilter(AuthorizationFilter.java:101) ~[spring-security-web-6.5.5.jar:6.5.5]
	at org.springframework.security.web.ObservationFilterChainDecorator$ObservationFilter.wrapFilter(ObservationFilterChainDecorator.java:241) ~[spring-security-web-6.5.5.jar:6.5.5]
	at org.springframework.security.web.ObservationFilterChainDecorator$ObservationFilter.doFilter(ObservationFilterChainDecorator.java:228) ~[spring-security-web-6.5.5.jar:6.5.5]
	at org.springframework.security.web.ObservationFilterChainDecorator$VirtualFilterChain.doFilter(ObservationFilterChainDecorator.java:138) ~[spring-security-web-6.5.5.jar:6.5.5]
	at org.springframework.security.web.access.ExceptionTranslationFilter.doFilter(ExceptionTranslationFilter.java:125) ~[spring-security-web-6.5.5.jar:6.5.5]
	at org.springframework.security.web.access.ExceptionTranslationFilter.doFilter(ExceptionTranslationFilter.java:119) ~[spring-security-web-6.5.5.jar:6.5.5]
	at org.springframework.security.web.ObservationFilterChainDecorator$ObservationFilter.wrapFilter(ObservationFilterChainDecorator.java:241) ~[spring-security-web-6.5.5.jar:6.5.5]
	at org.springframework.security.web.ObservationFilterChainDecorator$ObservationFilter.doFilter(ObservationFilterChainDecorator.java:228) ~[spring-security-web-6.5.5.jar:6.5.5]
	at org.springframework.security.web.ObservationFilterChainDecorator$VirtualFilterChain.doFilter(ObservationFilterChainDecorator.java:138) ~[spring-security-web-6.5.5.jar:6.5.5]
	at org.springframework.security.web.authentication.AnonymousAuthenticationFilter.doFilter(AnonymousAuthenticationFilter.java:100) ~[spring-security-web-6.5.5.jar:6.5.5]
	at org.springframework.security.web.ObservationFilterChainDecorator$ObservationFilter.wrapFilter(ObservationFilterChainDecorator.java:241) ~[spring-security-web-6.5.5.jar:6.5.5]
	at org.springframework.security.web.ObservationFilterChainDecorator$ObservationFilter.doFilter(ObservationFilterChainDecorator.java:228) ~[spring-security-web-6.5.5.jar:6.5.5]
	at org.springframework.security.web.ObservationFilterChainDecorator$VirtualFilterChain.doFilter(ObservationFilterChainDecorator.java:138) ~[spring-security-web-6.5.5.jar:6.5.5]
	at org.springframework.security.web.servletapi.SecurityContextHolderAwareRequestFilter.doFilter(SecurityContextHolderAwareRequestFilter.java:179) ~[spring-security-web-6.5.5.jar:6.5.5]
	at org.springframework.security.web.ObservationFilterChainDecorator$ObservationFilter.wrapFilter(ObservationFilterChainDecorator.java:241) ~[spring-security-web-6.5.5.jar:6.5.5]
	at org.springframework.security.web.ObservationFilterChainDecorator$ObservationFilter.doFilter(ObservationFilterChainDecorator.java:228) ~[spring-security-web-6.5.5.jar:6.5.5]
	at org.springframework.security.web.ObservationFilterChainDecorator$VirtualFilterChain.doFilter(ObservationFilterChainDecorator.java:138) ~[spring-security-web-6.5.5.jar:6.5.5]
	at org.springframework.security.web.savedrequest.RequestCacheAwareFilter.doFilter(RequestCacheAwareFilter.java:63) ~[spring-security-web-6.5.5.jar:6.5.5]
	at org.springframework.security.web.ObservationFilterChainDecorator$ObservationFilter.wrapFilter(ObservationFilterChainDecorator.java:241) ~[spring-security-web-6.5.5.jar:6.5.5]
	at org.springframework.security.web.ObservationFilterChainDecorator$ObservationFilter.doFilter(ObservationFilterChainDecorator.java:228) ~[spring-security-web-6.5.5.jar:6.5.5]
	at org.springframework.security.web.ObservationFilterChainDecorator$VirtualFilterChain.doFilter(ObservationFilterChainDecorator.java:138) ~[spring-security-web-6.5.5.jar:6.5.5]
	at org.springframework.security.web.authentication.logout.LogoutFilter.doFilter(LogoutFilter.java:107) ~[spring-security-web-6.5.5.jar:6.5.5]
	at org.springframework.security.web.authentication.logout.LogoutFilter.doFilter(LogoutFilter.java:93) ~[spring-security-web-6.5.5.jar:6.5.5]
	at org.springframework.security.web.ObservationFilterChainDecorator$ObservationFilter.wrapFilter(ObservationFilterChainDecorator.java:241) ~[spring-security-web-6.5.5.jar:6.5.5]
	at org.springframework.security.web.ObservationFilterChainDecorator$ObservationFilter.doFilter(ObservationFilterChainDecorator.java:228) ~[spring-security-web-6.5.5.jar:6.5.5]
	at org.springframework.security.web.ObservationFilterChainDecorator$VirtualFilterChain.doFilter(ObservationFilterChainDecorator.java:138) ~[spring-security-web-6.5.5.jar:6.5.5]
	at org.springframework.security.web.header.HeaderWriterFilter.doHeadersAfter(HeaderWriterFilter.java:90) ~[spring-security-web-6.5.5.jar:6.5.5]
	at org.springframework.security.web.header.HeaderWriterFilter.doFilterInternal(HeaderWriterFilter.java:75) ~[spring-security-web-6.5.5.jar:6.5.5]
	at org.springframework.web.filter.OncePerRequestFilter.doFilter(OncePerRequestFilter.java:116) ~[spring-web-6.2.11.jar:6.2.11]
	at org.springframework.security.web.ObservationFilterChainDecorator$ObservationFilter.wrapFilter(ObservationFilterChainDecorator.java:241) ~[spring-security-web-6.5.5.jar:6.5.5]
	at org.springframework.security.web.ObservationFilterChainDecorator$ObservationFilter.doFilter(ObservationFilterChainDecorator.java:228) ~[spring-security-web-6.5.5.jar:6.5.5]
	at org.springframework.security.web.ObservationFilterChainDecorator$VirtualFilterChain.doFilter(ObservationFilterChainDecorator.java:138) ~[spring-security-web-6.5.5.jar:6.5.5]
	at org.springframework.security.web.context.SecurityContextHolderFilter.doFilter(SecurityContextHolderFilter.java:82) ~[spring-security-web-6.5.5.jar:6.5.5]
	at org.springframework.security.web.context.SecurityContextHolderFilter.doFilter(SecurityContextHolderFilter.java:69) ~[spring-security-web-6.5.5.jar:6.5.5]
	at org.springframework.security.web.ObservationFilterChainDecorator$ObservationFilter.wrapFilter(ObservationFilterChainDecorator.java:241) ~[spring-security-web-6.5.5.jar:6.5.5]
	at org.springframework.security.web.ObservationFilterChainDecorator$ObservationFilter.doFilter(ObservationFilterChainDecorator.java:228) ~[spring-security-web-6.5.5.jar:6.5.5]
	at org.springframework.security.web.ObservationFilterChainDecorator$VirtualFilterChain.doFilter(ObservationFilterChainDecorator.java:138) ~[spring-security-web-6.5.5.jar:6.5.5]
	at org.springframework.security.web.context.request.async.WebAsyncManagerIntegrationFilter.doFilterInternal(WebAsyncManagerIntegrationFilter.java:62) ~[spring-security-web-6.5.5.jar:6.5.5]
	at org.springframework.web.filter.OncePerRequestFilter.doFilter(OncePerRequestFilter.java:116) ~[spring-web-6.2.11.jar:6.2.11]
	at org.springframework.security.web.ObservationFilterChainDecorator$ObservationFilter.wrapFilter(ObservationFilterChainDecorator.java:241) ~[spring-security-web-6.5.5.jar:6.5.5]
	at org.springframework.security.web.ObservationFilterChainDecorator$ObservationFilter.doFilter(ObservationFilterChainDecorator.java:228) ~[spring-security-web-6.5.5.jar:6.5.5]
	at org.springframework.security.web.ObservationFilterChainDecorator$VirtualFilterChain.doFilter(ObservationFilterChainDecorator.java:138) ~[spring-security-web-6.5.5.jar:6.5.5]
	at org.springframework.security.web.session.DisableEncodeUrlFilter.doFilterInternal(DisableEncodeUrlFilter.java:42) ~[spring-security-web-6.5.5.jar:6.5.5]
	at org.springframework.web.filter.OncePerRequestFilter.doFilter(OncePerRequestFilter.java:116) ~[spring-web-6.2.11.jar:6.2.11]
	at org.springframework.security.web.ObservationFilterChainDecorator$ObservationFilter.wrapFilter(ObservationFilterChainDecorator.java:241) ~[spring-security-web-6.5.5.jar:6.5.5]
	at org.springframework.security.web.ObservationFilterChainDecorator$AroundFilterObservation$SimpleAroundFilterObservation.lambda$wrap$0(ObservationFilterChainDecorator.java:334) ~[spring-security-web-6.5.5.jar:6.5.5]
	at org.springframework.security.web.ObservationFilterChainDecorator$ObservationFilter.doFilter(ObservationFilterChainDecorator.java:225) ~[spring-security-web-6.5.5.jar:6.5.5]
	at org.springframework.security.web.ObservationFilterChainDecorator$VirtualFilterChain.doFilter(ObservationFilterChainDecorator.java:138) ~[spring-security-web-6.5.5.jar:6.5.5]
	at org.springframework.security.web.FilterChainProxy.doFilterInternal(FilterChainProxy.java:233) ~[spring-security-web-6.5.5.jar:6.5.5]
	at org.springframework.security.web.FilterChainProxy.doFilter(FilterChainProxy.java:191) ~[spring-security-web-6.5.5.jar:6.5.5]
	at org.springframework.web.filter.CompositeFilter$VirtualFilterChain.doFilter(CompositeFilter.java:113) ~[spring-web-6.2.11.jar:6.2.11]
	at org.springframework.web.filter.ServletRequestPathFilter.doFilter(ServletRequestPathFilter.java:52) ~[spring-web-6.2.11.jar:6.2.11]
	at org.springframework.web.filter.CompositeFilter$VirtualFilterChain.doFilter(CompositeFilter.java:113) ~[spring-web-6.2.11.jar:6.2.11]
	at org.springframework.web.filter.CompositeFilter.doFilter(CompositeFilter.java:74) ~[spring-web-6.2.11.jar:6.2.11]
	at org.springframework.security.config.annotation.web.configuration.WebSecurityConfiguration$CompositeFilterChainProxy.doFilter(WebSecurityConfiguration.java:319) ~[spring-security-config-6.5.5.jar:6.5.5]
	at org.springframework.web.filter.CompositeFilter$VirtualFilterChain.doFilter(CompositeFilter.java:113) ~[spring-web-6.2.11.jar:6.2.11]
	at org.springframework.web.servlet.handler.HandlerMappingIntrospector.lambda$createCacheFilter$4(HandlerMappingIntrospector.java:267) ~[spring-webmvc-6.2.11.jar:6.2.11]
	at org.springframework.web.filter.CompositeFilter$VirtualFilterChain.doFilter(CompositeFilter.java:113) ~[spring-web-6.2.11.jar:6.2.11]
	at org.springframework.web.filter.CompositeFilter.doFilter(CompositeFilter.java:74) ~[spring-web-6.2.11.jar:6.2.11]
	at org.springframework.security.config.annotation.web.configuration.WebMvcSecurityConfiguration$CompositeFilterChainProxy.doFilter(WebMvcSecurityConfiguration.java:240) ~[spring-security-config-6.5.5.jar:6.5.5]
	at org.springframework.web.filter.DelegatingFilterProxy.invokeDelegate(DelegatingFilterProxy.java:362) ~[spring-web-6.2.11.jar:6.2.11]
	at org.springframework.web.filter.DelegatingFilterProxy.doFilter(DelegatingFilterProxy.java:278) ~[spring-web-6.2.11.jar:6.2.11]
	at org.apache.catalina.core.ApplicationFilterChain.internalDoFilter(ApplicationFilterChain.java:164) ~[tomcat-embed-core-10.1.46.jar:10.1.46]
	at org.apache.catalina.core.ApplicationFilterChain.doFilter(ApplicationFilterChain.java:140) ~[tomcat-embed-core-10.1.46.jar:10.1.46]
	at org.springframework.web.filter.RequestContextFilter.doFilterInternal(RequestContextFilter.java:100) ~[spring-web-6.2.11.jar:6.2.11]
	at org.springframework.web.filter.OncePerRequestFilter.doFilter(OncePerRequestFilter.java:116) ~[spring-web-6.2.11.jar:6.2.11]
	at org.apache.catalina.core.ApplicationFilterChain.internalDoFilter(ApplicationFilterChain.java:164) ~[tomcat-embed-core-10.1.46.jar:10.1.46]
	at org.apache.catalina.core.ApplicationFilterChain.doFilter(ApplicationFilterChain.java:140) ~[tomcat-embed-core-10.1.46.jar:10.1.46]
	at org.springframework.web.filter.FormContentFilter.doFilterInternal(FormContentFilter.java:93) ~[spring-web-6.2.11.jar:6.2.11]
	at org.springframework.web.filter.OncePerRequestFilter.doFilter(OncePerRequestFilter.java:116) ~[spring-web-6.2.11.jar:6.2.11]
	at org.apache.catalina.core.ApplicationFilterChain.internalDoFilter(ApplicationFilterChain.java:164) ~[tomcat-embed-core-10.1.46.jar:10.1.46]
	at org.apache.catalina.core.ApplicationFilterChain.doFilter(ApplicationFilterChain.java:140) ~[tomcat-embed-core-10.1.46.jar:10.1.46]
	at org.springframework.web.filter.ServerHttpObservationFilter.doFilterInternal(ServerHttpObservationFilter.java:110) ~[spring-web-6.2.11.jar:6.2.11]
	at org.springframework.web.filter.OncePerRequestFilter.doFilter(OncePerRequestFilter.java:116) ~[spring-web-6.2.11.jar:6.2.11]
	at org.apache.catalina.core.ApplicationFilterChain.internalDoFilter(ApplicationFilterChain.java:164) ~[tomcat-embed-core-10.1.46.jar:10.1.46]
	at org.apache.catalina.core.ApplicationFilterChain.doFilter(ApplicationFilterChain.java:140) ~[tomcat-embed-core-10.1.46.jar:10.1.46]
	at org.springframework.web.filter.CharacterEncodingFilter.doFilterInternal(CharacterEncodingFilter.java:201) ~[spring-web-6.2.11.jar:6.2.11]
	at org.springframework.web.filter.OncePerRequestFilter.doFilter(OncePerRequestFilter.java:116) ~[spring-web-6.2.11.jar:6.2.11]
	at org.apache.catalina.core.ApplicationFilterChain.internalDoFilter(ApplicationFilterChain.java:164) ~[tomcat-embed-core-10.1.46.jar:10.1.46]
	at org.apache.catalina.core.ApplicationFilterChain.doFilter(ApplicationFilterChain.java:140) ~[tomcat-embed-core-10.1.46.jar:10.1.46]
	at org.apache.catalina.core.StandardWrapperValve.invoke(StandardWrapperValve.java:167) ~[tomcat-embed-core-10.1.46.jar:10.1.46]
	at org.apache.catalina.core.StandardContextValve.invoke(StandardContextValve.java:90) ~[tomcat-embed-core-10.1.46.jar:10.1.46]
	at org.apache.catalina.authenticator.AuthenticatorBase.invoke(AuthenticatorBase.java:483) ~[tomcat-embed-core-10.1.46.jar:10.1.46]
	at org.apache.catalina.core.StandardHostValve.invoke(StandardHostValve.java:116) ~[tomcat-embed-core-10.1.46.jar:10.1.46]
	at org.apache.catalina.valves.ErrorReportValve.invoke(ErrorReportValve.java:93) ~[tomcat-embed-core-10.1.46.jar:10.1.46]
	at org.apache.catalina.core.StandardEngineValve.invoke(StandardEngineValve.java:74) ~[tomcat-embed-core-10.1.46.jar:10.1.46]
	at org.apache.catalina.connector.CoyoteAdapter.service(CoyoteAdapter.java:344) ~[tomcat-embed-core-10.1.46.jar:10.1.46]
	at org.apache.coyote.http11.Http11Processor.service(Http11Processor.java:398) ~[tomcat-embed-core-10.1.46.jar:10.1.46]
	at org.apache.coyote.AbstractProcessorLight.process(AbstractProcessorLight.java:63) ~[tomcat-embed-core-10.1.46.jar:10.1.46]
	at org.apache.coyote.AbstractProtocol$ConnectionHandler.process(AbstractProtocol.java:903) ~[tomcat-embed-core-10.1.46.jar:10.1.46]
	at org.apache.tomcat.util.net.NioEndpoint$SocketProcessor.doRun(NioEndpoint.java:1776) ~[tomcat-embed-core-10.1.46.jar:10.1.46]
	at org.apache.tomcat.util.net.SocketProcessorBase.run(SocketProcessorBase.java:52) ~[tomcat-embed-core-10.1.46.jar:10.1.46]
	at org.apache.tomcat.util.threads.ThreadPoolExecutor.runWorker(ThreadPoolExecutor.java:975) ~[tomcat-embed-core-10.1.46.jar:10.1.46]
	at org.apache.tomcat.util.threads.ThreadPoolExecutor$Worker.run(ThreadPoolExecutor.java:493) ~[tomcat-embed-core-10.1.46.jar:10.1.46]
	at org.apache.tomcat.util.threads.TaskThread$WrappingRunnable.run(TaskThread.java:63) ~[tomcat-embed-core-10.1.46.jar:10.1.46]
	at java.base/java.lang.Thread.run(Thread.java:1447) ~[na:na]

2025-10-26T11:39:15.054+05:30  INFO 5956 --- [SneakoAplication] [SpringApplicationShutdownHook] o.s.b.w.e.tomcat.GracefulShutdown        : Commencing graceful shutdown. Waiting for active requests to complete
2025-10-26T11:39:15.058+05:30  INFO 5956 --- [SneakoAplication] [tomcat-shutdown] o.s.b.w.e.tomcat.GracefulShutdown        : Graceful shutdown complete
2025-10-26T11:39:15.059+05:30  INFO 5956 --- [SneakoAplication] [SpringApplicationShutdownHook] o.s.b.w.e.tomcat.GracefulShutdown        : Commencing graceful shutdown. Waiting for active requests to complete
2025-10-26T11:39:15.059+05:30  INFO 5956 --- [SneakoAplication] [tomcat-shutdown] o.s.b.w.e.tomcat.GracefulShutdown        : Graceful shutdown complete
2025-10-26T11:39:15.074+05:30  INFO 5956 --- [SneakoAplication] [SpringApplicationShutdownHook] j.LocalContainerEntityManagerFactoryBean : Closing JPA EntityManagerFactory for persistence unit 'default'
2025-10-26T11:39:15.075+05:30  INFO 5956 --- [SneakoAplication] [SpringApplicationShutdownHook] com.zaxxer.hikari.HikariDataSource       : HikariPool-1 - Shutdown initiated...
2025-10-26T11:39:15.082+05:30  INFO 5956 --- [SneakoAplication] [SpringApplicationShutdownHook] com.zaxxer.hikari.HikariDataSource       : HikariPool-1 - Shutdown completed.
2025-10-26T11:39:36.772+05:30  INFO 6106 --- [SneakoAplication] [main] o.g.a.SneakoAplication.SneakoAplication  : Starting SneakoAplication using Java 24.0.2 with PID 6106 (/Users/saurabhsanjaydeshmukh/Sneako/SneakoBackend/target/classes started by saurabhsanjaydeshmukh in /Users/saurabhsanjaydeshmukh/Sneako/SneakoBackend)
2025-10-26T11:39:36.774+05:30  INFO 6106 --- [SneakoAplication] [main] o.g.a.SneakoAplication.SneakoAplication  : The following 1 profile is active: "dev"
2025-10-26T11:39:37.154+05:30  INFO 6106 --- [SneakoAplication] [main] .s.d.r.c.RepositoryConfigurationDelegate : Bootstrapping Spring Data JPA repositories in DEFAULT mode.
2025-10-26T11:39:37.180+05:30  INFO 6106 --- [SneakoAplication] [main] .s.d.r.c.RepositoryConfigurationDelegate : Finished Spring Data repository scanning in 23 ms. Found 8 JPA repository interfaces.
2025-10-26T11:39:37.369+05:30  INFO 6106 --- [SneakoAplication] [main] o.s.b.w.embedded.tomcat.TomcatWebServer  : Tomcat initialized with port 8085 (http)
2025-10-26T11:39:37.375+05:30  INFO 6106 --- [SneakoAplication] [main] o.apache.catalina.core.StandardService   : Starting service [Tomcat]
2025-10-26T11:39:37.375+05:30  INFO 6106 --- [SneakoAplication] [main] o.apache.catalina.core.StandardEngine    : Starting Servlet engine: [Apache Tomcat/10.1.46]
2025-10-26T11:39:37.394+05:30  INFO 6106 --- [SneakoAplication] [main] o.a.c.c.C.[Tomcat].[localhost].[/]       : Initializing Spring embedded WebApplicationContext
2025-10-26T11:39:37.395+05:30  INFO 6106 --- [SneakoAplication] [main] w.s.c.ServletWebServerApplicationContext : Root WebApplicationContext: initialization completed in 602 ms
2025-10-26T11:39:37.459+05:30  INFO 6106 --- [SneakoAplication] [main] com.zaxxer.hikari.HikariDataSource       : HikariPool-1 - Starting...
2025-10-26T11:39:37.522+05:30  INFO 6106 --- [SneakoAplication] [main] com.zaxxer.hikari.pool.HikariPool        : HikariPool-1 - Added connection com.mysql.cj.jdbc.ConnectionImpl@655203e3
2025-10-26T11:39:37.522+05:30  INFO 6106 --- [SneakoAplication] [main] com.zaxxer.hikari.HikariDataSource       : HikariPool-1 - Start completed.
2025-10-26T11:39:37.536+05:30  INFO 6106 --- [SneakoAplication] [main] o.hibernate.jpa.internal.util.LogHelper  : HHH000204: Processing PersistenceUnitInfo [name: default]
2025-10-26T11:39:37.550+05:30  INFO 6106 --- [SneakoAplication] [main] org.hibernate.Version                    : HHH000412: Hibernate ORM core version 6.6.29.Final
2025-10-26T11:39:37.560+05:30  INFO 6106 --- [SneakoAplication] [main] o.h.c.internal.RegionFactoryInitiator    : HHH000026: Second-level cache disabled
2025-10-26T11:39:37.651+05:30  INFO 6106 --- [SneakoAplication] [main] o.s.o.j.p.SpringPersistenceUnitInfo      : No LoadTimeWeaver setup: ignoring JPA class transformer
2025-10-26T11:39:37.681+05:30  WARN 6106 --- [SneakoAplication] [main] org.hibernate.orm.deprecation            : HHH90000025: MySQLDialect does not need to be specified explicitly using 'hibernate.dialect' (remove the property setting and it will be selected by default)
2025-10-26T11:39:37.684+05:30  INFO 6106 --- [SneakoAplication] [main] org.hibernate.orm.connections.pooling    : HHH10001005: Database info:
	Database JDBC URL [Connecting through datasource 'HikariDataSource (HikariPool-1)']
	Database driver: undefined/unknown
	Database version: 9.5
	Autocommit mode: undefined/unknown
	Isolation level: undefined/unknown
	Minimum pool size: undefined/unknown
	Maximum pool size: undefined/unknown
2025-10-26T11:39:38.027+05:30  INFO 6106 --- [SneakoAplication] [main] o.h.e.t.j.p.i.JtaPlatformInitiator       : HHH000489: No JTA platform available (set 'hibernate.transaction.jta.platform' to enable JTA platform integration)
2025-10-26T11:39:38.069+05:30  INFO 6106 --- [SneakoAplication] [main] j.LocalContainerEntityManagerFactoryBean : Initialized JPA EntityManagerFactory for persistence unit 'default'
2025-10-26T11:39:38.271+05:30  WARN 6106 --- [SneakoAplication] [main] JpaBaseConfiguration$JpaWebConfiguration : spring.jpa.open-in-view is enabled by default. Therefore, database queries may be performed during view rendering. Explicitly configure spring.jpa.open-in-view to disable this warning
2025-10-26T11:39:38.279+05:30  INFO 6106 --- [SneakoAplication] [main] eAuthenticationProviderManagerConfigurer : Global AuthenticationManager configured with AuthenticationProvider bean with name daoAuthenticationProvider
2025-10-26T11:39:38.279+05:30  WARN 6106 --- [SneakoAplication] [main] r$InitializeUserDetailsManagerConfigurer : Global AuthenticationManager configured with an AuthenticationProvider bean. UserDetailsService beans will not be used by Spring Security for automatically configuring username/password login. Consider removing the AuthenticationProvider bean. Alternatively, consider using the UserDetailsService in a manually instantiated DaoAuthenticationProvider. If the current configuration is intentional, to turn off this warning, increase the logging level of 'org.springframework.security.config.annotation.authentication.configuration.InitializeUserDetailsBeanManagerConfigurer' to ERROR
2025-10-26T11:39:38.474+05:30  INFO 6106 --- [SneakoAplication] [main] o.s.b.a.h2.H2ConsoleAutoConfiguration    : H2 console available at '/h2-console'. Database available at 'jdbc:mysql://localhost:3306/sneako?allowPublicKeyRetrieval=true&createDatabaseIfNotExist=true&useSSL=false'
2025-10-26T11:39:38.513+05:30  INFO 6106 --- [SneakoAplication] [main] o.s.b.w.embedded.tomcat.TomcatWebServer  : Tomcat started on port 8085 (http) with context path '/'
2025-10-26T11:39:38.534+05:30  INFO 6106 --- [SneakoAplication] [main] o.s.b.w.embedded.tomcat.TomcatWebServer  : Tomcat initialized with port 8086 (http)
2025-10-26T11:39:38.535+05:30  INFO 6106 --- [SneakoAplication] [main] o.apache.catalina.core.StandardService   : Starting service [Tomcat]
2025-10-26T11:39:38.535+05:30  INFO 6106 --- [SneakoAplication] [main] o.apache.catalina.core.StandardEngine    : Starting Servlet engine: [Apache Tomcat/10.1.46]
2025-10-26T11:39:38.540+05:30  INFO 6106 --- [SneakoAplication] [main] o.a.c.c.C.[Tomcat-1].[localhost].[/]     : Initializing Spring embedded WebApplicationContext
2025-10-26T11:39:38.540+05:30  INFO 6106 --- [SneakoAplication] [main] w.s.c.ServletWebServerApplicationContext : Root WebApplicationContext: initialization completed in 26 ms
2025-10-26T11:39:38.544+05:30  INFO 6106 --- [SneakoAplication] [main] o.s.b.a.e.web.EndpointLinksResolver      : Exposing 14 endpoints beneath base path '/actuator'
2025-10-26T11:39:38.560+05:30  INFO 6106 --- [SneakoAplication] [main] o.s.b.w.embedded.tomcat.TomcatWebServer  : Tomcat started on port 8086 (http) with context path '/'
2025-10-26T11:39:38.570+05:30  INFO 6106 --- [SneakoAplication] [main] o.g.a.SneakoAplication.SneakoAplication  : Started SneakoAplication in 1.982 seconds (process running for 2.116)
2025-10-26T11:39:38.645+05:30 DEBUG 6106 --- [SneakoAplication] [main] org.hibernate.SQL                        : select r1_0.role_id,r1_0.created_at,r1_0.name,r1_0.updated_at,r1_0.version from roles r1_0 where r1_0.name=?
2025-10-26T11:39:38.656+05:30 DEBUG 6106 --- [SneakoAplication] [main] org.hibernate.SQL                        : select r1_0.role_id,r1_0.created_at,r1_0.name,r1_0.updated_at,r1_0.version from roles r1_0 where r1_0.name=?
2025-10-26T11:39:38.657+05:30 DEBUG 6106 --- [SneakoAplication] [main] org.hibernate.SQL                        : select u1_0.userid,u1_0.address,u1_0.created_at,u1_0.email,u1_0.password,u1_0.phone_number,u1_0.updated_at,u1_0.user_name,u1_0.version from users u1_0 where u1_0.user_name=?
2025-10-26T11:39:38.659+05:30 DEBUG 6106 --- [SneakoAplication] [main] org.hibernate.SQL                        : select r1_0.user_id,r1_1.role_id,r1_1.created_at,r1_1.name,r1_1.updated_at,r1_1.version from user_roles r1_0 join roles r1_1 on r1_1.role_id=r1_0.role_id where r1_0.user_id=?
2025-10-26T11:40:21.055+05:30  INFO 6106 --- [SneakoAplication] [http-nio-8085-exec-1] o.a.c.c.C.[Tomcat].[localhost].[/]       : Initializing Spring DispatcherServlet 'dispatcherServlet'
2025-10-26T11:40:21.055+05:30  INFO 6106 --- [SneakoAplication] [http-nio-8085-exec-1] o.s.web.servlet.DispatcherServlet        : Initializing Servlet 'dispatcherServlet'
2025-10-26T11:40:21.056+05:30  INFO 6106 --- [SneakoAplication] [http-nio-8085-exec-1] o.s.web.servlet.DispatcherServlet        : Completed initialization in 1 ms
2025-10-26T11:40:21.107+05:30 DEBUG 6106 --- [SneakoAplication] [http-nio-8085-exec-1] org.hibernate.SQL                        : select o1_0.order_id,o1_0.created_at,o1_0.order_date,o1_0.order_status,o1_0.shipping_address,o1_0.total_price,o1_0.updated_at,o1_0.user_id,o1_0.version from order_tbl o1_0 where o1_0.order_id=?
2025-10-26T11:40:21.115+05:30 DEBUG 6106 --- [SneakoAplication] [http-nio-8085-exec-1] org.hibernate.SQL                        : insert into order_item (created_at,order_id,product_id,quantity,size,total_price,unit_price,updated_at,version) values (?,?,?,?,?,?,?,?,?)
2025-10-26T11:40:21.123+05:30 DEBUG 6106 --- [SneakoAplication] [http-nio-8085-exec-1] org.hibernate.SQL                        : select oi1_0.order_item_id,oi1_0.created_at,oi1_0.order_id,oi1_0.product_id,oi1_0.quantity,oi1_0.size,oi1_0.total_price,oi1_0.unit_price,oi1_0.updated_at,oi1_0.version from order_item oi1_0 left join order_tbl o1_0 on o1_0.order_id=oi1_0.order_id where o1_0.order_id=?
2025-10-26T11:40:21.128+05:30 ERROR 6106 --- [SneakoAplication] [http-nio-8085-exec-1] o.a.c.c.C.[.[.[/].[dispatcherServlet]    : Servlet.service() for servlet [dispatcherServlet] in context with path [] threw exception [Request processing failed: org.springframework.transaction.TransactionSystemException: Could not commit JPA transaction] with root cause

java.lang.NullPointerException: Cannot invoke "java.lang.Long.longValue()" because "current" is null
	at org.hibernate.type.descriptor.java.LongJavaType.next(LongJavaType.java:213) ~[hibernate-core-6.6.29.Final.jar:6.6.29.Final]
	at org.hibernate.type.descriptor.java.LongJavaType.next(LongJavaType.java:24) ~[hibernate-core-6.6.29.Final.jar:6.6.29.Final]
	at org.hibernate.engine.internal.Versioning.increment(Versioning.java:167) ~[hibernate-core-6.6.29.Final.jar:6.6.29.Final]
	at org.hibernate.generator.internal.VersionGeneration.generate(VersionGeneration.java:51) ~[hibernate-core-6.6.29.Final.jar:6.6.29.Final]
	at org.hibernate.engine.internal.Versioning.incrementVersion(Versioning.java:152) ~[hibernate-core-6.6.29.Final.jar:6.6.29.Final]
	at org.hibernate.event.internal.DefaultFlushEntityEventListener.getNextVersion(DefaultFlushEntityEventListener.java:401) ~[hibernate-core-6.6.29.Final.jar:6.6.29.Final]
	at org.hibernate.event.internal.DefaultFlushEntityEventListener.scheduleUpdate(DefaultFlushEntityEventListener.java:247) ~[hibernate-core-6.6.29.Final.jar:6.6.29.Final]
	at org.hibernate.event.internal.DefaultFlushEntityEventListener.onFlushEntity(DefaultFlushEntityEventListener.java:143) ~[hibernate-core-6.6.29.Final.jar:6.6.29.Final]
	at org.hibernate.event.service.internal.EventListenerGroupImpl.fireEventOnEachListener(EventListenerGroupImpl.java:127) ~[hibernate-core-6.6.29.Final.jar:6.6.29.Final]
	at org.hibernate.event.internal.AbstractFlushingEventListener.flushEntities(AbstractFlushingEventListener.java:269) ~[hibernate-core-6.6.29.Final.jar:6.6.29.Final]
	at org.hibernate.event.internal.AbstractFlushingEventListener.flushEverythingToExecutions(AbstractFlushingEventListener.java:90) ~[hibernate-core-6.6.29.Final.jar:6.6.29.Final]
	at org.hibernate.event.internal.AbstractFlushingEventListener.flushEverythingToExecutions(AbstractFlushingEventListener.java:84) ~[hibernate-core-6.6.29.Final.jar:6.6.29.Final]
	at org.hibernate.event.internal.DefaultFlushEventListener.onFlush(DefaultFlushEventListener.java:40) ~[hibernate-core-6.6.29.Final.jar:6.6.29.Final]
	at org.hibernate.event.service.internal.EventListenerGroupImpl.fireEventOnEachListener(EventListenerGroupImpl.java:127) ~[hibernate-core-6.6.29.Final.jar:6.6.29.Final]
	at org.hibernate.internal.SessionImpl.doFlush(SessionImpl.java:1429) ~[hibernate-core-6.6.29.Final.jar:6.6.29.Final]
	at org.hibernate.internal.SessionImpl.managedFlush(SessionImpl.java:491) ~[hibernate-core-6.6.29.Final.jar:6.6.29.Final]
	at org.hibernate.internal.SessionImpl.flushBeforeTransactionCompletion(SessionImpl.java:2354) ~[hibernate-core-6.6.29.Final.jar:6.6.29.Final]
	at org.hibernate.internal.SessionImpl.beforeTransactionCompletion(SessionImpl.java:1978) ~[hibernate-core-6.6.29.Final.jar:6.6.29.Final]
	at org.hibernate.engine.jdbc.internal.JdbcCoordinatorImpl.beforeTransactionCompletion(JdbcCoordinatorImpl.java:439) ~[hibernate-core-6.6.29.Final.jar:6.6.29.Final]
	at org.hibernate.resource.transaction.backend.jdbc.internal.JdbcResourceLocalTransactionCoordinatorImpl.beforeCompletionCallback(JdbcResourceLocalTransactionCoordinatorImpl.java:169) ~[hibernate-core-6.6.29.Final.jar:6.6.29.Final]
	at org.hibernate.resource.transaction.backend.jdbc.internal.JdbcResourceLocalTransactionCoordinatorImpl$TransactionDriverControlImpl.commit(JdbcResourceLocalTransactionCoordinatorImpl.java:267) ~[hibernate-core-6.6.29.Final.jar:6.6.29.Final]
	at org.hibernate.engine.transaction.internal.TransactionImpl.commit(TransactionImpl.java:101) ~[hibernate-core-6.6.29.Final.jar:6.6.29.Final]
	at org.springframework.orm.jpa.JpaTransactionManager.doCommit(JpaTransactionManager.java:563) ~[spring-orm-6.2.11.jar:6.2.11]
	at org.springframework.transaction.support.AbstractPlatformTransactionManager.processCommit(AbstractPlatformTransactionManager.java:795) ~[spring-tx-6.2.11.jar:6.2.11]
	at org.springframework.transaction.support.AbstractPlatformTransactionManager.commit(AbstractPlatformTransactionManager.java:758) ~[spring-tx-6.2.11.jar:6.2.11]
	at org.springframework.transaction.interceptor.TransactionAspectSupport.commitTransactionAfterReturning(TransactionAspectSupport.java:698) ~[spring-tx-6.2.11.jar:6.2.11]
	at org.springframework.transaction.interceptor.TransactionAspectSupport.invokeWithinTransaction(TransactionAspectSupport.java:416) ~[spring-tx-6.2.11.jar:6.2.11]
	at org.springframework.transaction.interceptor.TransactionInterceptor.invoke(TransactionInterceptor.java:119) ~[spring-tx-6.2.11.jar:6.2.11]
	at org.springframework.aop.framework.ReflectiveMethodInvocation.proceed(ReflectiveMethodInvocation.java:184) ~[spring-aop-6.2.11.jar:6.2.11]
	at org.springframework.aop.framework.CglibAopProxy$DynamicAdvisedInterceptor.intercept(CglibAopProxy.java:728) ~[spring-aop-6.2.11.jar:6.2.11]
	at org.genc.app.SneakoAplication.service.api.impl.OrderItemServiceImpl$$SpringCGLIB$$0.createOrderItem(<generated>) ~[classes/:na]
	at org.genc.app.SneakoAplication.contoller.OrderItemController.createOrderItem(OrderItemController.java:21) ~[classes/:na]
	at java.base/jdk.internal.reflect.DirectMethodHandleAccessor.invoke(DirectMethodHandleAccessor.java:104) ~[na:na]
	at java.base/java.lang.reflect.Method.invoke(Method.java:565) ~[na:na]
	at org.springframework.web.method.support.InvocableHandlerMethod.doInvoke(InvocableHandlerMethod.java:258) ~[spring-web-6.2.11.jar:6.2.11]
	at org.springframework.web.method.support.InvocableHandlerMethod.invokeForRequest(InvocableHandlerMethod.java:191) ~[spring-web-6.2.11.jar:6.2.11]
	at org.springframework.web.servlet.mvc.method.annotation.ServletInvocableHandlerMethod.invokeAndHandle(ServletInvocableHandlerMethod.java:118) ~[spring-webmvc-6.2.11.jar:6.2.11]
	at org.springframework.web.servlet.mvc.method.annotation.RequestMappingHandlerAdapter.invokeHandlerMethod(RequestMappingHandlerAdapter.java:991) ~[spring-webmvc-6.2.11.jar:6.2.11]
	at org.springframework.web.servlet.mvc.method.annotation.RequestMappingHandlerAdapter.handleInternal(RequestMappingHandlerAdapter.java:896) ~[spring-webmvc-6.2.11.jar:6.2.11]
	at org.springframework.web.servlet.mvc.method.AbstractHandlerMethodAdapter.handle(AbstractHandlerMethodAdapter.java:87) ~[spring-webmvc-6.2.11.jar:6.2.11]
	at org.springframework.web.servlet.DispatcherServlet.doDispatch(DispatcherServlet.java:1089) ~[spring-webmvc-6.2.11.jar:6.2.11]
	at org.springframework.web.servlet.DispatcherServlet.doService(DispatcherServlet.java:979) ~[spring-webmvc-6.2.11.jar:6.2.11]
	at org.springframework.web.servlet.FrameworkServlet.processRequest(FrameworkServlet.java:1014) ~[spring-webmvc-6.2.11.jar:6.2.11]
	at org.springframework.web.servlet.FrameworkServlet.doPost(FrameworkServlet.java:914) ~[spring-webmvc-6.2.11.jar:6.2.11]
	at jakarta.servlet.http.HttpServlet.service(HttpServlet.java:590) ~[tomcat-embed-core-10.1.46.jar:6.0]
	at org.springframework.web.servlet.FrameworkServlet.service(FrameworkServlet.java:885) ~[spring-webmvc-6.2.11.jar:6.2.11]
	at jakarta.servlet.http.HttpServlet.service(HttpServlet.java:658) ~[tomcat-embed-core-10.1.46.jar:6.0]
	at org.apache.catalina.core.ApplicationFilterChain.internalDoFilter(ApplicationFilterChain.java:195) ~[tomcat-embed-core-10.1.46.jar:10.1.46]
	at org.apache.catalina.core.ApplicationFilterChain.doFilter(ApplicationFilterChain.java:140) ~[tomcat-embed-core-10.1.46.jar:10.1.46]
	at org.apache.tomcat.websocket.server.WsFilter.doFilter(WsFilter.java:51) ~[tomcat-embed-websocket-10.1.46.jar:10.1.46]
	at org.apache.catalina.core.ApplicationFilterChain.internalDoFilter(ApplicationFilterChain.java:164) ~[tomcat-embed-core-10.1.46.jar:10.1.46]
	at org.apache.catalina.core.ApplicationFilterChain.doFilter(ApplicationFilterChain.java:140) ~[tomcat-embed-core-10.1.46.jar:10.1.46]
	at org.genc.app.SneakoAplication.security.JwtAuthenticationFilter.doFilterInternal(JwtAuthenticationFilter.java:41) ~[classes/:na]
	at org.springframework.web.filter.OncePerRequestFilter.doFilter(OncePerRequestFilter.java:116) ~[spring-web-6.2.11.jar:6.2.11]
	at org.apache.catalina.core.ApplicationFilterChain.internalDoFilter(ApplicationFilterChain.java:164) ~[tomcat-embed-core-10.1.46.jar:10.1.46]
	at org.apache.catalina.core.ApplicationFilterChain.doFilter(ApplicationFilterChain.java:140) ~[tomcat-embed-core-10.1.46.jar:10.1.46]
	at org.springframework.web.filter.CompositeFilter$VirtualFilterChain.doFilter(CompositeFilter.java:108) ~[spring-web-6.2.11.jar:6.2.11]
	at org.springframework.web.filter.CompositeFilter$VirtualFilterChain.doFilter(CompositeFilter.java:108) ~[spring-web-6.2.11.jar:6.2.11]
	at org.springframework.security.web.FilterChainProxy.lambda$doFilterInternal$3(FilterChainProxy.java:231) ~[spring-security-web-6.5.5.jar:6.5.5]
	at org.springframework.security.web.ObservationFilterChainDecorator$FilterObservation$SimpleFilterObservation.lambda$wrap$1(ObservationFilterChainDecorator.java:490) ~[spring-security-web-6.5.5.jar:6.5.5]
	at org.springframework.security.web.ObservationFilterChainDecorator$AroundFilterObservation$SimpleAroundFilterObservation.lambda$wrap$1(ObservationFilterChainDecorator.java:351) ~[spring-security-web-6.5.5.jar:6.5.5]
	at org.springframework.security.web.ObservationFilterChainDecorator.lambda$wrapSecured$0(ObservationFilterChainDecorator.java:83) ~[spring-security-web-6.5.5.jar:6.5.5]
	at org.springframework.security.web.ObservationFilterChainDecorator$VirtualFilterChain.doFilter(ObservationFilterChainDecorator.java:129) ~[spring-security-web-6.5.5.jar:6.5.5]
	at org.springframework.security.web.access.intercept.AuthorizationFilter.doFilter(AuthorizationFilter.java:101) ~[spring-security-web-6.5.5.jar:6.5.5]
	at org.springframework.security.web.ObservationFilterChainDecorator$ObservationFilter.wrapFilter(ObservationFilterChainDecorator.java:241) ~[spring-security-web-6.5.5.jar:6.5.5]
	at org.springframework.security.web.ObservationFilterChainDecorator$ObservationFilter.doFilter(ObservationFilterChainDecorator.java:228) ~[spring-security-web-6.5.5.jar:6.5.5]
	at org.springframework.security.web.ObservationFilterChainDecorator$VirtualFilterChain.doFilter(ObservationFilterChainDecorator.java:138) ~[spring-security-web-6.5.5.jar:6.5.5]
	at org.springframework.security.web.access.ExceptionTranslationFilter.doFilter(ExceptionTranslationFilter.java:125) ~[spring-security-web-6.5.5.jar:6.5.5]
	at org.springframework.security.web.access.ExceptionTranslationFilter.doFilter(ExceptionTranslationFilter.java:119) ~[spring-security-web-6.5.5.jar:6.5.5]
	at org.springframework.security.web.ObservationFilterChainDecorator$ObservationFilter.wrapFilter(ObservationFilterChainDecorator.java:241) ~[spring-security-web-6.5.5.jar:6.5.5]
	at org.springframework.security.web.ObservationFilterChainDecorator$ObservationFilter.doFilter(ObservationFilterChainDecorator.java:228) ~[spring-security-web-6.5.5.jar:6.5.5]
	at org.springframework.security.web.ObservationFilterChainDecorator$VirtualFilterChain.doFilter(ObservationFilterChainDecorator.java:138) ~[spring-security-web-6.5.5.jar:6.5.5]
	at org.springframework.security.web.authentication.AnonymousAuthenticationFilter.doFilter(AnonymousAuthenticationFilter.java:100) ~[spring-security-web-6.5.5.jar:6.5.5]
	at org.springframework.security.web.ObservationFilterChainDecorator$ObservationFilter.wrapFilter(ObservationFilterChainDecorator.java:241) ~[spring-security-web-6.5.5.jar:6.5.5]
	at org.springframework.security.web.ObservationFilterChainDecorator$ObservationFilter.doFilter(ObservationFilterChainDecorator.java:228) ~[spring-security-web-6.5.5.jar:6.5.5]
	at org.springframework.security.web.ObservationFilterChainDecorator$VirtualFilterChain.doFilter(ObservationFilterChainDecorator.java:138) ~[spring-security-web-6.5.5.jar:6.5.5]
	at org.springframework.security.web.servletapi.SecurityContextHolderAwareRequestFilter.doFilter(SecurityContextHolderAwareRequestFilter.java:179) ~[spring-security-web-6.5.5.jar:6.5.5]
	at org.springframework.security.web.ObservationFilterChainDecorator$ObservationFilter.wrapFilter(ObservationFilterChainDecorator.java:241) ~[spring-security-web-6.5.5.jar:6.5.5]
	at org.springframework.security.web.ObservationFilterChainDecorator$ObservationFilter.doFilter(ObservationFilterChainDecorator.java:228) ~[spring-security-web-6.5.5.jar:6.5.5]
	at org.springframework.security.web.ObservationFilterChainDecorator$VirtualFilterChain.doFilter(ObservationFilterChainDecorator.java:138) ~[spring-security-web-6.5.5.jar:6.5.5]
	at org.springframework.security.web.savedrequest.RequestCacheAwareFilter.doFilter(RequestCacheAwareFilter.java:63) ~[spring-security-web-6.5.5.jar:6.5.5]
	at org.springframework.security.web.ObservationFilterChainDecorator$ObservationFilter.wrapFilter(ObservationFilterChainDecorator.java:241) ~[spring-security-web-6.5.5.jar:6.5.5]
	at org.springframework.security.web.ObservationFilterChainDecorator$ObservationFilter.doFilter(ObservationFilterChainDecorator.java:228) ~[spring-security-web-6.5.5.jar:6.5.5]
	at org.springframework.security.web.ObservationFilterChainDecorator$VirtualFilterChain.doFilter(ObservationFilterChainDecorator.java:138) ~[spring-security-web-6.5.5.jar:6.5.5]
	at org.springframework.security.web.authentication.logout.LogoutFilter.doFilter(LogoutFilter.java:107) ~[spring-security-web-6.5.5.jar:6.5.5]
	at org.springframework.security.web.authentication.logout.LogoutFilter.doFilter(LogoutFilter.java:93) ~[spring-security-web-6.5.5.jar:6.5.5]
	at org.springframework.security.web.ObservationFilterChainDecorator$ObservationFilter.wrapFilter(ObservationFilterChainDecorator.java:241) ~[spring-security-web-6.5.5.jar:6.5.5]
	at org.springframework.security.web.ObservationFilterChainDecorator$ObservationFilter.doFilter(ObservationFilterChainDecorator.java:228) ~[spring-security-web-6.5.5.jar:6.5.5]
	at org.springframework.security.web.ObservationFilterChainDecorator$VirtualFilterChain.doFilter(ObservationFilterChainDecorator.java:138) ~[spring-security-web-6.5.5.jar:6.5.5]
	at org.springframework.security.web.header.HeaderWriterFilter.doHeadersAfter(HeaderWriterFilter.java:90) ~[spring-security-web-6.5.5.jar:6.5.5]
	at org.springframework.security.web.header.HeaderWriterFilter.doFilterInternal(HeaderWriterFilter.java:75) ~[spring-security-web-6.5.5.jar:6.5.5]
	at org.springframework.web.filter.OncePerRequestFilter.doFilter(OncePerRequestFilter.java:116) ~[spring-web-6.2.11.jar:6.2.11]
	at org.springframework.security.web.ObservationFilterChainDecorator$ObservationFilter.wrapFilter(ObservationFilterChainDecorator.java:241) ~[spring-security-web-6.5.5.jar:6.5.5]
	at org.springframework.security.web.ObservationFilterChainDecorator$ObservationFilter.doFilter(ObservationFilterChainDecorator.java:228) ~[spring-security-web-6.5.5.jar:6.5.5]
	at org.springframework.security.web.ObservationFilterChainDecorator$VirtualFilterChain.doFilter(ObservationFilterChainDecorator.java:138) ~[spring-security-web-6.5.5.jar:6.5.5]
	at org.springframework.security.web.context.SecurityContextHolderFilter.doFilter(SecurityContextHolderFilter.java:82) ~[spring-security-web-6.5.5.jar:6.5.5]
	at org.springframework.security.web.context.SecurityContextHolderFilter.doFilter(SecurityContextHolderFilter.java:69) ~[spring-security-web-6.5.5.jar:6.5.5]
	at org.springframework.security.web.ObservationFilterChainDecorator$ObservationFilter.wrapFilter(ObservationFilterChainDecorator.java:241) ~[spring-security-web-6.5.5.jar:6.5.5]
	at org.springframework.security.web.ObservationFilterChainDecorator$ObservationFilter.doFilter(ObservationFilterChainDecorator.java:228) ~[spring-security-web-6.5.5.jar:6.5.5]
	at org.springframework.security.web.ObservationFilterChainDecorator$VirtualFilterChain.doFilter(ObservationFilterChainDecorator.java:138) ~[spring-security-web-6.5.5.jar:6.5.5]
	at org.springframework.security.web.context.request.async.WebAsyncManagerIntegrationFilter.doFilterInternal(WebAsyncManagerIntegrationFilter.java:62) ~[spring-security-web-6.5.5.jar:6.5.5]
	at org.springframework.web.filter.OncePerRequestFilter.doFilter(OncePerRequestFilter.java:116) ~[spring-web-6.2.11.jar:6.2.11]
	at org.springframework.security.web.ObservationFilterChainDecorator$ObservationFilter.wrapFilter(ObservationFilterChainDecorator.java:241) ~[spring-security-web-6.5.5.jar:6.5.5]
	at org.springframework.security.web.ObservationFilterChainDecorator$ObservationFilter.doFilter(ObservationFilterChainDecorator.java:228) ~[spring-security-web-6.5.5.jar:6.5.5]
	at org.springframework.security.web.ObservationFilterChainDecorator$VirtualFilterChain.doFilter(ObservationFilterChainDecorator.java:138) ~[spring-security-web-6.5.5.jar:6.5.5]
	at org.springframework.security.web.session.DisableEncodeUrlFilter.doFilterInternal(DisableEncodeUrlFilter.java:42) ~[spring-security-web-6.5.5.jar:6.5.5]
	at org.springframework.web.filter.OncePerRequestFilter.doFilter(OncePerRequestFilter.java:116) ~[spring-web-6.2.11.jar:6.2.11]
	at org.springframework.security.web.ObservationFilterChainDecorator$ObservationFilter.wrapFilter(ObservationFilterChainDecorator.java:241) ~[spring-security-web-6.5.5.jar:6.5.5]
	at org.springframework.security.web.ObservationFilterChainDecorator$AroundFilterObservation$SimpleAroundFilterObservation.lambda$wrap$0(ObservationFilterChainDecorator.java:334) ~[spring-security-web-6.5.5.jar:6.5.5]
	at org.springframework.security.web.ObservationFilterChainDecorator$ObservationFilter.doFilter(ObservationFilterChainDecorator.java:225) ~[spring-security-web-6.5.5.jar:6.5.5]
	at org.springframework.security.web.ObservationFilterChainDecorator$VirtualFilterChain.doFilter(ObservationFilterChainDecorator.java:138) ~[spring-security-web-6.5.5.jar:6.5.5]
	at org.springframework.security.web.FilterChainProxy.doFilterInternal(FilterChainProxy.java:233) ~[spring-security-web-6.5.5.jar:6.5.5]
	at org.springframework.security.web.FilterChainProxy.doFilter(FilterChainProxy.java:191) ~[spring-security-web-6.5.5.jar:6.5.5]
	at org.springframework.web.filter.CompositeFilter$VirtualFilterChain.doFilter(CompositeFilter.java:113) ~[spring-web-6.2.11.jar:6.2.11]
	at org.springframework.web.filter.ServletRequestPathFilter.doFilter(ServletRequestPathFilter.java:52) ~[spring-web-6.2.11.jar:6.2.11]
	at org.springframework.web.filter.CompositeFilter$VirtualFilterChain.doFilter(CompositeFilter.java:113) ~[spring-web-6.2.11.jar:6.2.11]
	at org.springframework.web.filter.CompositeFilter.doFilter(CompositeFilter.java:74) ~[spring-web-6.2.11.jar:6.2.11]
	at org.springframework.security.config.annotation.web.configuration.WebSecurityConfiguration$CompositeFilterChainProxy.doFilter(WebSecurityConfiguration.java:319) ~[spring-security-config-6.5.5.jar:6.5.5]
	at org.springframework.web.filter.CompositeFilter$VirtualFilterChain.doFilter(CompositeFilter.java:113) ~[spring-web-6.2.11.jar:6.2.11]
	at org.springframework.web.servlet.handler.HandlerMappingIntrospector.lambda$createCacheFilter$4(HandlerMappingIntrospector.java:267) ~[spring-webmvc-6.2.11.jar:6.2.11]
	at org.springframework.web.filter.CompositeFilter$VirtualFilterChain.doFilter(CompositeFilter.java:113) ~[spring-web-6.2.11.jar:6.2.11]
	at org.springframework.web.filter.CompositeFilter.doFilter(CompositeFilter.java:74) ~[spring-web-6.2.11.jar:6.2.11]
	at org.springframework.security.config.annotation.web.configuration.WebMvcSecurityConfiguration$CompositeFilterChainProxy.doFilter(WebMvcSecurityConfiguration.java:240) ~[spring-security-config-6.5.5.jar:6.5.5]
	at org.springframework.web.filter.DelegatingFilterProxy.invokeDelegate(DelegatingFilterProxy.java:362) ~[spring-web-6.2.11.jar:6.2.11]
	at org.springframework.web.filter.DelegatingFilterProxy.doFilter(DelegatingFilterProxy.java:278) ~[spring-web-6.2.11.jar:6.2.11]
	at org.apache.catalina.core.ApplicationFilterChain.internalDoFilter(ApplicationFilterChain.java:164) ~[tomcat-embed-core-10.1.46.jar:10.1.46]
	at org.apache.catalina.core.ApplicationFilterChain.doFilter(ApplicationFilterChain.java:140) ~[tomcat-embed-core-10.1.46.jar:10.1.46]
	at org.springframework.web.filter.RequestContextFilter.doFilterInternal(RequestContextFilter.java:100) ~[spring-web-6.2.11.jar:6.2.11]
	at org.springframework.web.filter.OncePerRequestFilter.doFilter(OncePerRequestFilter.java:116) ~[spring-web-6.2.11.jar:6.2.11]
	at org.apache.catalina.core.ApplicationFilterChain.internalDoFilter(ApplicationFilterChain.java:164) ~[tomcat-embed-core-10.1.46.jar:10.1.46]
	at org.apache.catalina.core.ApplicationFilterChain.doFilter(ApplicationFilterChain.java:140) ~[tomcat-embed-core-10.1.46.jar:10.1.46]
	at org.springframework.web.filter.FormContentFilter.doFilterInternal(FormContentFilter.java:93) ~[spring-web-6.2.11.jar:6.2.11]
	at org.springframework.web.filter.OncePerRequestFilter.doFilter(OncePerRequestFilter.java:116) ~[spring-web-6.2.11.jar:6.2.11]
	at org.apache.catalina.core.ApplicationFilterChain.internalDoFilter(ApplicationFilterChain.java:164) ~[tomcat-embed-core-10.1.46.jar:10.1.46]
	at org.apache.catalina.core.ApplicationFilterChain.doFilter(ApplicationFilterChain.java:140) ~[tomcat-embed-core-10.1.46.jar:10.1.46]
	at org.springframework.web.filter.ServerHttpObservationFilter.doFilterInternal(ServerHttpObservationFilter.java:110) ~[spring-web-6.2.11.jar:6.2.11]
	at org.springframework.web.filter.OncePerRequestFilter.doFilter(OncePerRequestFilter.java:116) ~[spring-web-6.2.11.jar:6.2.11]
	at org.apache.catalina.core.ApplicationFilterChain.internalDoFilter(ApplicationFilterChain.java:164) ~[tomcat-embed-core-10.1.46.jar:10.1.46]
	at org.apache.catalina.core.ApplicationFilterChain.doFilter(ApplicationFilterChain.java:140) ~[tomcat-embed-core-10.1.46.jar:10.1.46]
	at org.springframework.web.filter.CharacterEncodingFilter.doFilterInternal(CharacterEncodingFilter.java:201) ~[spring-web-6.2.11.jar:6.2.11]
	at org.springframework.web.filter.OncePerRequestFilter.doFilter(OncePerRequestFilter.java:116) ~[spring-web-6.2.11.jar:6.2.11]
	at org.apache.catalina.core.ApplicationFilterChain.internalDoFilter(ApplicationFilterChain.java:164) ~[tomcat-embed-core-10.1.46.jar:10.1.46]
	at org.apache.catalina.core.ApplicationFilterChain.doFilter(ApplicationFilterChain.java:140) ~[tomcat-embed-core-10.1.46.jar:10.1.46]
	at org.apache.catalina.core.StandardWrapperValve.invoke(StandardWrapperValve.java:167) ~[tomcat-embed-core-10.1.46.jar:10.1.46]
	at org.apache.catalina.core.StandardContextValve.invoke(StandardContextValve.java:90) ~[tomcat-embed-core-10.1.46.jar:10.1.46]
	at org.apache.catalina.authenticator.AuthenticatorBase.invoke(AuthenticatorBase.java:483) ~[tomcat-embed-core-10.1.46.jar:10.1.46]
	at org.apache.catalina.core.StandardHostValve.invoke(StandardHostValve.java:116) ~[tomcat-embed-core-10.1.46.jar:10.1.46]
	at org.apache.catalina.valves.ErrorReportValve.invoke(ErrorReportValve.java:93) ~[tomcat-embed-core-10.1.46.jar:10.1.46]
	at org.apache.catalina.core.StandardEngineValve.invoke(StandardEngineValve.java:74) ~[tomcat-embed-core-10.1.46.jar:10.1.46]
	at org.apache.catalina.connector.CoyoteAdapter.service(CoyoteAdapter.java:344) ~[tomcat-embed-core-10.1.46.jar:10.1.46]
	at org.apache.coyote.http11.Http11Processor.service(Http11Processor.java:398) ~[tomcat-embed-core-10.1.46.jar:10.1.46]
	at org.apache.coyote.AbstractProcessorLight.process(AbstractProcessorLight.java:63) ~[tomcat-embed-core-10.1.46.jar:10.1.46]
	at org.apache.coyote.AbstractProtocol$ConnectionHandler.process(AbstractProtocol.java:903) ~[tomcat-embed-core-10.1.46.jar:10.1.46]
	at org.apache.tomcat.util.net.NioEndpoint$SocketProcessor.doRun(NioEndpoint.java:1776) ~[tomcat-embed-core-10.1.46.jar:10.1.46]
	at org.apache.tomcat.util.net.SocketProcessorBase.run(SocketProcessorBase.java:52) ~[tomcat-embed-core-10.1.46.jar:10.1.46]
	at org.apache.tomcat.util.threads.ThreadPoolExecutor.runWorker(ThreadPoolExecutor.java:975) ~[tomcat-embed-core-10.1.46.jar:10.1.46]
	at org.apache.tomcat.util.threads.ThreadPoolExecutor$Worker.run(ThreadPoolExecutor.java:493) ~[tomcat-embed-core-10.1.46.jar:10.1.46]
	at org.apache.tomcat.util.threads.TaskThread$WrappingRunnable.run(TaskThread.java:63) ~[tomcat-embed-core-10.1.46.jar:10.1.46]
	at java.base/java.lang.Thread.run(Thread.java:1447) ~[na:na]

2025-10-26T11:42:05.952+05:30  INFO 6106 --- [SneakoAplication] [SpringApplicationShutdownHook] o.s.b.w.e.tomcat.GracefulShutdown        : Commencing graceful shutdown. Waiting for active requests to complete
2025-10-26T11:42:05.956+05:30  INFO 6106 --- [SneakoAplication] [tomcat-shutdown] o.s.b.w.e.tomcat.GracefulShutdown        : Graceful shutdown complete
2025-10-26T11:42:05.956+05:30  INFO 6106 --- [SneakoAplication] [SpringApplicationShutdownHook] o.s.b.w.e.tomcat.GracefulShutdown        : Commencing graceful shutdown. Waiting for active requests to complete
2025-10-26T11:42:05.957+05:30  INFO 6106 --- [SneakoAplication] [tomcat-shutdown] o.s.b.w.e.tomcat.GracefulShutdown        : Graceful shutdown complete
2025-10-26T11:42:05.964+05:30  INFO 6106 --- [SneakoAplication] [SpringApplicationShutdownHook] j.LocalContainerEntityManagerFactoryBean : Closing JPA EntityManagerFactory for persistence unit 'default'
2025-10-26T11:42:05.965+05:30  INFO 6106 --- [SneakoAplication] [SpringApplicationShutdownHook] com.zaxxer.hikari.HikariDataSource       : HikariPool-1 - Shutdown initiated...
2025-10-26T11:42:05.968+05:30  INFO 6106 --- [SneakoAplication] [SpringApplicationShutdownHook] com.zaxxer.hikari.HikariDataSource       : HikariPool-1 - Shutdown completed.
2025-10-26T11:42:07.355+05:30  INFO 6140 --- [SneakoAplication] [main] o.g.a.SneakoAplication.SneakoAplication  : Starting SneakoAplication using Java 24.0.2 with PID 6140 (/Users/saurabhsanjaydeshmukh/Sneako/SneakoBackend/target/classes started by saurabhsanjaydeshmukh in /Users/saurabhsanjaydeshmukh/Sneako/SneakoBackend)
2025-10-26T11:42:07.356+05:30  INFO 6140 --- [SneakoAplication] [main] o.g.a.SneakoAplication.SneakoAplication  : The following 1 profile is active: "dev"
2025-10-26T11:42:07.797+05:30  INFO 6140 --- [SneakoAplication] [main] .s.d.r.c.RepositoryConfigurationDelegate : Bootstrapping Spring Data JPA repositories in DEFAULT mode.
2025-10-26T11:42:07.827+05:30  INFO 6140 --- [SneakoAplication] [main] .s.d.r.c.RepositoryConfigurationDelegate : Finished Spring Data repository scanning in 25 ms. Found 8 JPA repository interfaces.
2025-10-26T11:42:08.033+05:30  INFO 6140 --- [SneakoAplication] [main] o.s.b.w.embedded.tomcat.TomcatWebServer  : Tomcat initialized with port 8085 (http)
2025-10-26T11:42:08.039+05:30  INFO 6140 --- [SneakoAplication] [main] o.apache.catalina.core.StandardService   : Starting service [Tomcat]
2025-10-26T11:42:08.039+05:30  INFO 6140 --- [SneakoAplication] [main] o.apache.catalina.core.StandardEngine    : Starting Servlet engine: [Apache Tomcat/10.1.46]
2025-10-26T11:42:08.060+05:30  INFO 6140 --- [SneakoAplication] [main] o.a.c.c.C.[Tomcat].[localhost].[/]       : Initializing Spring embedded WebApplicationContext
2025-10-26T11:42:08.060+05:30  INFO 6140 --- [SneakoAplication] [main] w.s.c.ServletWebServerApplicationContext : Root WebApplicationContext: initialization completed in 686 ms
2025-10-26T11:42:08.130+05:30  INFO 6140 --- [SneakoAplication] [main] com.zaxxer.hikari.HikariDataSource       : HikariPool-1 - Starting...
2025-10-26T11:42:08.192+05:30  INFO 6140 --- [SneakoAplication] [main] com.zaxxer.hikari.pool.HikariPool        : HikariPool-1 - Added connection com.mysql.cj.jdbc.ConnectionImpl@36463b09
2025-10-26T11:42:08.193+05:30  INFO 6140 --- [SneakoAplication] [main] com.zaxxer.hikari.HikariDataSource       : HikariPool-1 - Start completed.
2025-10-26T11:42:08.205+05:30  INFO 6140 --- [SneakoAplication] [main] o.hibernate.jpa.internal.util.LogHelper  : HHH000204: Processing PersistenceUnitInfo [name: default]
2025-10-26T11:42:08.219+05:30  INFO 6140 --- [SneakoAplication] [main] org.hibernate.Version                    : HHH000412: Hibernate ORM core version 6.6.29.Final
2025-10-26T11:42:08.228+05:30  INFO 6140 --- [SneakoAplication] [main] o.h.c.internal.RegionFactoryInitiator    : HHH000026: Second-level cache disabled
2025-10-26T11:42:08.329+05:30  INFO 6140 --- [SneakoAplication] [main] o.s.o.j.p.SpringPersistenceUnitInfo      : No LoadTimeWeaver setup: ignoring JPA class transformer
2025-10-26T11:42:08.358+05:30  WARN 6140 --- [SneakoAplication] [main] org.hibernate.orm.deprecation            : HHH90000025: MySQLDialect does not need to be specified explicitly using 'hibernate.dialect' (remove the property setting and it will be selected by default)
2025-10-26T11:42:08.361+05:30  INFO 6140 --- [SneakoAplication] [main] org.hibernate.orm.connections.pooling    : HHH10001005: Database info:
	Database JDBC URL [Connecting through datasource 'HikariDataSource (HikariPool-1)']
	Database driver: undefined/unknown
	Database version: 9.5
	Autocommit mode: undefined/unknown
	Isolation level: undefined/unknown
	Minimum pool size: undefined/unknown
	Maximum pool size: undefined/unknown
2025-10-26T11:42:08.696+05:30  INFO 6140 --- [SneakoAplication] [main] o.h.e.t.j.p.i.JtaPlatformInitiator       : HHH000489: No JTA platform available (set 'hibernate.transaction.jta.platform' to enable JTA platform integration)
2025-10-26T11:42:08.732+05:30  INFO 6140 --- [SneakoAplication] [main] j.LocalContainerEntityManagerFactoryBean : Initialized JPA EntityManagerFactory for persistence unit 'default'
2025-10-26T11:42:08.961+05:30  WARN 6140 --- [SneakoAplication] [main] JpaBaseConfiguration$JpaWebConfiguration : spring.jpa.open-in-view is enabled by default. Therefore, database queries may be performed during view rendering. Explicitly configure spring.jpa.open-in-view to disable this warning
2025-10-26T11:42:08.970+05:30  INFO 6140 --- [SneakoAplication] [main] eAuthenticationProviderManagerConfigurer : Global AuthenticationManager configured with AuthenticationProvider bean with name daoAuthenticationProvider
2025-10-26T11:42:08.971+05:30  WARN 6140 --- [SneakoAplication] [main] r$InitializeUserDetailsManagerConfigurer : Global AuthenticationManager configured with an AuthenticationProvider bean. UserDetailsService beans will not be used by Spring Security for automatically configuring username/password login. Consider removing the AuthenticationProvider bean. Alternatively, consider using the UserDetailsService in a manually instantiated DaoAuthenticationProvider. If the current configuration is intentional, to turn off this warning, increase the logging level of 'org.springframework.security.config.annotation.authentication.configuration.InitializeUserDetailsBeanManagerConfigurer' to ERROR
2025-10-26T11:42:09.215+05:30  INFO 6140 --- [SneakoAplication] [main] o.s.b.a.h2.H2ConsoleAutoConfiguration    : H2 console available at '/h2-console'. Database available at 'jdbc:mysql://localhost:3306/sneako?allowPublicKeyRetrieval=true&createDatabaseIfNotExist=true&useSSL=false'
2025-10-26T11:42:09.254+05:30  INFO 6140 --- [SneakoAplication] [main] o.s.b.w.embedded.tomcat.TomcatWebServer  : Tomcat started on port 8085 (http) with context path '/'
2025-10-26T11:42:09.278+05:30  INFO 6140 --- [SneakoAplication] [main] o.s.b.w.embedded.tomcat.TomcatWebServer  : Tomcat initialized with port 8086 (http)
2025-10-26T11:42:09.278+05:30  INFO 6140 --- [SneakoAplication] [main] o.apache.catalina.core.StandardService   : Starting service [Tomcat]
2025-10-26T11:42:09.278+05:30  INFO 6140 --- [SneakoAplication] [main] o.apache.catalina.core.StandardEngine    : Starting Servlet engine: [Apache Tomcat/10.1.46]
2025-10-26T11:42:09.283+05:30  INFO 6140 --- [SneakoAplication] [main] o.a.c.c.C.[Tomcat-1].[localhost].[/]     : Initializing Spring embedded WebApplicationContext
2025-10-26T11:42:09.283+05:30  INFO 6140 --- [SneakoAplication] [main] w.s.c.ServletWebServerApplicationContext : Root WebApplicationContext: initialization completed in 27 ms
2025-10-26T11:42:09.290+05:30  INFO 6140 --- [SneakoAplication] [main] o.s.b.a.e.web.EndpointLinksResolver      : Exposing 14 endpoints beneath base path '/actuator'
2025-10-26T11:42:09.304+05:30  INFO 6140 --- [SneakoAplication] [main] o.s.b.w.embedded.tomcat.TomcatWebServer  : Tomcat started on port 8086 (http) with context path '/'
2025-10-26T11:42:09.314+05:30  INFO 6140 --- [SneakoAplication] [main] o.g.a.SneakoAplication.SneakoAplication  : Started SneakoAplication in 2.144 seconds (process running for 2.282)
2025-10-26T11:42:09.400+05:30 DEBUG 6140 --- [SneakoAplication] [main] org.hibernate.SQL                        : select r1_0.role_id,r1_0.created_at,r1_0.name,r1_0.updated_at,r1_0.version from roles r1_0 where r1_0.name=?
2025-10-26T11:42:09.413+05:30 DEBUG 6140 --- [SneakoAplication] [main] org.hibernate.SQL                        : select r1_0.role_id,r1_0.created_at,r1_0.name,r1_0.updated_at,r1_0.version from roles r1_0 where r1_0.name=?
2025-10-26T11:42:09.414+05:30 DEBUG 6140 --- [SneakoAplication] [main] org.hibernate.SQL                        : select u1_0.userid,u1_0.address,u1_0.created_at,u1_0.email,u1_0.password,u1_0.phone_number,u1_0.updated_at,u1_0.user_name,u1_0.version from users u1_0 where u1_0.user_name=?
2025-10-26T11:42:09.416+05:30 DEBUG 6140 --- [SneakoAplication] [main] org.hibernate.SQL                        : select r1_0.user_id,r1_1.role_id,r1_1.created_at,r1_1.name,r1_1.updated_at,r1_1.version from user_roles r1_0 join roles r1_1 on r1_1.role_id=r1_0.role_id where r1_0.user_id=?
2025-10-26T11:43:01.451+05:30  INFO 6140 --- [SneakoAplication] [http-nio-8085-exec-1] o.a.c.c.C.[Tomcat].[localhost].[/]       : Initializing Spring DispatcherServlet 'dispatcherServlet'
2025-10-26T11:43:01.452+05:30  INFO 6140 --- [SneakoAplication] [http-nio-8085-exec-1] o.s.web.servlet.DispatcherServlet        : Initializing Servlet 'dispatcherServlet'
2025-10-26T11:43:01.453+05:30  INFO 6140 --- [SneakoAplication] [http-nio-8085-exec-1] o.s.web.servlet.DispatcherServlet        : Completed initialization in 1 ms
2025-10-26T11:43:01.503+05:30 DEBUG 6140 --- [SneakoAplication] [http-nio-8085-exec-1] org.hibernate.SQL                        : select o1_0.order_id,o1_0.created_at,o1_0.order_date,o1_0.order_status,o1_0.shipping_address,o1_0.total_price,o1_0.updated_at,o1_0.user_id,o1_0.version from order_tbl o1_0 where o1_0.order_id=?
2025-10-26T11:43:01.512+05:30 DEBUG 6140 --- [SneakoAplication] [http-nio-8085-exec-1] org.hibernate.SQL                        : insert into order_item (created_at,order_id,product_id,quantity,size,total_price,unit_price,updated_at,version) values (?,?,?,?,?,?,?,?,?)
2025-10-26T11:43:01.521+05:30 DEBUG 6140 --- [SneakoAplication] [http-nio-8085-exec-1] org.hibernate.SQL                        : select oi1_0.order_item_id,oi1_0.created_at,oi1_0.order_id,oi1_0.product_id,oi1_0.quantity,oi1_0.size,oi1_0.total_price,oi1_0.unit_price,oi1_0.updated_at,oi1_0.version from order_item oi1_0 left join order_tbl o1_0 on o1_0.order_id=oi1_0.order_id where o1_0.order_id=?
2025-10-26T11:43:01.527+05:30 ERROR 6140 --- [SneakoAplication] [http-nio-8085-exec-1] o.a.c.c.C.[.[.[/].[dispatcherServlet]    : Servlet.service() for servlet [dispatcherServlet] in context with path [] threw exception [Request processing failed: org.springframework.transaction.TransactionSystemException: Could not commit JPA transaction] with root cause

java.lang.NullPointerException: Cannot invoke "java.lang.Long.longValue()" because "current" is null
	at org.hibernate.type.descriptor.java.LongJavaType.next(LongJavaType.java:213) ~[hibernate-core-6.6.29.Final.jar:6.6.29.Final]
	at org.hibernate.type.descriptor.java.LongJavaType.next(LongJavaType.java:24) ~[hibernate-core-6.6.29.Final.jar:6.6.29.Final]
	at org.hibernate.engine.internal.Versioning.increment(Versioning.java:167) ~[hibernate-core-6.6.29.Final.jar:6.6.29.Final]
	at org.hibernate.generator.internal.VersionGeneration.generate(VersionGeneration.java:51) ~[hibernate-core-6.6.29.Final.jar:6.6.29.Final]
	at org.hibernate.engine.internal.Versioning.incrementVersion(Versioning.java:152) ~[hibernate-core-6.6.29.Final.jar:6.6.29.Final]
	at org.hibernate.event.internal.DefaultFlushEntityEventListener.getNextVersion(DefaultFlushEntityEventListener.java:401) ~[hibernate-core-6.6.29.Final.jar:6.6.29.Final]
	at org.hibernate.event.internal.DefaultFlushEntityEventListener.scheduleUpdate(DefaultFlushEntityEventListener.java:247) ~[hibernate-core-6.6.29.Final.jar:6.6.29.Final]
	at org.hibernate.event.internal.DefaultFlushEntityEventListener.onFlushEntity(DefaultFlushEntityEventListener.java:143) ~[hibernate-core-6.6.29.Final.jar:6.6.29.Final]
	at org.hibernate.event.service.internal.EventListenerGroupImpl.fireEventOnEachListener(EventListenerGroupImpl.java:127) ~[hibernate-core-6.6.29.Final.jar:6.6.29.Final]
	at org.hibernate.event.internal.AbstractFlushingEventListener.flushEntities(AbstractFlushingEventListener.java:269) ~[hibernate-core-6.6.29.Final.jar:6.6.29.Final]
	at org.hibernate.event.internal.AbstractFlushingEventListener.flushEverythingToExecutions(AbstractFlushingEventListener.java:90) ~[hibernate-core-6.6.29.Final.jar:6.6.29.Final]
	at org.hibernate.event.internal.AbstractFlushingEventListener.flushEverythingToExecutions(AbstractFlushingEventListener.java:84) ~[hibernate-core-6.6.29.Final.jar:6.6.29.Final]
	at org.hibernate.event.internal.DefaultFlushEventListener.onFlush(DefaultFlushEventListener.java:40) ~[hibernate-core-6.6.29.Final.jar:6.6.29.Final]
	at org.hibernate.event.service.internal.EventListenerGroupImpl.fireEventOnEachListener(EventListenerGroupImpl.java:127) ~[hibernate-core-6.6.29.Final.jar:6.6.29.Final]
	at org.hibernate.internal.SessionImpl.doFlush(SessionImpl.java:1429) ~[hibernate-core-6.6.29.Final.jar:6.6.29.Final]
	at org.hibernate.internal.SessionImpl.managedFlush(SessionImpl.java:491) ~[hibernate-core-6.6.29.Final.jar:6.6.29.Final]
	at org.hibernate.internal.SessionImpl.flushBeforeTransactionCompletion(SessionImpl.java:2354) ~[hibernate-core-6.6.29.Final.jar:6.6.29.Final]
	at org.hibernate.internal.SessionImpl.beforeTransactionCompletion(SessionImpl.java:1978) ~[hibernate-core-6.6.29.Final.jar:6.6.29.Final]
	at org.hibernate.engine.jdbc.internal.JdbcCoordinatorImpl.beforeTransactionCompletion(JdbcCoordinatorImpl.java:439) ~[hibernate-core-6.6.29.Final.jar:6.6.29.Final]
	at org.hibernate.resource.transaction.backend.jdbc.internal.JdbcResourceLocalTransactionCoordinatorImpl.beforeCompletionCallback(JdbcResourceLocalTransactionCoordinatorImpl.java:169) ~[hibernate-core-6.6.29.Final.jar:6.6.29.Final]
	at org.hibernate.resource.transaction.backend.jdbc.internal.JdbcResourceLocalTransactionCoordinatorImpl$TransactionDriverControlImpl.commit(JdbcResourceLocalTransactionCoordinatorImpl.java:267) ~[hibernate-core-6.6.29.Final.jar:6.6.29.Final]
	at org.hibernate.engine.transaction.internal.TransactionImpl.commit(TransactionImpl.java:101) ~[hibernate-core-6.6.29.Final.jar:6.6.29.Final]
	at org.springframework.orm.jpa.JpaTransactionManager.doCommit(JpaTransactionManager.java:563) ~[spring-orm-6.2.11.jar:6.2.11]
	at org.springframework.transaction.support.AbstractPlatformTransactionManager.processCommit(AbstractPlatformTransactionManager.java:795) ~[spring-tx-6.2.11.jar:6.2.11]
	at org.springframework.transaction.support.AbstractPlatformTransactionManager.commit(AbstractPlatformTransactionManager.java:758) ~[spring-tx-6.2.11.jar:6.2.11]
	at org.springframework.transaction.interceptor.TransactionAspectSupport.commitTransactionAfterReturning(TransactionAspectSupport.java:698) ~[spring-tx-6.2.11.jar:6.2.11]
	at org.springframework.transaction.interceptor.TransactionAspectSupport.invokeWithinTransaction(TransactionAspectSupport.java:416) ~[spring-tx-6.2.11.jar:6.2.11]
	at org.springframework.transaction.interceptor.TransactionInterceptor.invoke(TransactionInterceptor.java:119) ~[spring-tx-6.2.11.jar:6.2.11]
	at org.springframework.aop.framework.ReflectiveMethodInvocation.proceed(ReflectiveMethodInvocation.java:184) ~[spring-aop-6.2.11.jar:6.2.11]
	at org.springframework.aop.framework.CglibAopProxy$DynamicAdvisedInterceptor.intercept(CglibAopProxy.java:728) ~[spring-aop-6.2.11.jar:6.2.11]
	at org.genc.app.SneakoAplication.service.api.impl.OrderItemServiceImpl$$SpringCGLIB$$0.createOrderItem(<generated>) ~[classes/:na]
	at org.genc.app.SneakoAplication.contoller.OrderItemController.createOrderItem(OrderItemController.java:21) ~[classes/:na]
	at java.base/jdk.internal.reflect.DirectMethodHandleAccessor.invoke(DirectMethodHandleAccessor.java:104) ~[na:na]
	at java.base/java.lang.reflect.Method.invoke(Method.java:565) ~[na:na]
	at org.springframework.web.method.support.InvocableHandlerMethod.doInvoke(InvocableHandlerMethod.java:258) ~[spring-web-6.2.11.jar:6.2.11]
	at org.springframework.web.method.support.InvocableHandlerMethod.invokeForRequest(InvocableHandlerMethod.java:191) ~[spring-web-6.2.11.jar:6.2.11]
	at org.springframework.web.servlet.mvc.method.annotation.ServletInvocableHandlerMethod.invokeAndHandle(ServletInvocableHandlerMethod.java:118) ~[spring-webmvc-6.2.11.jar:6.2.11]
	at org.springframework.web.servlet.mvc.method.annotation.RequestMappingHandlerAdapter.invokeHandlerMethod(RequestMappingHandlerAdapter.java:991) ~[spring-webmvc-6.2.11.jar:6.2.11]
	at org.springframework.web.servlet.mvc.method.annotation.RequestMappingHandlerAdapter.handleInternal(RequestMappingHandlerAdapter.java:896) ~[spring-webmvc-6.2.11.jar:6.2.11]
	at org.springframework.web.servlet.mvc.method.AbstractHandlerMethodAdapter.handle(AbstractHandlerMethodAdapter.java:87) ~[spring-webmvc-6.2.11.jar:6.2.11]
	at org.springframework.web.servlet.DispatcherServlet.doDispatch(DispatcherServlet.java:1089) ~[spring-webmvc-6.2.11.jar:6.2.11]
	at org.springframework.web.servlet.DispatcherServlet.doService(DispatcherServlet.java:979) ~[spring-webmvc-6.2.11.jar:6.2.11]
	at org.springframework.web.servlet.FrameworkServlet.processRequest(FrameworkServlet.java:1014) ~[spring-webmvc-6.2.11.jar:6.2.11]
	at org.springframework.web.servlet.FrameworkServlet.doPost(FrameworkServlet.java:914) ~[spring-webmvc-6.2.11.jar:6.2.11]
	at jakarta.servlet.http.HttpServlet.service(HttpServlet.java:590) ~[tomcat-embed-core-10.1.46.jar:6.0]
	at org.springframework.web.servlet.FrameworkServlet.service(FrameworkServlet.java:885) ~[spring-webmvc-6.2.11.jar:6.2.11]
	at jakarta.servlet.http.HttpServlet.service(HttpServlet.java:658) ~[tomcat-embed-core-10.1.46.jar:6.0]
	at org.apache.catalina.core.ApplicationFilterChain.internalDoFilter(ApplicationFilterChain.java:195) ~[tomcat-embed-core-10.1.46.jar:10.1.46]
	at org.apache.catalina.core.ApplicationFilterChain.doFilter(ApplicationFilterChain.java:140) ~[tomcat-embed-core-10.1.46.jar:10.1.46]
	at org.apache.tomcat.websocket.server.WsFilter.doFilter(WsFilter.java:51) ~[tomcat-embed-websocket-10.1.46.jar:10.1.46]
	at org.apache.catalina.core.ApplicationFilterChain.internalDoFilter(ApplicationFilterChain.java:164) ~[tomcat-embed-core-10.1.46.jar:10.1.46]
	at org.apache.catalina.core.ApplicationFilterChain.doFilter(ApplicationFilterChain.java:140) ~[tomcat-embed-core-10.1.46.jar:10.1.46]
	at org.genc.app.SneakoAplication.security.JwtAuthenticationFilter.doFilterInternal(JwtAuthenticationFilter.java:41) ~[classes/:na]
	at org.springframework.web.filter.OncePerRequestFilter.doFilter(OncePerRequestFilter.java:116) ~[spring-web-6.2.11.jar:6.2.11]
	at org.apache.catalina.core.ApplicationFilterChain.internalDoFilter(ApplicationFilterChain.java:164) ~[tomcat-embed-core-10.1.46.jar:10.1.46]
	at org.apache.catalina.core.ApplicationFilterChain.doFilter(ApplicationFilterChain.java:140) ~[tomcat-embed-core-10.1.46.jar:10.1.46]
	at org.springframework.web.filter.CompositeFilter$VirtualFilterChain.doFilter(CompositeFilter.java:108) ~[spring-web-6.2.11.jar:6.2.11]
	at org.springframework.web.filter.CompositeFilter$VirtualFilterChain.doFilter(CompositeFilter.java:108) ~[spring-web-6.2.11.jar:6.2.11]
	at org.springframework.security.web.FilterChainProxy.lambda$doFilterInternal$3(FilterChainProxy.java:231) ~[spring-security-web-6.5.5.jar:6.5.5]
	at org.springframework.security.web.ObservationFilterChainDecorator$FilterObservation$SimpleFilterObservation.lambda$wrap$1(ObservationFilterChainDecorator.java:490) ~[spring-security-web-6.5.5.jar:6.5.5]
	at org.springframework.security.web.ObservationFilterChainDecorator$AroundFilterObservation$SimpleAroundFilterObservation.lambda$wrap$1(ObservationFilterChainDecorator.java:351) ~[spring-security-web-6.5.5.jar:6.5.5]
	at org.springframework.security.web.ObservationFilterChainDecorator.lambda$wrapSecured$0(ObservationFilterChainDecorator.java:83) ~[spring-security-web-6.5.5.jar:6.5.5]
	at org.springframework.security.web.ObservationFilterChainDecorator$VirtualFilterChain.doFilter(ObservationFilterChainDecorator.java:129) ~[spring-security-web-6.5.5.jar:6.5.5]
	at org.springframework.security.web.access.intercept.AuthorizationFilter.doFilter(AuthorizationFilter.java:101) ~[spring-security-web-6.5.5.jar:6.5.5]
	at org.springframework.security.web.ObservationFilterChainDecorator$ObservationFilter.wrapFilter(ObservationFilterChainDecorator.java:241) ~[spring-security-web-6.5.5.jar:6.5.5]
	at org.springframework.security.web.ObservationFilterChainDecorator$ObservationFilter.doFilter(ObservationFilterChainDecorator.java:228) ~[spring-security-web-6.5.5.jar:6.5.5]
	at org.springframework.security.web.ObservationFilterChainDecorator$VirtualFilterChain.doFilter(ObservationFilterChainDecorator.java:138) ~[spring-security-web-6.5.5.jar:6.5.5]
	at org.springframework.security.web.access.ExceptionTranslationFilter.doFilter(ExceptionTranslationFilter.java:125) ~[spring-security-web-6.5.5.jar:6.5.5]
	at org.springframework.security.web.access.ExceptionTranslationFilter.doFilter(ExceptionTranslationFilter.java:119) ~[spring-security-web-6.5.5.jar:6.5.5]
	at org.springframework.security.web.ObservationFilterChainDecorator$ObservationFilter.wrapFilter(ObservationFilterChainDecorator.java:241) ~[spring-security-web-6.5.5.jar:6.5.5]
	at org.springframework.security.web.ObservationFilterChainDecorator$ObservationFilter.doFilter(ObservationFilterChainDecorator.java:228) ~[spring-security-web-6.5.5.jar:6.5.5]
	at org.springframework.security.web.ObservationFilterChainDecorator$VirtualFilterChain.doFilter(ObservationFilterChainDecorator.java:138) ~[spring-security-web-6.5.5.jar:6.5.5]
	at org.springframework.security.web.authentication.AnonymousAuthenticationFilter.doFilter(AnonymousAuthenticationFilter.java:100) ~[spring-security-web-6.5.5.jar:6.5.5]
	at org.springframework.security.web.ObservationFilterChainDecorator$ObservationFilter.wrapFilter(ObservationFilterChainDecorator.java:241) ~[spring-security-web-6.5.5.jar:6.5.5]
	at org.springframework.security.web.ObservationFilterChainDecorator$ObservationFilter.doFilter(ObservationFilterChainDecorator.java:228) ~[spring-security-web-6.5.5.jar:6.5.5]
	at org.springframework.security.web.ObservationFilterChainDecorator$VirtualFilterChain.doFilter(ObservationFilterChainDecorator.java:138) ~[spring-security-web-6.5.5.jar:6.5.5]
	at org.springframework.security.web.servletapi.SecurityContextHolderAwareRequestFilter.doFilter(SecurityContextHolderAwareRequestFilter.java:179) ~[spring-security-web-6.5.5.jar:6.5.5]
	at org.springframework.security.web.ObservationFilterChainDecorator$ObservationFilter.wrapFilter(ObservationFilterChainDecorator.java:241) ~[spring-security-web-6.5.5.jar:6.5.5]
	at org.springframework.security.web.ObservationFilterChainDecorator$ObservationFilter.doFilter(ObservationFilterChainDecorator.java:228) ~[spring-security-web-6.5.5.jar:6.5.5]
	at org.springframework.security.web.ObservationFilterChainDecorator$VirtualFilterChain.doFilter(ObservationFilterChainDecorator.java:138) ~[spring-security-web-6.5.5.jar:6.5.5]
	at org.springframework.security.web.savedrequest.RequestCacheAwareFilter.doFilter(RequestCacheAwareFilter.java:63) ~[spring-security-web-6.5.5.jar:6.5.5]
	at org.springframework.security.web.ObservationFilterChainDecorator$ObservationFilter.wrapFilter(ObservationFilterChainDecorator.java:241) ~[spring-security-web-6.5.5.jar:6.5.5]
	at org.springframework.security.web.ObservationFilterChainDecorator$ObservationFilter.doFilter(ObservationFilterChainDecorator.java:228) ~[spring-security-web-6.5.5.jar:6.5.5]
	at org.springframework.security.web.ObservationFilterChainDecorator$VirtualFilterChain.doFilter(ObservationFilterChainDecorator.java:138) ~[spring-security-web-6.5.5.jar:6.5.5]
	at org.springframework.security.web.authentication.logout.LogoutFilter.doFilter(LogoutFilter.java:107) ~[spring-security-web-6.5.5.jar:6.5.5]
	at org.springframework.security.web.authentication.logout.LogoutFilter.doFilter(LogoutFilter.java:93) ~[spring-security-web-6.5.5.jar:6.5.5]
	at org.springframework.security.web.ObservationFilterChainDecorator$ObservationFilter.wrapFilter(ObservationFilterChainDecorator.java:241) ~[spring-security-web-6.5.5.jar:6.5.5]
	at org.springframework.security.web.ObservationFilterChainDecorator$ObservationFilter.doFilter(ObservationFilterChainDecorator.java:228) ~[spring-security-web-6.5.5.jar:6.5.5]
	at org.springframework.security.web.ObservationFilterChainDecorator$VirtualFilterChain.doFilter(ObservationFilterChainDecorator.java:138) ~[spring-security-web-6.5.5.jar:6.5.5]
	at org.springframework.security.web.header.HeaderWriterFilter.doHeadersAfter(HeaderWriterFilter.java:90) ~[spring-security-web-6.5.5.jar:6.5.5]
	at org.springframework.security.web.header.HeaderWriterFilter.doFilterInternal(HeaderWriterFilter.java:75) ~[spring-security-web-6.5.5.jar:6.5.5]
	at org.springframework.web.filter.OncePerRequestFilter.doFilter(OncePerRequestFilter.java:116) ~[spring-web-6.2.11.jar:6.2.11]
	at org.springframework.security.web.ObservationFilterChainDecorator$ObservationFilter.wrapFilter(ObservationFilterChainDecorator.java:241) ~[spring-security-web-6.5.5.jar:6.5.5]
	at org.springframework.security.web.ObservationFilterChainDecorator$ObservationFilter.doFilter(ObservationFilterChainDecorator.java:228) ~[spring-security-web-6.5.5.jar:6.5.5]
	at org.springframework.security.web.ObservationFilterChainDecorator$VirtualFilterChain.doFilter(ObservationFilterChainDecorator.java:138) ~[spring-security-web-6.5.5.jar:6.5.5]
	at org.springframework.security.web.context.SecurityContextHolderFilter.doFilter(SecurityContextHolderFilter.java:82) ~[spring-security-web-6.5.5.jar:6.5.5]
	at org.springframework.security.web.context.SecurityContextHolderFilter.doFilter(SecurityContextHolderFilter.java:69) ~[spring-security-web-6.5.5.jar:6.5.5]
	at org.springframework.security.web.ObservationFilterChainDecorator$ObservationFilter.wrapFilter(ObservationFilterChainDecorator.java:241) ~[spring-security-web-6.5.5.jar:6.5.5]
	at org.springframework.security.web.ObservationFilterChainDecorator$ObservationFilter.doFilter(ObservationFilterChainDecorator.java:228) ~[spring-security-web-6.5.5.jar:6.5.5]
	at org.springframework.security.web.ObservationFilterChainDecorator$VirtualFilterChain.doFilter(ObservationFilterChainDecorator.java:138) ~[spring-security-web-6.5.5.jar:6.5.5]
	at org.springframework.security.web.context.request.async.WebAsyncManagerIntegrationFilter.doFilterInternal(WebAsyncManagerIntegrationFilter.java:62) ~[spring-security-web-6.5.5.jar:6.5.5]
	at org.springframework.web.filter.OncePerRequestFilter.doFilter(OncePerRequestFilter.java:116) ~[spring-web-6.2.11.jar:6.2.11]
	at org.springframework.security.web.ObservationFilterChainDecorator$ObservationFilter.wrapFilter(ObservationFilterChainDecorator.java:241) ~[spring-security-web-6.5.5.jar:6.5.5]
	at org.springframework.security.web.ObservationFilterChainDecorator$ObservationFilter.doFilter(ObservationFilterChainDecorator.java:228) ~[spring-security-web-6.5.5.jar:6.5.5]
	at org.springframework.security.web.ObservationFilterChainDecorator$VirtualFilterChain.doFilter(ObservationFilterChainDecorator.java:138) ~[spring-security-web-6.5.5.jar:6.5.5]
	at org.springframework.security.web.session.DisableEncodeUrlFilter.doFilterInternal(DisableEncodeUrlFilter.java:42) ~[spring-security-web-6.5.5.jar:6.5.5]
	at org.springframework.web.filter.OncePerRequestFilter.doFilter(OncePerRequestFilter.java:116) ~[spring-web-6.2.11.jar:6.2.11]
	at org.springframework.security.web.ObservationFilterChainDecorator$ObservationFilter.wrapFilter(ObservationFilterChainDecorator.java:241) ~[spring-security-web-6.5.5.jar:6.5.5]
	at org.springframework.security.web.ObservationFilterChainDecorator$AroundFilterObservation$SimpleAroundFilterObservation.lambda$wrap$0(ObservationFilterChainDecorator.java:334) ~[spring-security-web-6.5.5.jar:6.5.5]
	at org.springframework.security.web.ObservationFilterChainDecorator$ObservationFilter.doFilter(ObservationFilterChainDecorator.java:225) ~[spring-security-web-6.5.5.jar:6.5.5]
	at org.springframework.security.web.ObservationFilterChainDecorator$VirtualFilterChain.doFilter(ObservationFilterChainDecorator.java:138) ~[spring-security-web-6.5.5.jar:6.5.5]
	at org.springframework.security.web.FilterChainProxy.doFilterInternal(FilterChainProxy.java:233) ~[spring-security-web-6.5.5.jar:6.5.5]
	at org.springframework.security.web.FilterChainProxy.doFilter(FilterChainProxy.java:191) ~[spring-security-web-6.5.5.jar:6.5.5]
	at org.springframework.web.filter.CompositeFilter$VirtualFilterChain.doFilter(CompositeFilter.java:113) ~[spring-web-6.2.11.jar:6.2.11]
	at org.springframework.web.filter.ServletRequestPathFilter.doFilter(ServletRequestPathFilter.java:52) ~[spring-web-6.2.11.jar:6.2.11]
	at org.springframework.web.filter.CompositeFilter$VirtualFilterChain.doFilter(CompositeFilter.java:113) ~[spring-web-6.2.11.jar:6.2.11]
	at org.springframework.web.filter.CompositeFilter.doFilter(CompositeFilter.java:74) ~[spring-web-6.2.11.jar:6.2.11]
	at org.springframework.security.config.annotation.web.configuration.WebSecurityConfiguration$CompositeFilterChainProxy.doFilter(WebSecurityConfiguration.java:319) ~[spring-security-config-6.5.5.jar:6.5.5]
	at org.springframework.web.filter.CompositeFilter$VirtualFilterChain.doFilter(CompositeFilter.java:113) ~[spring-web-6.2.11.jar:6.2.11]
	at org.springframework.web.servlet.handler.HandlerMappingIntrospector.lambda$createCacheFilter$4(HandlerMappingIntrospector.java:267) ~[spring-webmvc-6.2.11.jar:6.2.11]
	at org.springframework.web.filter.CompositeFilter$VirtualFilterChain.doFilter(CompositeFilter.java:113) ~[spring-web-6.2.11.jar:6.2.11]
	at org.springframework.web.filter.CompositeFilter.doFilter(CompositeFilter.java:74) ~[spring-web-6.2.11.jar:6.2.11]
	at org.springframework.security.config.annotation.web.configuration.WebMvcSecurityConfiguration$CompositeFilterChainProxy.doFilter(WebMvcSecurityConfiguration.java:240) ~[spring-security-config-6.5.5.jar:6.5.5]
	at org.springframework.web.filter.DelegatingFilterProxy.invokeDelegate(DelegatingFilterProxy.java:362) ~[spring-web-6.2.11.jar:6.2.11]
	at org.springframework.web.filter.DelegatingFilterProxy.doFilter(DelegatingFilterProxy.java:278) ~[spring-web-6.2.11.jar:6.2.11]
	at org.apache.catalina.core.ApplicationFilterChain.internalDoFilter(ApplicationFilterChain.java:164) ~[tomcat-embed-core-10.1.46.jar:10.1.46]
	at org.apache.catalina.core.ApplicationFilterChain.doFilter(ApplicationFilterChain.java:140) ~[tomcat-embed-core-10.1.46.jar:10.1.46]
	at org.springframework.web.filter.RequestContextFilter.doFilterInternal(RequestContextFilter.java:100) ~[spring-web-6.2.11.jar:6.2.11]
	at org.springframework.web.filter.OncePerRequestFilter.doFilter(OncePerRequestFilter.java:116) ~[spring-web-6.2.11.jar:6.2.11]
	at org.apache.catalina.core.ApplicationFilterChain.internalDoFilter(ApplicationFilterChain.java:164) ~[tomcat-embed-core-10.1.46.jar:10.1.46]
	at org.apache.catalina.core.ApplicationFilterChain.doFilter(ApplicationFilterChain.java:140) ~[tomcat-embed-core-10.1.46.jar:10.1.46]
	at org.springframework.web.filter.FormContentFilter.doFilterInternal(FormContentFilter.java:93) ~[spring-web-6.2.11.jar:6.2.11]
	at org.springframework.web.filter.OncePerRequestFilter.doFilter(OncePerRequestFilter.java:116) ~[spring-web-6.2.11.jar:6.2.11]
	at org.apache.catalina.core.ApplicationFilterChain.internalDoFilter(ApplicationFilterChain.java:164) ~[tomcat-embed-core-10.1.46.jar:10.1.46]
	at org.apache.catalina.core.ApplicationFilterChain.doFilter(ApplicationFilterChain.java:140) ~[tomcat-embed-core-10.1.46.jar:10.1.46]
	at org.springframework.web.filter.ServerHttpObservationFilter.doFilterInternal(ServerHttpObservationFilter.java:110) ~[spring-web-6.2.11.jar:6.2.11]
	at org.springframework.web.filter.OncePerRequestFilter.doFilter(OncePerRequestFilter.java:116) ~[spring-web-6.2.11.jar:6.2.11]
	at org.apache.catalina.core.ApplicationFilterChain.internalDoFilter(ApplicationFilterChain.java:164) ~[tomcat-embed-core-10.1.46.jar:10.1.46]
	at org.apache.catalina.core.ApplicationFilterChain.doFilter(ApplicationFilterChain.java:140) ~[tomcat-embed-core-10.1.46.jar:10.1.46]
	at org.springframework.web.filter.CharacterEncodingFilter.doFilterInternal(CharacterEncodingFilter.java:201) ~[spring-web-6.2.11.jar:6.2.11]
	at org.springframework.web.filter.OncePerRequestFilter.doFilter(OncePerRequestFilter.java:116) ~[spring-web-6.2.11.jar:6.2.11]
	at org.apache.catalina.core.ApplicationFilterChain.internalDoFilter(ApplicationFilterChain.java:164) ~[tomcat-embed-core-10.1.46.jar:10.1.46]
	at org.apache.catalina.core.ApplicationFilterChain.doFilter(ApplicationFilterChain.java:140) ~[tomcat-embed-core-10.1.46.jar:10.1.46]
	at org.apache.catalina.core.StandardWrapperValve.invoke(StandardWrapperValve.java:167) ~[tomcat-embed-core-10.1.46.jar:10.1.46]
	at org.apache.catalina.core.StandardContextValve.invoke(StandardContextValve.java:90) ~[tomcat-embed-core-10.1.46.jar:10.1.46]
	at org.apache.catalina.authenticator.AuthenticatorBase.invoke(AuthenticatorBase.java:483) ~[tomcat-embed-core-10.1.46.jar:10.1.46]
	at org.apache.catalina.core.StandardHostValve.invoke(StandardHostValve.java:116) ~[tomcat-embed-core-10.1.46.jar:10.1.46]
	at org.apache.catalina.valves.ErrorReportValve.invoke(ErrorReportValve.java:93) ~[tomcat-embed-core-10.1.46.jar:10.1.46]
	at org.apache.catalina.core.StandardEngineValve.invoke(StandardEngineValve.java:74) ~[tomcat-embed-core-10.1.46.jar:10.1.46]
	at org.apache.catalina.connector.CoyoteAdapter.service(CoyoteAdapter.java:344) ~[tomcat-embed-core-10.1.46.jar:10.1.46]
	at org.apache.coyote.http11.Http11Processor.service(Http11Processor.java:398) ~[tomcat-embed-core-10.1.46.jar:10.1.46]
	at org.apache.coyote.AbstractProcessorLight.process(AbstractProcessorLight.java:63) ~[tomcat-embed-core-10.1.46.jar:10.1.46]
	at org.apache.coyote.AbstractProtocol$ConnectionHandler.process(AbstractProtocol.java:903) ~[tomcat-embed-core-10.1.46.jar:10.1.46]
	at org.apache.tomcat.util.net.NioEndpoint$SocketProcessor.doRun(NioEndpoint.java:1776) ~[tomcat-embed-core-10.1.46.jar:10.1.46]
	at org.apache.tomcat.util.net.SocketProcessorBase.run(SocketProcessorBase.java:52) ~[tomcat-embed-core-10.1.46.jar:10.1.46]
	at org.apache.tomcat.util.threads.ThreadPoolExecutor.runWorker(ThreadPoolExecutor.java:975) ~[tomcat-embed-core-10.1.46.jar:10.1.46]
	at org.apache.tomcat.util.threads.ThreadPoolExecutor$Worker.run(ThreadPoolExecutor.java:493) ~[tomcat-embed-core-10.1.46.jar:10.1.46]
	at org.apache.tomcat.util.threads.TaskThread$WrappingRunnable.run(TaskThread.java:63) ~[tomcat-embed-core-10.1.46.jar:10.1.46]
	at java.base/java.lang.Thread.run(Thread.java:1447) ~[na:na]

2025-10-26T11:44:20.375+05:30  INFO 6140 --- [SneakoAplication] [http-nio-8085-exec-1] o.springdoc.api.AbstractOpenApiResource  : Init duration for springdoc-openapi is: 175 ms
2025-10-26T11:44:32.416+05:30 DEBUG 6140 --- [SneakoAplication] [http-nio-8085-exec-2] org.hibernate.SQL                        : select o1_0.order_id,o1_0.created_at,o1_0.order_date,o1_0.order_status,o1_0.shipping_address,o1_0.total_price,o1_0.updated_at,o1_0.user_id,o1_0.version from order_tbl o1_0 where o1_0.order_id=?
2025-10-26T11:44:32.418+05:30 DEBUG 6140 --- [SneakoAplication] [http-nio-8085-exec-2] org.hibernate.SQL                        : insert into order_item (created_at,order_id,product_id,quantity,size,total_price,unit_price,updated_at,version) values (?,?,?,?,?,?,?,?,?)
2025-10-26T11:44:32.422+05:30 DEBUG 6140 --- [SneakoAplication] [http-nio-8085-exec-2] org.hibernate.SQL                        : select oi1_0.order_item_id,oi1_0.created_at,oi1_0.order_id,oi1_0.product_id,oi1_0.quantity,oi1_0.size,oi1_0.total_price,oi1_0.unit_price,oi1_0.updated_at,oi1_0.version from order_item oi1_0 left join order_tbl o1_0 on o1_0.order_id=oi1_0.order_id where o1_0.order_id=?
2025-10-26T11:44:32.430+05:30 ERROR 6140 --- [SneakoAplication] [http-nio-8085-exec-2] o.a.c.c.C.[.[.[/].[dispatcherServlet]    : Servlet.service() for servlet [dispatcherServlet] in context with path [] threw exception [Request processing failed: org.springframework.transaction.TransactionSystemException: Could not commit JPA transaction] with root cause

java.lang.NullPointerException: Cannot invoke "java.lang.Long.longValue()" because "current" is null
	at org.hibernate.type.descriptor.java.LongJavaType.next(LongJavaType.java:213) ~[hibernate-core-6.6.29.Final.jar:6.6.29.Final]
	at org.hibernate.type.descriptor.java.LongJavaType.next(LongJavaType.java:24) ~[hibernate-core-6.6.29.Final.jar:6.6.29.Final]
	at org.hibernate.engine.internal.Versioning.increment(Versioning.java:167) ~[hibernate-core-6.6.29.Final.jar:6.6.29.Final]
	at org.hibernate.generator.internal.VersionGeneration.generate(VersionGeneration.java:51) ~[hibernate-core-6.6.29.Final.jar:6.6.29.Final]
	at org.hibernate.engine.internal.Versioning.incrementVersion(Versioning.java:152) ~[hibernate-core-6.6.29.Final.jar:6.6.29.Final]
	at org.hibernate.event.internal.DefaultFlushEntityEventListener.getNextVersion(DefaultFlushEntityEventListener.java:401) ~[hibernate-core-6.6.29.Final.jar:6.6.29.Final]
	at org.hibernate.event.internal.DefaultFlushEntityEventListener.scheduleUpdate(DefaultFlushEntityEventListener.java:247) ~[hibernate-core-6.6.29.Final.jar:6.6.29.Final]
	at org.hibernate.event.internal.DefaultFlushEntityEventListener.onFlushEntity(DefaultFlushEntityEventListener.java:143) ~[hibernate-core-6.6.29.Final.jar:6.6.29.Final]
	at org.hibernate.event.service.internal.EventListenerGroupImpl.fireEventOnEachListener(EventListenerGroupImpl.java:127) ~[hibernate-core-6.6.29.Final.jar:6.6.29.Final]
	at org.hibernate.event.internal.AbstractFlushingEventListener.flushEntities(AbstractFlushingEventListener.java:269) ~[hibernate-core-6.6.29.Final.jar:6.6.29.Final]
	at org.hibernate.event.internal.AbstractFlushingEventListener.flushEverythingToExecutions(AbstractFlushingEventListener.java:90) ~[hibernate-core-6.6.29.Final.jar:6.6.29.Final]
	at org.hibernate.event.internal.AbstractFlushingEventListener.flushEverythingToExecutions(AbstractFlushingEventListener.java:84) ~[hibernate-core-6.6.29.Final.jar:6.6.29.Final]
	at org.hibernate.event.internal.DefaultFlushEventListener.onFlush(DefaultFlushEventListener.java:40) ~[hibernate-core-6.6.29.Final.jar:6.6.29.Final]
	at org.hibernate.event.service.internal.EventListenerGroupImpl.fireEventOnEachListener(EventListenerGroupImpl.java:127) ~[hibernate-core-6.6.29.Final.jar:6.6.29.Final]
	at org.hibernate.internal.SessionImpl.doFlush(SessionImpl.java:1429) ~[hibernate-core-6.6.29.Final.jar:6.6.29.Final]
	at org.hibernate.internal.SessionImpl.managedFlush(SessionImpl.java:491) ~[hibernate-core-6.6.29.Final.jar:6.6.29.Final]
	at org.hibernate.internal.SessionImpl.flushBeforeTransactionCompletion(SessionImpl.java:2354) ~[hibernate-core-6.6.29.Final.jar:6.6.29.Final]
	at org.hibernate.internal.SessionImpl.beforeTransactionCompletion(SessionImpl.java:1978) ~[hibernate-core-6.6.29.Final.jar:6.6.29.Final]
	at org.hibernate.engine.jdbc.internal.JdbcCoordinatorImpl.beforeTransactionCompletion(JdbcCoordinatorImpl.java:439) ~[hibernate-core-6.6.29.Final.jar:6.6.29.Final]
	at org.hibernate.resource.transaction.backend.jdbc.internal.JdbcResourceLocalTransactionCoordinatorImpl.beforeCompletionCallback(JdbcResourceLocalTransactionCoordinatorImpl.java:169) ~[hibernate-core-6.6.29.Final.jar:6.6.29.Final]
	at org.hibernate.resource.transaction.backend.jdbc.internal.JdbcResourceLocalTransactionCoordinatorImpl$TransactionDriverControlImpl.commit(JdbcResourceLocalTransactionCoordinatorImpl.java:267) ~[hibernate-core-6.6.29.Final.jar:6.6.29.Final]
	at org.hibernate.engine.transaction.internal.TransactionImpl.commit(TransactionImpl.java:101) ~[hibernate-core-6.6.29.Final.jar:6.6.29.Final]
	at org.springframework.orm.jpa.JpaTransactionManager.doCommit(JpaTransactionManager.java:563) ~[spring-orm-6.2.11.jar:6.2.11]
	at org.springframework.transaction.support.AbstractPlatformTransactionManager.processCommit(AbstractPlatformTransactionManager.java:795) ~[spring-tx-6.2.11.jar:6.2.11]
	at org.springframework.transaction.support.AbstractPlatformTransactionManager.commit(AbstractPlatformTransactionManager.java:758) ~[spring-tx-6.2.11.jar:6.2.11]
	at org.springframework.transaction.interceptor.TransactionAspectSupport.commitTransactionAfterReturning(TransactionAspectSupport.java:698) ~[spring-tx-6.2.11.jar:6.2.11]
	at org.springframework.transaction.interceptor.TransactionAspectSupport.invokeWithinTransaction(TransactionAspectSupport.java:416) ~[spring-tx-6.2.11.jar:6.2.11]
	at org.springframework.transaction.interceptor.TransactionInterceptor.invoke(TransactionInterceptor.java:119) ~[spring-tx-6.2.11.jar:6.2.11]
	at org.springframework.aop.framework.ReflectiveMethodInvocation.proceed(ReflectiveMethodInvocation.java:184) ~[spring-aop-6.2.11.jar:6.2.11]
	at org.springframework.aop.framework.CglibAopProxy$DynamicAdvisedInterceptor.intercept(CglibAopProxy.java:728) ~[spring-aop-6.2.11.jar:6.2.11]
	at org.genc.app.SneakoAplication.service.api.impl.OrderItemServiceImpl$$SpringCGLIB$$0.createOrderItem(<generated>) ~[classes/:na]
	at org.genc.app.SneakoAplication.contoller.OrderItemController.createOrderItem(OrderItemController.java:21) ~[classes/:na]
	at java.base/jdk.internal.reflect.DirectMethodHandleAccessor.invoke(DirectMethodHandleAccessor.java:104) ~[na:na]
	at java.base/java.lang.reflect.Method.invoke(Method.java:565) ~[na:na]
	at org.springframework.web.method.support.InvocableHandlerMethod.doInvoke(InvocableHandlerMethod.java:258) ~[spring-web-6.2.11.jar:6.2.11]
	at org.springframework.web.method.support.InvocableHandlerMethod.invokeForRequest(InvocableHandlerMethod.java:191) ~[spring-web-6.2.11.jar:6.2.11]
	at org.springframework.web.servlet.mvc.method.annotation.ServletInvocableHandlerMethod.invokeAndHandle(ServletInvocableHandlerMethod.java:118) ~[spring-webmvc-6.2.11.jar:6.2.11]
	at org.springframework.web.servlet.mvc.method.annotation.RequestMappingHandlerAdapter.invokeHandlerMethod(RequestMappingHandlerAdapter.java:991) ~[spring-webmvc-6.2.11.jar:6.2.11]
	at org.springframework.web.servlet.mvc.method.annotation.RequestMappingHandlerAdapter.handleInternal(RequestMappingHandlerAdapter.java:896) ~[spring-webmvc-6.2.11.jar:6.2.11]
	at org.springframework.web.servlet.mvc.method.AbstractHandlerMethodAdapter.handle(AbstractHandlerMethodAdapter.java:87) ~[spring-webmvc-6.2.11.jar:6.2.11]
	at org.springframework.web.servlet.DispatcherServlet.doDispatch(DispatcherServlet.java:1089) ~[spring-webmvc-6.2.11.jar:6.2.11]
	at org.springframework.web.servlet.DispatcherServlet.doService(DispatcherServlet.java:979) ~[spring-webmvc-6.2.11.jar:6.2.11]
	at org.springframework.web.servlet.FrameworkServlet.processRequest(FrameworkServlet.java:1014) ~[spring-webmvc-6.2.11.jar:6.2.11]
	at org.springframework.web.servlet.FrameworkServlet.doPost(FrameworkServlet.java:914) ~[spring-webmvc-6.2.11.jar:6.2.11]
	at jakarta.servlet.http.HttpServlet.service(HttpServlet.java:590) ~[tomcat-embed-core-10.1.46.jar:6.0]
	at org.springframework.web.servlet.FrameworkServlet.service(FrameworkServlet.java:885) ~[spring-webmvc-6.2.11.jar:6.2.11]
	at jakarta.servlet.http.HttpServlet.service(HttpServlet.java:658) ~[tomcat-embed-core-10.1.46.jar:6.0]
	at org.apache.catalina.core.ApplicationFilterChain.internalDoFilter(ApplicationFilterChain.java:195) ~[tomcat-embed-core-10.1.46.jar:10.1.46]
	at org.apache.catalina.core.ApplicationFilterChain.doFilter(ApplicationFilterChain.java:140) ~[tomcat-embed-core-10.1.46.jar:10.1.46]
	at org.apache.tomcat.websocket.server.WsFilter.doFilter(WsFilter.java:51) ~[tomcat-embed-websocket-10.1.46.jar:10.1.46]
	at org.apache.catalina.core.ApplicationFilterChain.internalDoFilter(ApplicationFilterChain.java:164) ~[tomcat-embed-core-10.1.46.jar:10.1.46]
	at org.apache.catalina.core.ApplicationFilterChain.doFilter(ApplicationFilterChain.java:140) ~[tomcat-embed-core-10.1.46.jar:10.1.46]
	at org.genc.app.SneakoAplication.security.JwtAuthenticationFilter.doFilterInternal(JwtAuthenticationFilter.java:41) ~[classes/:na]
	at org.springframework.web.filter.OncePerRequestFilter.doFilter(OncePerRequestFilter.java:116) ~[spring-web-6.2.11.jar:6.2.11]
	at org.apache.catalina.core.ApplicationFilterChain.internalDoFilter(ApplicationFilterChain.java:164) ~[tomcat-embed-core-10.1.46.jar:10.1.46]
	at org.apache.catalina.core.ApplicationFilterChain.doFilter(ApplicationFilterChain.java:140) ~[tomcat-embed-core-10.1.46.jar:10.1.46]
	at org.springframework.web.filter.CompositeFilter$VirtualFilterChain.doFilter(CompositeFilter.java:108) ~[spring-web-6.2.11.jar:6.2.11]
	at org.springframework.web.filter.CompositeFilter$VirtualFilterChain.doFilter(CompositeFilter.java:108) ~[spring-web-6.2.11.jar:6.2.11]
	at org.springframework.security.web.FilterChainProxy.lambda$doFilterInternal$3(FilterChainProxy.java:231) ~[spring-security-web-6.5.5.jar:6.5.5]
	at org.springframework.security.web.ObservationFilterChainDecorator$FilterObservation$SimpleFilterObservation.lambda$wrap$1(ObservationFilterChainDecorator.java:490) ~[spring-security-web-6.5.5.jar:6.5.5]
	at org.springframework.security.web.ObservationFilterChainDecorator$AroundFilterObservation$SimpleAroundFilterObservation.lambda$wrap$1(ObservationFilterChainDecorator.java:351) ~[spring-security-web-6.5.5.jar:6.5.5]
	at org.springframework.security.web.ObservationFilterChainDecorator.lambda$wrapSecured$0(ObservationFilterChainDecorator.java:83) ~[spring-security-web-6.5.5.jar:6.5.5]
	at org.springframework.security.web.ObservationFilterChainDecorator$VirtualFilterChain.doFilter(ObservationFilterChainDecorator.java:129) ~[spring-security-web-6.5.5.jar:6.5.5]
	at org.springframework.security.web.access.intercept.AuthorizationFilter.doFilter(AuthorizationFilter.java:101) ~[spring-security-web-6.5.5.jar:6.5.5]
	at org.springframework.security.web.ObservationFilterChainDecorator$ObservationFilter.wrapFilter(ObservationFilterChainDecorator.java:241) ~[spring-security-web-6.5.5.jar:6.5.5]
	at org.springframework.security.web.ObservationFilterChainDecorator$ObservationFilter.doFilter(ObservationFilterChainDecorator.java:228) ~[spring-security-web-6.5.5.jar:6.5.5]
	at org.springframework.security.web.ObservationFilterChainDecorator$VirtualFilterChain.doFilter(ObservationFilterChainDecorator.java:138) ~[spring-security-web-6.5.5.jar:6.5.5]
	at org.springframework.security.web.access.ExceptionTranslationFilter.doFilter(ExceptionTranslationFilter.java:125) ~[spring-security-web-6.5.5.jar:6.5.5]
	at org.springframework.security.web.access.ExceptionTranslationFilter.doFilter(ExceptionTranslationFilter.java:119) ~[spring-security-web-6.5.5.jar:6.5.5]
	at org.springframework.security.web.ObservationFilterChainDecorator$ObservationFilter.wrapFilter(ObservationFilterChainDecorator.java:241) ~[spring-security-web-6.5.5.jar:6.5.5]
	at org.springframework.security.web.ObservationFilterChainDecorator$ObservationFilter.doFilter(ObservationFilterChainDecorator.java:228) ~[spring-security-web-6.5.5.jar:6.5.5]
	at org.springframework.security.web.ObservationFilterChainDecorator$VirtualFilterChain.doFilter(ObservationFilterChainDecorator.java:138) ~[spring-security-web-6.5.5.jar:6.5.5]
	at org.springframework.security.web.authentication.AnonymousAuthenticationFilter.doFilter(AnonymousAuthenticationFilter.java:100) ~[spring-security-web-6.5.5.jar:6.5.5]
	at org.springframework.security.web.ObservationFilterChainDecorator$ObservationFilter.wrapFilter(ObservationFilterChainDecorator.java:241) ~[spring-security-web-6.5.5.jar:6.5.5]
	at org.springframework.security.web.ObservationFilterChainDecorator$ObservationFilter.doFilter(ObservationFilterChainDecorator.java:228) ~[spring-security-web-6.5.5.jar:6.5.5]
	at org.springframework.security.web.ObservationFilterChainDecorator$VirtualFilterChain.doFilter(ObservationFilterChainDecorator.java:138) ~[spring-security-web-6.5.5.jar:6.5.5]
	at org.springframework.security.web.servletapi.SecurityContextHolderAwareRequestFilter.doFilter(SecurityContextHolderAwareRequestFilter.java:179) ~[spring-security-web-6.5.5.jar:6.5.5]
	at org.springframework.security.web.ObservationFilterChainDecorator$ObservationFilter.wrapFilter(ObservationFilterChainDecorator.java:241) ~[spring-security-web-6.5.5.jar:6.5.5]
	at org.springframework.security.web.ObservationFilterChainDecorator$ObservationFilter.doFilter(ObservationFilterChainDecorator.java:228) ~[spring-security-web-6.5.5.jar:6.5.5]
	at org.springframework.security.web.ObservationFilterChainDecorator$VirtualFilterChain.doFilter(ObservationFilterChainDecorator.java:138) ~[spring-security-web-6.5.5.jar:6.5.5]
	at org.springframework.security.web.savedrequest.RequestCacheAwareFilter.doFilter(RequestCacheAwareFilter.java:63) ~[spring-security-web-6.5.5.jar:6.5.5]
	at org.springframework.security.web.ObservationFilterChainDecorator$ObservationFilter.wrapFilter(ObservationFilterChainDecorator.java:241) ~[spring-security-web-6.5.5.jar:6.5.5]
	at org.springframework.security.web.ObservationFilterChainDecorator$ObservationFilter.doFilter(ObservationFilterChainDecorator.java:228) ~[spring-security-web-6.5.5.jar:6.5.5]
	at org.springframework.security.web.ObservationFilterChainDecorator$VirtualFilterChain.doFilter(ObservationFilterChainDecorator.java:138) ~[spring-security-web-6.5.5.jar:6.5.5]
	at org.springframework.security.web.authentication.logout.LogoutFilter.doFilter(LogoutFilter.java:107) ~[spring-security-web-6.5.5.jar:6.5.5]
	at org.springframework.security.web.authentication.logout.LogoutFilter.doFilter(LogoutFilter.java:93) ~[spring-security-web-6.5.5.jar:6.5.5]
	at org.springframework.security.web.ObservationFilterChainDecorator$ObservationFilter.wrapFilter(ObservationFilterChainDecorator.java:241) ~[spring-security-web-6.5.5.jar:6.5.5]
	at org.springframework.security.web.ObservationFilterChainDecorator$ObservationFilter.doFilter(ObservationFilterChainDecorator.java:228) ~[spring-security-web-6.5.5.jar:6.5.5]
	at org.springframework.security.web.ObservationFilterChainDecorator$VirtualFilterChain.doFilter(ObservationFilterChainDecorator.java:138) ~[spring-security-web-6.5.5.jar:6.5.5]
	at org.springframework.security.web.header.HeaderWriterFilter.doHeadersAfter(HeaderWriterFilter.java:90) ~[spring-security-web-6.5.5.jar:6.5.5]
	at org.springframework.security.web.header.HeaderWriterFilter.doFilterInternal(HeaderWriterFilter.java:75) ~[spring-security-web-6.5.5.jar:6.5.5]
	at org.springframework.web.filter.OncePerRequestFilter.doFilter(OncePerRequestFilter.java:116) ~[spring-web-6.2.11.jar:6.2.11]
	at org.springframework.security.web.ObservationFilterChainDecorator$ObservationFilter.wrapFilter(ObservationFilterChainDecorator.java:241) ~[spring-security-web-6.5.5.jar:6.5.5]
	at org.springframework.security.web.ObservationFilterChainDecorator$ObservationFilter.doFilter(ObservationFilterChainDecorator.java:228) ~[spring-security-web-6.5.5.jar:6.5.5]
	at org.springframework.security.web.ObservationFilterChainDecorator$VirtualFilterChain.doFilter(ObservationFilterChainDecorator.java:138) ~[spring-security-web-6.5.5.jar:6.5.5]
	at org.springframework.security.web.context.SecurityContextHolderFilter.doFilter(SecurityContextHolderFilter.java:82) ~[spring-security-web-6.5.5.jar:6.5.5]
	at org.springframework.security.web.context.SecurityContextHolderFilter.doFilter(SecurityContextHolderFilter.java:69) ~[spring-security-web-6.5.5.jar:6.5.5]
	at org.springframework.security.web.ObservationFilterChainDecorator$ObservationFilter.wrapFilter(ObservationFilterChainDecorator.java:241) ~[spring-security-web-6.5.5.jar:6.5.5]
	at org.springframework.security.web.ObservationFilterChainDecorator$ObservationFilter.doFilter(ObservationFilterChainDecorator.java:228) ~[spring-security-web-6.5.5.jar:6.5.5]
	at org.springframework.security.web.ObservationFilterChainDecorator$VirtualFilterChain.doFilter(ObservationFilterChainDecorator.java:138) ~[spring-security-web-6.5.5.jar:6.5.5]
	at org.springframework.security.web.context.request.async.WebAsyncManagerIntegrationFilter.doFilterInternal(WebAsyncManagerIntegrationFilter.java:62) ~[spring-security-web-6.5.5.jar:6.5.5]
	at org.springframework.web.filter.OncePerRequestFilter.doFilter(OncePerRequestFilter.java:116) ~[spring-web-6.2.11.jar:6.2.11]
	at org.springframework.security.web.ObservationFilterChainDecorator$ObservationFilter.wrapFilter(ObservationFilterChainDecorator.java:241) ~[spring-security-web-6.5.5.jar:6.5.5]
	at org.springframework.security.web.ObservationFilterChainDecorator$ObservationFilter.doFilter(ObservationFilterChainDecorator.java:228) ~[spring-security-web-6.5.5.jar:6.5.5]
	at org.springframework.security.web.ObservationFilterChainDecorator$VirtualFilterChain.doFilter(ObservationFilterChainDecorator.java:138) ~[spring-security-web-6.5.5.jar:6.5.5]
	at org.springframework.security.web.session.DisableEncodeUrlFilter.doFilterInternal(DisableEncodeUrlFilter.java:42) ~[spring-security-web-6.5.5.jar:6.5.5]
	at org.springframework.web.filter.OncePerRequestFilter.doFilter(OncePerRequestFilter.java:116) ~[spring-web-6.2.11.jar:6.2.11]
	at org.springframework.security.web.ObservationFilterChainDecorator$ObservationFilter.wrapFilter(ObservationFilterChainDecorator.java:241) ~[spring-security-web-6.5.5.jar:6.5.5]
	at org.springframework.security.web.ObservationFilterChainDecorator$AroundFilterObservation$SimpleAroundFilterObservation.lambda$wrap$0(ObservationFilterChainDecorator.java:334) ~[spring-security-web-6.5.5.jar:6.5.5]
	at org.springframework.security.web.ObservationFilterChainDecorator$ObservationFilter.doFilter(ObservationFilterChainDecorator.java:225) ~[spring-security-web-6.5.5.jar:6.5.5]
	at org.springframework.security.web.ObservationFilterChainDecorator$VirtualFilterChain.doFilter(ObservationFilterChainDecorator.java:138) ~[spring-security-web-6.5.5.jar:6.5.5]
	at org.springframework.security.web.FilterChainProxy.doFilterInternal(FilterChainProxy.java:233) ~[spring-security-web-6.5.5.jar:6.5.5]
	at org.springframework.security.web.FilterChainProxy.doFilter(FilterChainProxy.java:191) ~[spring-security-web-6.5.5.jar:6.5.5]
	at org.springframework.web.filter.CompositeFilter$VirtualFilterChain.doFilter(CompositeFilter.java:113) ~[spring-web-6.2.11.jar:6.2.11]
	at org.springframework.web.filter.ServletRequestPathFilter.doFilter(ServletRequestPathFilter.java:52) ~[spring-web-6.2.11.jar:6.2.11]
	at org.springframework.web.filter.CompositeFilter$VirtualFilterChain.doFilter(CompositeFilter.java:113) ~[spring-web-6.2.11.jar:6.2.11]
	at org.springframework.web.filter.CompositeFilter.doFilter(CompositeFilter.java:74) ~[spring-web-6.2.11.jar:6.2.11]
	at org.springframework.security.config.annotation.web.configuration.WebSecurityConfiguration$CompositeFilterChainProxy.doFilter(WebSecurityConfiguration.java:319) ~[spring-security-config-6.5.5.jar:6.5.5]
	at org.springframework.web.filter.CompositeFilter$VirtualFilterChain.doFilter(CompositeFilter.java:113) ~[spring-web-6.2.11.jar:6.2.11]
	at org.springframework.web.servlet.handler.HandlerMappingIntrospector.lambda$createCacheFilter$4(HandlerMappingIntrospector.java:267) ~[spring-webmvc-6.2.11.jar:6.2.11]
	at org.springframework.web.filter.CompositeFilter$VirtualFilterChain.doFilter(CompositeFilter.java:113) ~[spring-web-6.2.11.jar:6.2.11]
	at org.springframework.web.filter.CompositeFilter.doFilter(CompositeFilter.java:74) ~[spring-web-6.2.11.jar:6.2.11]
	at org.springframework.security.config.annotation.web.configuration.WebMvcSecurityConfiguration$CompositeFilterChainProxy.doFilter(WebMvcSecurityConfiguration.java:240) ~[spring-security-config-6.5.5.jar:6.5.5]
	at org.springframework.web.filter.DelegatingFilterProxy.invokeDelegate(DelegatingFilterProxy.java:362) ~[spring-web-6.2.11.jar:6.2.11]
	at org.springframework.web.filter.DelegatingFilterProxy.doFilter(DelegatingFilterProxy.java:278) ~[spring-web-6.2.11.jar:6.2.11]
	at org.apache.catalina.core.ApplicationFilterChain.internalDoFilter(ApplicationFilterChain.java:164) ~[tomcat-embed-core-10.1.46.jar:10.1.46]
	at org.apache.catalina.core.ApplicationFilterChain.doFilter(ApplicationFilterChain.java:140) ~[tomcat-embed-core-10.1.46.jar:10.1.46]
	at org.springframework.web.filter.RequestContextFilter.doFilterInternal(RequestContextFilter.java:100) ~[spring-web-6.2.11.jar:6.2.11]
	at org.springframework.web.filter.OncePerRequestFilter.doFilter(OncePerRequestFilter.java:116) ~[spring-web-6.2.11.jar:6.2.11]
	at org.apache.catalina.core.ApplicationFilterChain.internalDoFilter(ApplicationFilterChain.java:164) ~[tomcat-embed-core-10.1.46.jar:10.1.46]
	at org.apache.catalina.core.ApplicationFilterChain.doFilter(ApplicationFilterChain.java:140) ~[tomcat-embed-core-10.1.46.jar:10.1.46]
	at org.springframework.web.filter.FormContentFilter.doFilterInternal(FormContentFilter.java:93) ~[spring-web-6.2.11.jar:6.2.11]
	at org.springframework.web.filter.OncePerRequestFilter.doFilter(OncePerRequestFilter.java:116) ~[spring-web-6.2.11.jar:6.2.11]
	at org.apache.catalina.core.ApplicationFilterChain.internalDoFilter(ApplicationFilterChain.java:164) ~[tomcat-embed-core-10.1.46.jar:10.1.46]
	at org.apache.catalina.core.ApplicationFilterChain.doFilter(ApplicationFilterChain.java:140) ~[tomcat-embed-core-10.1.46.jar:10.1.46]
	at org.springframework.web.filter.ServerHttpObservationFilter.doFilterInternal(ServerHttpObservationFilter.java:110) ~[spring-web-6.2.11.jar:6.2.11]
	at org.springframework.web.filter.OncePerRequestFilter.doFilter(OncePerRequestFilter.java:116) ~[spring-web-6.2.11.jar:6.2.11]
	at org.apache.catalina.core.ApplicationFilterChain.internalDoFilter(ApplicationFilterChain.java:164) ~[tomcat-embed-core-10.1.46.jar:10.1.46]
	at org.apache.catalina.core.ApplicationFilterChain.doFilter(ApplicationFilterChain.java:140) ~[tomcat-embed-core-10.1.46.jar:10.1.46]
	at org.springframework.web.filter.CharacterEncodingFilter.doFilterInternal(CharacterEncodingFilter.java:201) ~[spring-web-6.2.11.jar:6.2.11]
	at org.springframework.web.filter.OncePerRequestFilter.doFilter(OncePerRequestFilter.java:116) ~[spring-web-6.2.11.jar:6.2.11]
	at org.apache.catalina.core.ApplicationFilterChain.internalDoFilter(ApplicationFilterChain.java:164) ~[tomcat-embed-core-10.1.46.jar:10.1.46]
	at org.apache.catalina.core.ApplicationFilterChain.doFilter(ApplicationFilterChain.java:140) ~[tomcat-embed-core-10.1.46.jar:10.1.46]
	at org.apache.catalina.core.StandardWrapperValve.invoke(StandardWrapperValve.java:167) ~[tomcat-embed-core-10.1.46.jar:10.1.46]
	at org.apache.catalina.core.StandardContextValve.invoke(StandardContextValve.java:90) ~[tomcat-embed-core-10.1.46.jar:10.1.46]
	at org.apache.catalina.authenticator.AuthenticatorBase.invoke(AuthenticatorBase.java:483) ~[tomcat-embed-core-10.1.46.jar:10.1.46]
	at org.apache.catalina.core.StandardHostValve.invoke(StandardHostValve.java:116) ~[tomcat-embed-core-10.1.46.jar:10.1.46]
	at org.apache.catalina.valves.ErrorReportValve.invoke(ErrorReportValve.java:93) ~[tomcat-embed-core-10.1.46.jar:10.1.46]
	at org.apache.catalina.core.StandardEngineValve.invoke(StandardEngineValve.java:74) ~[tomcat-embed-core-10.1.46.jar:10.1.46]
	at org.apache.catalina.connector.CoyoteAdapter.service(CoyoteAdapter.java:344) ~[tomcat-embed-core-10.1.46.jar:10.1.46]
	at org.apache.coyote.http11.Http11Processor.service(Http11Processor.java:398) ~[tomcat-embed-core-10.1.46.jar:10.1.46]
	at org.apache.coyote.AbstractProcessorLight.process(AbstractProcessorLight.java:63) ~[tomcat-embed-core-10.1.46.jar:10.1.46]
	at org.apache.coyote.AbstractProtocol$ConnectionHandler.process(AbstractProtocol.java:903) ~[tomcat-embed-core-10.1.46.jar:10.1.46]
	at org.apache.tomcat.util.net.NioEndpoint$SocketProcessor.doRun(NioEndpoint.java:1776) ~[tomcat-embed-core-10.1.46.jar:10.1.46]
	at org.apache.tomcat.util.net.SocketProcessorBase.run(SocketProcessorBase.java:52) ~[tomcat-embed-core-10.1.46.jar:10.1.46]
	at org.apache.tomcat.util.threads.ThreadPoolExecutor.runWorker(ThreadPoolExecutor.java:975) ~[tomcat-embed-core-10.1.46.jar:10.1.46]
	at org.apache.tomcat.util.threads.ThreadPoolExecutor$Worker.run(ThreadPoolExecutor.java:493) ~[tomcat-embed-core-10.1.46.jar:10.1.46]
	at org.apache.tomcat.util.threads.TaskThread$WrappingRunnable.run(TaskThread.java:63) ~[tomcat-embed-core-10.1.46.jar:10.1.46]
	at java.base/java.lang.Thread.run(Thread.java:1447) ~[na:na]

2025-10-26T11:47:51.395+05:30  INFO 6140 --- [SneakoAplication] [SpringApplicationShutdownHook] o.s.b.w.e.tomcat.GracefulShutdown        : Commencing graceful shutdown. Waiting for active requests to complete
2025-10-26T11:47:51.399+05:30  INFO 6140 --- [SneakoAplication] [tomcat-shutdown] o.s.b.w.e.tomcat.GracefulShutdown        : Graceful shutdown complete
2025-10-26T11:47:51.400+05:30  INFO 6140 --- [SneakoAplication] [SpringApplicationShutdownHook] o.s.b.w.e.tomcat.GracefulShutdown        : Commencing graceful shutdown. Waiting for active requests to complete
2025-10-26T11:47:51.401+05:30  INFO 6140 --- [SneakoAplication] [tomcat-shutdown] o.s.b.w.e.tomcat.GracefulShutdown        : Graceful shutdown complete
2025-10-26T11:47:51.407+05:30  INFO 6140 --- [SneakoAplication] [SpringApplicationShutdownHook] j.LocalContainerEntityManagerFactoryBean : Closing JPA EntityManagerFactory for persistence unit 'default'
2025-10-26T11:47:51.409+05:30  INFO 6140 --- [SneakoAplication] [SpringApplicationShutdownHook] com.zaxxer.hikari.HikariDataSource       : HikariPool-1 - Shutdown initiated...
2025-10-26T11:47:51.411+05:30  INFO 6140 --- [SneakoAplication] [SpringApplicationShutdownHook] com.zaxxer.hikari.HikariDataSource       : HikariPool-1 - Shutdown completed.
2025-10-26T11:47:52.936+05:30  INFO 6188 --- [SneakoAplication] [main] o.g.a.SneakoAplication.SneakoAplication  : Starting SneakoAplication using Java 24.0.2 with PID 6188 (/Users/saurabhsanjaydeshmukh/Sneako/SneakoBackend/target/classes started by saurabhsanjaydeshmukh in /Users/saurabhsanjaydeshmukh/Sneako/SneakoBackend)
2025-10-26T11:47:52.937+05:30  INFO 6188 --- [SneakoAplication] [main] o.g.a.SneakoAplication.SneakoAplication  : The following 1 profile is active: "dev"
2025-10-26T11:47:53.315+05:30  INFO 6188 --- [SneakoAplication] [main] .s.d.r.c.RepositoryConfigurationDelegate : Bootstrapping Spring Data JPA repositories in DEFAULT mode.
2025-10-26T11:47:53.343+05:30  INFO 6188 --- [SneakoAplication] [main] .s.d.r.c.RepositoryConfigurationDelegate : Finished Spring Data repository scanning in 24 ms. Found 8 JPA repository interfaces.
2025-10-26T11:47:53.538+05:30  INFO 6188 --- [SneakoAplication] [main] o.s.b.w.embedded.tomcat.TomcatWebServer  : Tomcat initialized with port 8085 (http)
2025-10-26T11:47:53.543+05:30  INFO 6188 --- [SneakoAplication] [main] o.apache.catalina.core.StandardService   : Starting service [Tomcat]
2025-10-26T11:47:53.543+05:30  INFO 6188 --- [SneakoAplication] [main] o.apache.catalina.core.StandardEngine    : Starting Servlet engine: [Apache Tomcat/10.1.46]
2025-10-26T11:47:53.563+05:30  INFO 6188 --- [SneakoAplication] [main] o.a.c.c.C.[Tomcat].[localhost].[/]       : Initializing Spring embedded WebApplicationContext
2025-10-26T11:47:53.563+05:30  INFO 6188 --- [SneakoAplication] [main] w.s.c.ServletWebServerApplicationContext : Root WebApplicationContext: initialization completed in 608 ms
2025-10-26T11:47:53.632+05:30  INFO 6188 --- [SneakoAplication] [main] com.zaxxer.hikari.HikariDataSource       : HikariPool-1 - Starting...
2025-10-26T11:47:53.699+05:30  INFO 6188 --- [SneakoAplication] [main] com.zaxxer.hikari.pool.HikariPool        : HikariPool-1 - Added connection com.mysql.cj.jdbc.ConnectionImpl@100d0218
2025-10-26T11:47:53.700+05:30  INFO 6188 --- [SneakoAplication] [main] com.zaxxer.hikari.HikariDataSource       : HikariPool-1 - Start completed.
2025-10-26T11:47:53.715+05:30  INFO 6188 --- [SneakoAplication] [main] o.hibernate.jpa.internal.util.LogHelper  : HHH000204: Processing PersistenceUnitInfo [name: default]
2025-10-26T11:47:53.728+05:30  INFO 6188 --- [SneakoAplication] [main] org.hibernate.Version                    : HHH000412: Hibernate ORM core version 6.6.29.Final
2025-10-26T11:47:53.736+05:30  INFO 6188 --- [SneakoAplication] [main] o.h.c.internal.RegionFactoryInitiator    : HHH000026: Second-level cache disabled
2025-10-26T11:47:53.822+05:30  INFO 6188 --- [SneakoAplication] [main] o.s.o.j.p.SpringPersistenceUnitInfo      : No LoadTimeWeaver setup: ignoring JPA class transformer
2025-10-26T11:47:53.851+05:30  WARN 6188 --- [SneakoAplication] [main] org.hibernate.orm.deprecation            : HHH90000025: MySQLDialect does not need to be specified explicitly using 'hibernate.dialect' (remove the property setting and it will be selected by default)
2025-10-26T11:47:53.854+05:30  INFO 6188 --- [SneakoAplication] [main] org.hibernate.orm.connections.pooling    : HHH10001005: Database info:
	Database JDBC URL [Connecting through datasource 'HikariDataSource (HikariPool-1)']
	Database driver: undefined/unknown
	Database version: 9.5
	Autocommit mode: undefined/unknown
	Isolation level: undefined/unknown
	Minimum pool size: undefined/unknown
	Maximum pool size: undefined/unknown
2025-10-26T11:47:54.188+05:30  INFO 6188 --- [SneakoAplication] [main] o.h.e.t.j.p.i.JtaPlatformInitiator       : HHH000489: No JTA platform available (set 'hibernate.transaction.jta.platform' to enable JTA platform integration)
2025-10-26T11:47:54.227+05:30  INFO 6188 --- [SneakoAplication] [main] j.LocalContainerEntityManagerFactoryBean : Initialized JPA EntityManagerFactory for persistence unit 'default'
2025-10-26T11:47:54.450+05:30  WARN 6188 --- [SneakoAplication] [main] JpaBaseConfiguration$JpaWebConfiguration : spring.jpa.open-in-view is enabled by default. Therefore, database queries may be performed during view rendering. Explicitly configure spring.jpa.open-in-view to disable this warning
2025-10-26T11:47:54.460+05:30  INFO 6188 --- [SneakoAplication] [main] eAuthenticationProviderManagerConfigurer : Global AuthenticationManager configured with AuthenticationProvider bean with name daoAuthenticationProvider
2025-10-26T11:47:54.461+05:30  WARN 6188 --- [SneakoAplication] [main] r$InitializeUserDetailsManagerConfigurer : Global AuthenticationManager configured with an AuthenticationProvider bean. UserDetailsService beans will not be used by Spring Security for automatically configuring username/password login. Consider removing the AuthenticationProvider bean. Alternatively, consider using the UserDetailsService in a manually instantiated DaoAuthenticationProvider. If the current configuration is intentional, to turn off this warning, increase the logging level of 'org.springframework.security.config.annotation.authentication.configuration.InitializeUserDetailsBeanManagerConfigurer' to ERROR
2025-10-26T11:47:54.702+05:30  INFO 6188 --- [SneakoAplication] [main] o.s.b.a.h2.H2ConsoleAutoConfiguration    : H2 console available at '/h2-console'. Database available at 'jdbc:mysql://localhost:3306/sneako?allowPublicKeyRetrieval=true&createDatabaseIfNotExist=true&useSSL=false'
2025-10-26T11:47:54.740+05:30  INFO 6188 --- [SneakoAplication] [main] o.s.b.w.embedded.tomcat.TomcatWebServer  : Tomcat started on port 8085 (http) with context path '/'
2025-10-26T11:47:54.764+05:30  INFO 6188 --- [SneakoAplication] [main] o.s.b.w.embedded.tomcat.TomcatWebServer  : Tomcat initialized with port 8086 (http)
2025-10-26T11:47:54.764+05:30  INFO 6188 --- [SneakoAplication] [main] o.apache.catalina.core.StandardService   : Starting service [Tomcat]
2025-10-26T11:47:54.764+05:30  INFO 6188 --- [SneakoAplication] [main] o.apache.catalina.core.StandardEngine    : Starting Servlet engine: [Apache Tomcat/10.1.46]
2025-10-26T11:47:54.769+05:30  INFO 6188 --- [SneakoAplication] [main] o.a.c.c.C.[Tomcat-1].[localhost].[/]     : Initializing Spring embedded WebApplicationContext
2025-10-26T11:47:54.769+05:30  INFO 6188 --- [SneakoAplication] [main] w.s.c.ServletWebServerApplicationContext : Root WebApplicationContext: initialization completed in 28 ms
2025-10-26T11:47:54.775+05:30  INFO 6188 --- [SneakoAplication] [main] o.s.b.a.e.web.EndpointLinksResolver      : Exposing 14 endpoints beneath base path '/actuator'
2025-10-26T11:47:54.793+05:30  INFO 6188 --- [SneakoAplication] [main] o.s.b.w.embedded.tomcat.TomcatWebServer  : Tomcat started on port 8086 (http) with context path '/'
2025-10-26T11:47:54.801+05:30  INFO 6188 --- [SneakoAplication] [main] o.g.a.SneakoAplication.SneakoAplication  : Started SneakoAplication in 2.042 seconds (process running for 2.169)
2025-10-26T11:47:54.874+05:30 DEBUG 6188 --- [SneakoAplication] [main] org.hibernate.SQL                        : select r1_0.role_id,r1_0.created_at,r1_0.name,r1_0.updated_at,r1_0.version from roles r1_0 where r1_0.name=?
2025-10-26T11:47:54.885+05:30 DEBUG 6188 --- [SneakoAplication] [main] org.hibernate.SQL                        : select r1_0.role_id,r1_0.created_at,r1_0.name,r1_0.updated_at,r1_0.version from roles r1_0 where r1_0.name=?
2025-10-26T11:47:54.887+05:30 DEBUG 6188 --- [SneakoAplication] [main] org.hibernate.SQL                        : select u1_0.userid,u1_0.address,u1_0.created_at,u1_0.email,u1_0.password,u1_0.phone_number,u1_0.updated_at,u1_0.user_name,u1_0.version from users u1_0 where u1_0.user_name=?
2025-10-26T11:47:54.888+05:30 DEBUG 6188 --- [SneakoAplication] [main] org.hibernate.SQL                        : select r1_0.user_id,r1_1.role_id,r1_1.created_at,r1_1.name,r1_1.updated_at,r1_1.version from user_roles r1_0 join roles r1_1 on r1_1.role_id=r1_0.role_id where r1_0.user_id=?
2025-10-26T11:48:07.833+05:30  INFO 6188 --- [SneakoAplication] [http-nio-8085-exec-2] o.a.c.c.C.[Tomcat].[localhost].[/]       : Initializing Spring DispatcherServlet 'dispatcherServlet'
2025-10-26T11:48:07.833+05:30  INFO 6188 --- [SneakoAplication] [http-nio-8085-exec-2] o.s.web.servlet.DispatcherServlet        : Initializing Servlet 'dispatcherServlet'
2025-10-26T11:48:07.834+05:30  INFO 6188 --- [SneakoAplication] [http-nio-8085-exec-2] o.s.web.servlet.DispatcherServlet        : Completed initialization in 1 ms
2025-10-26T11:48:07.884+05:30 DEBUG 6188 --- [SneakoAplication] [http-nio-8085-exec-2] org.hibernate.SQL                        : select o1_0.order_id,o1_0.created_at,o1_0.order_date,o1_0.order_status,o1_0.shipping_address,o1_0.total_price,o1_0.updated_at,o1_0.user_id,o1_0.version from order_tbl o1_0 where o1_0.order_id=?
2025-10-26T11:48:07.892+05:30 DEBUG 6188 --- [SneakoAplication] [http-nio-8085-exec-2] org.hibernate.SQL                        : insert into order_item (created_at,order_id,product_id,quantity,size,total_price,unit_price,updated_at,version) values (?,?,?,?,?,?,?,?,?)
2025-10-26T11:48:07.900+05:30 DEBUG 6188 --- [SneakoAplication] [http-nio-8085-exec-2] org.hibernate.SQL                        : select oi1_0.order_item_id,oi1_0.created_at,oi1_0.order_id,oi1_0.product_id,oi1_0.quantity,oi1_0.size,oi1_0.total_price,oi1_0.unit_price,oi1_0.updated_at,oi1_0.version from order_item oi1_0 left join order_tbl o1_0 on o1_0.order_id=oi1_0.order_id where o1_0.order_id=?
2025-10-26T11:48:07.905+05:30 ERROR 6188 --- [SneakoAplication] [http-nio-8085-exec-2] o.a.c.c.C.[.[.[/].[dispatcherServlet]    : Servlet.service() for servlet [dispatcherServlet] in context with path [] threw exception [Request processing failed: org.springframework.transaction.TransactionSystemException: Could not commit JPA transaction] with root cause

java.lang.NullPointerException: Cannot invoke "java.lang.Long.longValue()" because "current" is null
	at org.hibernate.type.descriptor.java.LongJavaType.next(LongJavaType.java:213) ~[hibernate-core-6.6.29.Final.jar:6.6.29.Final]
	at org.hibernate.type.descriptor.java.LongJavaType.next(LongJavaType.java:24) ~[hibernate-core-6.6.29.Final.jar:6.6.29.Final]
	at org.hibernate.engine.internal.Versioning.increment(Versioning.java:167) ~[hibernate-core-6.6.29.Final.jar:6.6.29.Final]
	at org.hibernate.generator.internal.VersionGeneration.generate(VersionGeneration.java:51) ~[hibernate-core-6.6.29.Final.jar:6.6.29.Final]
	at org.hibernate.engine.internal.Versioning.incrementVersion(Versioning.java:152) ~[hibernate-core-6.6.29.Final.jar:6.6.29.Final]
	at org.hibernate.event.internal.DefaultFlushEntityEventListener.getNextVersion(DefaultFlushEntityEventListener.java:401) ~[hibernate-core-6.6.29.Final.jar:6.6.29.Final]
	at org.hibernate.event.internal.DefaultFlushEntityEventListener.scheduleUpdate(DefaultFlushEntityEventListener.java:247) ~[hibernate-core-6.6.29.Final.jar:6.6.29.Final]
	at org.hibernate.event.internal.DefaultFlushEntityEventListener.onFlushEntity(DefaultFlushEntityEventListener.java:143) ~[hibernate-core-6.6.29.Final.jar:6.6.29.Final]
	at org.hibernate.event.service.internal.EventListenerGroupImpl.fireEventOnEachListener(EventListenerGroupImpl.java:127) ~[hibernate-core-6.6.29.Final.jar:6.6.29.Final]
	at org.hibernate.event.internal.AbstractFlushingEventListener.flushEntities(AbstractFlushingEventListener.java:269) ~[hibernate-core-6.6.29.Final.jar:6.6.29.Final]
	at org.hibernate.event.internal.AbstractFlushingEventListener.flushEverythingToExecutions(AbstractFlushingEventListener.java:90) ~[hibernate-core-6.6.29.Final.jar:6.6.29.Final]
	at org.hibernate.event.internal.AbstractFlushingEventListener.flushEverythingToExecutions(AbstractFlushingEventListener.java:84) ~[hibernate-core-6.6.29.Final.jar:6.6.29.Final]
	at org.hibernate.event.internal.DefaultFlushEventListener.onFlush(DefaultFlushEventListener.java:40) ~[hibernate-core-6.6.29.Final.jar:6.6.29.Final]
	at org.hibernate.event.service.internal.EventListenerGroupImpl.fireEventOnEachListener(EventListenerGroupImpl.java:127) ~[hibernate-core-6.6.29.Final.jar:6.6.29.Final]
	at org.hibernate.internal.SessionImpl.doFlush(SessionImpl.java:1429) ~[hibernate-core-6.6.29.Final.jar:6.6.29.Final]
	at org.hibernate.internal.SessionImpl.managedFlush(SessionImpl.java:491) ~[hibernate-core-6.6.29.Final.jar:6.6.29.Final]
	at org.hibernate.internal.SessionImpl.flushBeforeTransactionCompletion(SessionImpl.java:2354) ~[hibernate-core-6.6.29.Final.jar:6.6.29.Final]
	at org.hibernate.internal.SessionImpl.beforeTransactionCompletion(SessionImpl.java:1978) ~[hibernate-core-6.6.29.Final.jar:6.6.29.Final]
	at org.hibernate.engine.jdbc.internal.JdbcCoordinatorImpl.beforeTransactionCompletion(JdbcCoordinatorImpl.java:439) ~[hibernate-core-6.6.29.Final.jar:6.6.29.Final]
	at org.hibernate.resource.transaction.backend.jdbc.internal.JdbcResourceLocalTransactionCoordinatorImpl.beforeCompletionCallback(JdbcResourceLocalTransactionCoordinatorImpl.java:169) ~[hibernate-core-6.6.29.Final.jar:6.6.29.Final]
	at org.hibernate.resource.transaction.backend.jdbc.internal.JdbcResourceLocalTransactionCoordinatorImpl$TransactionDriverControlImpl.commit(JdbcResourceLocalTransactionCoordinatorImpl.java:267) ~[hibernate-core-6.6.29.Final.jar:6.6.29.Final]
	at org.hibernate.engine.transaction.internal.TransactionImpl.commit(TransactionImpl.java:101) ~[hibernate-core-6.6.29.Final.jar:6.6.29.Final]
	at org.springframework.orm.jpa.JpaTransactionManager.doCommit(JpaTransactionManager.java:563) ~[spring-orm-6.2.11.jar:6.2.11]
	at org.springframework.transaction.support.AbstractPlatformTransactionManager.processCommit(AbstractPlatformTransactionManager.java:795) ~[spring-tx-6.2.11.jar:6.2.11]
	at org.springframework.transaction.support.AbstractPlatformTransactionManager.commit(AbstractPlatformTransactionManager.java:758) ~[spring-tx-6.2.11.jar:6.2.11]
	at org.springframework.transaction.interceptor.TransactionAspectSupport.commitTransactionAfterReturning(TransactionAspectSupport.java:698) ~[spring-tx-6.2.11.jar:6.2.11]
	at org.springframework.transaction.interceptor.TransactionAspectSupport.invokeWithinTransaction(TransactionAspectSupport.java:416) ~[spring-tx-6.2.11.jar:6.2.11]
	at org.springframework.transaction.interceptor.TransactionInterceptor.invoke(TransactionInterceptor.java:119) ~[spring-tx-6.2.11.jar:6.2.11]
	at org.springframework.aop.framework.ReflectiveMethodInvocation.proceed(ReflectiveMethodInvocation.java:184) ~[spring-aop-6.2.11.jar:6.2.11]
	at org.springframework.aop.framework.CglibAopProxy$DynamicAdvisedInterceptor.intercept(CglibAopProxy.java:728) ~[spring-aop-6.2.11.jar:6.2.11]
	at org.genc.app.SneakoAplication.service.api.impl.OrderItemServiceImpl$$SpringCGLIB$$0.createOrderItem(<generated>) ~[classes/:na]
	at org.genc.app.SneakoAplication.contoller.OrderItemController.createOrderItem(OrderItemController.java:21) ~[classes/:na]
	at java.base/jdk.internal.reflect.DirectMethodHandleAccessor.invoke(DirectMethodHandleAccessor.java:104) ~[na:na]
	at java.base/java.lang.reflect.Method.invoke(Method.java:565) ~[na:na]
	at org.springframework.web.method.support.InvocableHandlerMethod.doInvoke(InvocableHandlerMethod.java:258) ~[spring-web-6.2.11.jar:6.2.11]
	at org.springframework.web.method.support.InvocableHandlerMethod.invokeForRequest(InvocableHandlerMethod.java:191) ~[spring-web-6.2.11.jar:6.2.11]
	at org.springframework.web.servlet.mvc.method.annotation.ServletInvocableHandlerMethod.invokeAndHandle(ServletInvocableHandlerMethod.java:118) ~[spring-webmvc-6.2.11.jar:6.2.11]
	at org.springframework.web.servlet.mvc.method.annotation.RequestMappingHandlerAdapter.invokeHandlerMethod(RequestMappingHandlerAdapter.java:991) ~[spring-webmvc-6.2.11.jar:6.2.11]
	at org.springframework.web.servlet.mvc.method.annotation.RequestMappingHandlerAdapter.handleInternal(RequestMappingHandlerAdapter.java:896) ~[spring-webmvc-6.2.11.jar:6.2.11]
	at org.springframework.web.servlet.mvc.method.AbstractHandlerMethodAdapter.handle(AbstractHandlerMethodAdapter.java:87) ~[spring-webmvc-6.2.11.jar:6.2.11]
	at org.springframework.web.servlet.DispatcherServlet.doDispatch(DispatcherServlet.java:1089) ~[spring-webmvc-6.2.11.jar:6.2.11]
	at org.springframework.web.servlet.DispatcherServlet.doService(DispatcherServlet.java:979) ~[spring-webmvc-6.2.11.jar:6.2.11]
	at org.springframework.web.servlet.FrameworkServlet.processRequest(FrameworkServlet.java:1014) ~[spring-webmvc-6.2.11.jar:6.2.11]
	at org.springframework.web.servlet.FrameworkServlet.doPost(FrameworkServlet.java:914) ~[spring-webmvc-6.2.11.jar:6.2.11]
	at jakarta.servlet.http.HttpServlet.service(HttpServlet.java:590) ~[tomcat-embed-core-10.1.46.jar:6.0]
	at org.springframework.web.servlet.FrameworkServlet.service(FrameworkServlet.java:885) ~[spring-webmvc-6.2.11.jar:6.2.11]
	at jakarta.servlet.http.HttpServlet.service(HttpServlet.java:658) ~[tomcat-embed-core-10.1.46.jar:6.0]
	at org.apache.catalina.core.ApplicationFilterChain.internalDoFilter(ApplicationFilterChain.java:195) ~[tomcat-embed-core-10.1.46.jar:10.1.46]
	at org.apache.catalina.core.ApplicationFilterChain.doFilter(ApplicationFilterChain.java:140) ~[tomcat-embed-core-10.1.46.jar:10.1.46]
	at org.apache.tomcat.websocket.server.WsFilter.doFilter(WsFilter.java:51) ~[tomcat-embed-websocket-10.1.46.jar:10.1.46]
	at org.apache.catalina.core.ApplicationFilterChain.internalDoFilter(ApplicationFilterChain.java:164) ~[tomcat-embed-core-10.1.46.jar:10.1.46]
	at org.apache.catalina.core.ApplicationFilterChain.doFilter(ApplicationFilterChain.java:140) ~[tomcat-embed-core-10.1.46.jar:10.1.46]
	at org.genc.app.SneakoAplication.security.JwtAuthenticationFilter.doFilterInternal(JwtAuthenticationFilter.java:41) ~[classes/:na]
	at org.springframework.web.filter.OncePerRequestFilter.doFilter(OncePerRequestFilter.java:116) ~[spring-web-6.2.11.jar:6.2.11]
	at org.apache.catalina.core.ApplicationFilterChain.internalDoFilter(ApplicationFilterChain.java:164) ~[tomcat-embed-core-10.1.46.jar:10.1.46]
	at org.apache.catalina.core.ApplicationFilterChain.doFilter(ApplicationFilterChain.java:140) ~[tomcat-embed-core-10.1.46.jar:10.1.46]
	at org.springframework.web.filter.CompositeFilter$VirtualFilterChain.doFilter(CompositeFilter.java:108) ~[spring-web-6.2.11.jar:6.2.11]
	at org.springframework.web.filter.CompositeFilter$VirtualFilterChain.doFilter(CompositeFilter.java:108) ~[spring-web-6.2.11.jar:6.2.11]
	at org.springframework.security.web.FilterChainProxy.lambda$doFilterInternal$3(FilterChainProxy.java:231) ~[spring-security-web-6.5.5.jar:6.5.5]
	at org.springframework.security.web.ObservationFilterChainDecorator$FilterObservation$SimpleFilterObservation.lambda$wrap$1(ObservationFilterChainDecorator.java:490) ~[spring-security-web-6.5.5.jar:6.5.5]
	at org.springframework.security.web.ObservationFilterChainDecorator$AroundFilterObservation$SimpleAroundFilterObservation.lambda$wrap$1(ObservationFilterChainDecorator.java:351) ~[spring-security-web-6.5.5.jar:6.5.5]
	at org.springframework.security.web.ObservationFilterChainDecorator.lambda$wrapSecured$0(ObservationFilterChainDecorator.java:83) ~[spring-security-web-6.5.5.jar:6.5.5]
	at org.springframework.security.web.ObservationFilterChainDecorator$VirtualFilterChain.doFilter(ObservationFilterChainDecorator.java:129) ~[spring-security-web-6.5.5.jar:6.5.5]
	at org.springframework.security.web.access.intercept.AuthorizationFilter.doFilter(AuthorizationFilter.java:101) ~[spring-security-web-6.5.5.jar:6.5.5]
	at org.springframework.security.web.ObservationFilterChainDecorator$ObservationFilter.wrapFilter(ObservationFilterChainDecorator.java:241) ~[spring-security-web-6.5.5.jar:6.5.5]
	at org.springframework.security.web.ObservationFilterChainDecorator$ObservationFilter.doFilter(ObservationFilterChainDecorator.java:228) ~[spring-security-web-6.5.5.jar:6.5.5]
	at org.springframework.security.web.ObservationFilterChainDecorator$VirtualFilterChain.doFilter(ObservationFilterChainDecorator.java:138) ~[spring-security-web-6.5.5.jar:6.5.5]
	at org.springframework.security.web.access.ExceptionTranslationFilter.doFilter(ExceptionTranslationFilter.java:125) ~[spring-security-web-6.5.5.jar:6.5.5]
	at org.springframework.security.web.access.ExceptionTranslationFilter.doFilter(ExceptionTranslationFilter.java:119) ~[spring-security-web-6.5.5.jar:6.5.5]
	at org.springframework.security.web.ObservationFilterChainDecorator$ObservationFilter.wrapFilter(ObservationFilterChainDecorator.java:241) ~[spring-security-web-6.5.5.jar:6.5.5]
	at org.springframework.security.web.ObservationFilterChainDecorator$ObservationFilter.doFilter(ObservationFilterChainDecorator.java:228) ~[spring-security-web-6.5.5.jar:6.5.5]
	at org.springframework.security.web.ObservationFilterChainDecorator$VirtualFilterChain.doFilter(ObservationFilterChainDecorator.java:138) ~[spring-security-web-6.5.5.jar:6.5.5]
	at org.springframework.security.web.authentication.AnonymousAuthenticationFilter.doFilter(AnonymousAuthenticationFilter.java:100) ~[spring-security-web-6.5.5.jar:6.5.5]
	at org.springframework.security.web.ObservationFilterChainDecorator$ObservationFilter.wrapFilter(ObservationFilterChainDecorator.java:241) ~[spring-security-web-6.5.5.jar:6.5.5]
	at org.springframework.security.web.ObservationFilterChainDecorator$ObservationFilter.doFilter(ObservationFilterChainDecorator.java:228) ~[spring-security-web-6.5.5.jar:6.5.5]
	at org.springframework.security.web.ObservationFilterChainDecorator$VirtualFilterChain.doFilter(ObservationFilterChainDecorator.java:138) ~[spring-security-web-6.5.5.jar:6.5.5]
	at org.springframework.security.web.servletapi.SecurityContextHolderAwareRequestFilter.doFilter(SecurityContextHolderAwareRequestFilter.java:179) ~[spring-security-web-6.5.5.jar:6.5.5]
	at org.springframework.security.web.ObservationFilterChainDecorator$ObservationFilter.wrapFilter(ObservationFilterChainDecorator.java:241) ~[spring-security-web-6.5.5.jar:6.5.5]
	at org.springframework.security.web.ObservationFilterChainDecorator$ObservationFilter.doFilter(ObservationFilterChainDecorator.java:228) ~[spring-security-web-6.5.5.jar:6.5.5]
	at org.springframework.security.web.ObservationFilterChainDecorator$VirtualFilterChain.doFilter(ObservationFilterChainDecorator.java:138) ~[spring-security-web-6.5.5.jar:6.5.5]
	at org.springframework.security.web.savedrequest.RequestCacheAwareFilter.doFilter(RequestCacheAwareFilter.java:63) ~[spring-security-web-6.5.5.jar:6.5.5]
	at org.springframework.security.web.ObservationFilterChainDecorator$ObservationFilter.wrapFilter(ObservationFilterChainDecorator.java:241) ~[spring-security-web-6.5.5.jar:6.5.5]
	at org.springframework.security.web.ObservationFilterChainDecorator$ObservationFilter.doFilter(ObservationFilterChainDecorator.java:228) ~[spring-security-web-6.5.5.jar:6.5.5]
	at org.springframework.security.web.ObservationFilterChainDecorator$VirtualFilterChain.doFilter(ObservationFilterChainDecorator.java:138) ~[spring-security-web-6.5.5.jar:6.5.5]
	at org.springframework.security.web.authentication.logout.LogoutFilter.doFilter(LogoutFilter.java:107) ~[spring-security-web-6.5.5.jar:6.5.5]
	at org.springframework.security.web.authentication.logout.LogoutFilter.doFilter(LogoutFilter.java:93) ~[spring-security-web-6.5.5.jar:6.5.5]
	at org.springframework.security.web.ObservationFilterChainDecorator$ObservationFilter.wrapFilter(ObservationFilterChainDecorator.java:241) ~[spring-security-web-6.5.5.jar:6.5.5]
	at org.springframework.security.web.ObservationFilterChainDecorator$ObservationFilter.doFilter(ObservationFilterChainDecorator.java:228) ~[spring-security-web-6.5.5.jar:6.5.5]
	at org.springframework.security.web.ObservationFilterChainDecorator$VirtualFilterChain.doFilter(ObservationFilterChainDecorator.java:138) ~[spring-security-web-6.5.5.jar:6.5.5]
	at org.springframework.security.web.header.HeaderWriterFilter.doHeadersAfter(HeaderWriterFilter.java:90) ~[spring-security-web-6.5.5.jar:6.5.5]
	at org.springframework.security.web.header.HeaderWriterFilter.doFilterInternal(HeaderWriterFilter.java:75) ~[spring-security-web-6.5.5.jar:6.5.5]
	at org.springframework.web.filter.OncePerRequestFilter.doFilter(OncePerRequestFilter.java:116) ~[spring-web-6.2.11.jar:6.2.11]
	at org.springframework.security.web.ObservationFilterChainDecorator$ObservationFilter.wrapFilter(ObservationFilterChainDecorator.java:241) ~[spring-security-web-6.5.5.jar:6.5.5]
	at org.springframework.security.web.ObservationFilterChainDecorator$ObservationFilter.doFilter(ObservationFilterChainDecorator.java:228) ~[spring-security-web-6.5.5.jar:6.5.5]
	at org.springframework.security.web.ObservationFilterChainDecorator$VirtualFilterChain.doFilter(ObservationFilterChainDecorator.java:138) ~[spring-security-web-6.5.5.jar:6.5.5]
	at org.springframework.security.web.context.SecurityContextHolderFilter.doFilter(SecurityContextHolderFilter.java:82) ~[spring-security-web-6.5.5.jar:6.5.5]
	at org.springframework.security.web.context.SecurityContextHolderFilter.doFilter(SecurityContextHolderFilter.java:69) ~[spring-security-web-6.5.5.jar:6.5.5]
	at org.springframework.security.web.ObservationFilterChainDecorator$ObservationFilter.wrapFilter(ObservationFilterChainDecorator.java:241) ~[spring-security-web-6.5.5.jar:6.5.5]
	at org.springframework.security.web.ObservationFilterChainDecorator$ObservationFilter.doFilter(ObservationFilterChainDecorator.java:228) ~[spring-security-web-6.5.5.jar:6.5.5]
	at org.springframework.security.web.ObservationFilterChainDecorator$VirtualFilterChain.doFilter(ObservationFilterChainDecorator.java:138) ~[spring-security-web-6.5.5.jar:6.5.5]
	at org.springframework.security.web.context.request.async.WebAsyncManagerIntegrationFilter.doFilterInternal(WebAsyncManagerIntegrationFilter.java:62) ~[spring-security-web-6.5.5.jar:6.5.5]
	at org.springframework.web.filter.OncePerRequestFilter.doFilter(OncePerRequestFilter.java:116) ~[spring-web-6.2.11.jar:6.2.11]
	at org.springframework.security.web.ObservationFilterChainDecorator$ObservationFilter.wrapFilter(ObservationFilterChainDecorator.java:241) ~[spring-security-web-6.5.5.jar:6.5.5]
	at org.springframework.security.web.ObservationFilterChainDecorator$ObservationFilter.doFilter(ObservationFilterChainDecorator.java:228) ~[spring-security-web-6.5.5.jar:6.5.5]
	at org.springframework.security.web.ObservationFilterChainDecorator$VirtualFilterChain.doFilter(ObservationFilterChainDecorator.java:138) ~[spring-security-web-6.5.5.jar:6.5.5]
	at org.springframework.security.web.session.DisableEncodeUrlFilter.doFilterInternal(DisableEncodeUrlFilter.java:42) ~[spring-security-web-6.5.5.jar:6.5.5]
	at org.springframework.web.filter.OncePerRequestFilter.doFilter(OncePerRequestFilter.java:116) ~[spring-web-6.2.11.jar:6.2.11]
	at org.springframework.security.web.ObservationFilterChainDecorator$ObservationFilter.wrapFilter(ObservationFilterChainDecorator.java:241) ~[spring-security-web-6.5.5.jar:6.5.5]
	at org.springframework.security.web.ObservationFilterChainDecorator$AroundFilterObservation$SimpleAroundFilterObservation.lambda$wrap$0(ObservationFilterChainDecorator.java:334) ~[spring-security-web-6.5.5.jar:6.5.5]
	at org.springframework.security.web.ObservationFilterChainDecorator$ObservationFilter.doFilter(ObservationFilterChainDecorator.java:225) ~[spring-security-web-6.5.5.jar:6.5.5]
	at org.springframework.security.web.ObservationFilterChainDecorator$VirtualFilterChain.doFilter(ObservationFilterChainDecorator.java:138) ~[spring-security-web-6.5.5.jar:6.5.5]
	at org.springframework.security.web.FilterChainProxy.doFilterInternal(FilterChainProxy.java:233) ~[spring-security-web-6.5.5.jar:6.5.5]
	at org.springframework.security.web.FilterChainProxy.doFilter(FilterChainProxy.java:191) ~[spring-security-web-6.5.5.jar:6.5.5]
	at org.springframework.web.filter.CompositeFilter$VirtualFilterChain.doFilter(CompositeFilter.java:113) ~[spring-web-6.2.11.jar:6.2.11]
	at org.springframework.web.filter.ServletRequestPathFilter.doFilter(ServletRequestPathFilter.java:52) ~[spring-web-6.2.11.jar:6.2.11]
	at org.springframework.web.filter.CompositeFilter$VirtualFilterChain.doFilter(CompositeFilter.java:113) ~[spring-web-6.2.11.jar:6.2.11]
	at org.springframework.web.filter.CompositeFilter.doFilter(CompositeFilter.java:74) ~[spring-web-6.2.11.jar:6.2.11]
	at org.springframework.security.config.annotation.web.configuration.WebSecurityConfiguration$CompositeFilterChainProxy.doFilter(WebSecurityConfiguration.java:319) ~[spring-security-config-6.5.5.jar:6.5.5]
	at org.springframework.web.filter.CompositeFilter$VirtualFilterChain.doFilter(CompositeFilter.java:113) ~[spring-web-6.2.11.jar:6.2.11]
	at org.springframework.web.servlet.handler.HandlerMappingIntrospector.lambda$createCacheFilter$4(HandlerMappingIntrospector.java:267) ~[spring-webmvc-6.2.11.jar:6.2.11]
	at org.springframework.web.filter.CompositeFilter$VirtualFilterChain.doFilter(CompositeFilter.java:113) ~[spring-web-6.2.11.jar:6.2.11]
	at org.springframework.web.filter.CompositeFilter.doFilter(CompositeFilter.java:74) ~[spring-web-6.2.11.jar:6.2.11]
	at org.springframework.security.config.annotation.web.configuration.WebMvcSecurityConfiguration$CompositeFilterChainProxy.doFilter(WebMvcSecurityConfiguration.java:240) ~[spring-security-config-6.5.5.jar:6.5.5]
	at org.springframework.web.filter.DelegatingFilterProxy.invokeDelegate(DelegatingFilterProxy.java:362) ~[spring-web-6.2.11.jar:6.2.11]
	at org.springframework.web.filter.DelegatingFilterProxy.doFilter(DelegatingFilterProxy.java:278) ~[spring-web-6.2.11.jar:6.2.11]
	at org.apache.catalina.core.ApplicationFilterChain.internalDoFilter(ApplicationFilterChain.java:164) ~[tomcat-embed-core-10.1.46.jar:10.1.46]
	at org.apache.catalina.core.ApplicationFilterChain.doFilter(ApplicationFilterChain.java:140) ~[tomcat-embed-core-10.1.46.jar:10.1.46]
	at org.springframework.web.filter.RequestContextFilter.doFilterInternal(RequestContextFilter.java:100) ~[spring-web-6.2.11.jar:6.2.11]
	at org.springframework.web.filter.OncePerRequestFilter.doFilter(OncePerRequestFilter.java:116) ~[spring-web-6.2.11.jar:6.2.11]
	at org.apache.catalina.core.ApplicationFilterChain.internalDoFilter(ApplicationFilterChain.java:164) ~[tomcat-embed-core-10.1.46.jar:10.1.46]
	at org.apache.catalina.core.ApplicationFilterChain.doFilter(ApplicationFilterChain.java:140) ~[tomcat-embed-core-10.1.46.jar:10.1.46]
	at org.springframework.web.filter.FormContentFilter.doFilterInternal(FormContentFilter.java:93) ~[spring-web-6.2.11.jar:6.2.11]
	at org.springframework.web.filter.OncePerRequestFilter.doFilter(OncePerRequestFilter.java:116) ~[spring-web-6.2.11.jar:6.2.11]
	at org.apache.catalina.core.ApplicationFilterChain.internalDoFilter(ApplicationFilterChain.java:164) ~[tomcat-embed-core-10.1.46.jar:10.1.46]
	at org.apache.catalina.core.ApplicationFilterChain.doFilter(ApplicationFilterChain.java:140) ~[tomcat-embed-core-10.1.46.jar:10.1.46]
	at org.springframework.web.filter.ServerHttpObservationFilter.doFilterInternal(ServerHttpObservationFilter.java:110) ~[spring-web-6.2.11.jar:6.2.11]
	at org.springframework.web.filter.OncePerRequestFilter.doFilter(OncePerRequestFilter.java:116) ~[spring-web-6.2.11.jar:6.2.11]
	at org.apache.catalina.core.ApplicationFilterChain.internalDoFilter(ApplicationFilterChain.java:164) ~[tomcat-embed-core-10.1.46.jar:10.1.46]
	at org.apache.catalina.core.ApplicationFilterChain.doFilter(ApplicationFilterChain.java:140) ~[tomcat-embed-core-10.1.46.jar:10.1.46]
	at org.springframework.web.filter.CharacterEncodingFilter.doFilterInternal(CharacterEncodingFilter.java:201) ~[spring-web-6.2.11.jar:6.2.11]
	at org.springframework.web.filter.OncePerRequestFilter.doFilter(OncePerRequestFilter.java:116) ~[spring-web-6.2.11.jar:6.2.11]
	at org.apache.catalina.core.ApplicationFilterChain.internalDoFilter(ApplicationFilterChain.java:164) ~[tomcat-embed-core-10.1.46.jar:10.1.46]
	at org.apache.catalina.core.ApplicationFilterChain.doFilter(ApplicationFilterChain.java:140) ~[tomcat-embed-core-10.1.46.jar:10.1.46]
	at org.apache.catalina.core.StandardWrapperValve.invoke(StandardWrapperValve.java:167) ~[tomcat-embed-core-10.1.46.jar:10.1.46]
	at org.apache.catalina.core.StandardContextValve.invoke(StandardContextValve.java:90) ~[tomcat-embed-core-10.1.46.jar:10.1.46]
	at org.apache.catalina.authenticator.AuthenticatorBase.invoke(AuthenticatorBase.java:483) ~[tomcat-embed-core-10.1.46.jar:10.1.46]
	at org.apache.catalina.core.StandardHostValve.invoke(StandardHostValve.java:116) ~[tomcat-embed-core-10.1.46.jar:10.1.46]
	at org.apache.catalina.valves.ErrorReportValve.invoke(ErrorReportValve.java:93) ~[tomcat-embed-core-10.1.46.jar:10.1.46]
	at org.apache.catalina.core.StandardEngineValve.invoke(StandardEngineValve.java:74) ~[tomcat-embed-core-10.1.46.jar:10.1.46]
	at org.apache.catalina.connector.CoyoteAdapter.service(CoyoteAdapter.java:344) ~[tomcat-embed-core-10.1.46.jar:10.1.46]
	at org.apache.coyote.http11.Http11Processor.service(Http11Processor.java:398) ~[tomcat-embed-core-10.1.46.jar:10.1.46]
	at org.apache.coyote.AbstractProcessorLight.process(AbstractProcessorLight.java:63) ~[tomcat-embed-core-10.1.46.jar:10.1.46]
	at org.apache.coyote.AbstractProtocol$ConnectionHandler.process(AbstractProtocol.java:903) ~[tomcat-embed-core-10.1.46.jar:10.1.46]
	at org.apache.tomcat.util.net.NioEndpoint$SocketProcessor.doRun(NioEndpoint.java:1776) ~[tomcat-embed-core-10.1.46.jar:10.1.46]
	at org.apache.tomcat.util.net.SocketProcessorBase.run(SocketProcessorBase.java:52) ~[tomcat-embed-core-10.1.46.jar:10.1.46]
	at org.apache.tomcat.util.threads.ThreadPoolExecutor.runWorker(ThreadPoolExecutor.java:975) ~[tomcat-embed-core-10.1.46.jar:10.1.46]
	at org.apache.tomcat.util.threads.ThreadPoolExecutor$Worker.run(ThreadPoolExecutor.java:493) ~[tomcat-embed-core-10.1.46.jar:10.1.46]
	at org.apache.tomcat.util.threads.TaskThread$WrappingRunnable.run(TaskThread.java:63) ~[tomcat-embed-core-10.1.46.jar:10.1.46]
	at java.base/java.lang.Thread.run(Thread.java:1447) ~[na:na]

2025-10-26T11:51:28.094+05:30  INFO 6188 --- [SneakoAplication] [SpringApplicationShutdownHook] o.s.b.w.e.tomcat.GracefulShutdown        : Commencing graceful shutdown. Waiting for active requests to complete
2025-10-26T11:51:28.099+05:30  INFO 6188 --- [SneakoAplication] [tomcat-shutdown] o.s.b.w.e.tomcat.GracefulShutdown        : Graceful shutdown complete
2025-10-26T11:51:28.099+05:30  INFO 6188 --- [SneakoAplication] [SpringApplicationShutdownHook] o.s.b.w.e.tomcat.GracefulShutdown        : Commencing graceful shutdown. Waiting for active requests to complete
2025-10-26T11:51:28.100+05:30  INFO 6188 --- [SneakoAplication] [tomcat-shutdown] o.s.b.w.e.tomcat.GracefulShutdown        : Graceful shutdown complete
2025-10-26T11:51:28.107+05:30  INFO 6188 --- [SneakoAplication] [SpringApplicationShutdownHook] j.LocalContainerEntityManagerFactoryBean : Closing JPA EntityManagerFactory for persistence unit 'default'
2025-10-26T11:51:28.108+05:30  INFO 6188 --- [SneakoAplication] [SpringApplicationShutdownHook] com.zaxxer.hikari.HikariDataSource       : HikariPool-1 - Shutdown initiated...
2025-10-26T11:51:28.111+05:30  INFO 6188 --- [SneakoAplication] [SpringApplicationShutdownHook] com.zaxxer.hikari.HikariDataSource       : HikariPool-1 - Shutdown completed.
2025-10-26T11:51:29.499+05:30  INFO 6208 --- [SneakoAplication] [main] o.g.a.SneakoAplication.SneakoAplication  : Starting SneakoAplication using Java 24.0.2 with PID 6208 (/Users/saurabhsanjaydeshmukh/Sneako/SneakoBackend/target/classes started by saurabhsanjaydeshmukh in /Users/saurabhsanjaydeshmukh/Sneako/SneakoBackend)
2025-10-26T11:51:29.500+05:30  INFO 6208 --- [SneakoAplication] [main] o.g.a.SneakoAplication.SneakoAplication  : The following 1 profile is active: "dev"
2025-10-26T11:51:29.883+05:30  INFO 6208 --- [SneakoAplication] [main] .s.d.r.c.RepositoryConfigurationDelegate : Bootstrapping Spring Data JPA repositories in DEFAULT mode.
2025-10-26T11:51:29.911+05:30  INFO 6208 --- [SneakoAplication] [main] .s.d.r.c.RepositoryConfigurationDelegate : Finished Spring Data repository scanning in 25 ms. Found 8 JPA repository interfaces.
2025-10-26T11:51:30.118+05:30  INFO 6208 --- [SneakoAplication] [main] o.s.b.w.embedded.tomcat.TomcatWebServer  : Tomcat initialized with port 8085 (http)
2025-10-26T11:51:30.123+05:30  INFO 6208 --- [SneakoAplication] [main] o.apache.catalina.core.StandardService   : Starting service [Tomcat]
2025-10-26T11:51:30.123+05:30  INFO 6208 --- [SneakoAplication] [main] o.apache.catalina.core.StandardEngine    : Starting Servlet engine: [Apache Tomcat/10.1.46]
2025-10-26T11:51:30.145+05:30  INFO 6208 --- [SneakoAplication] [main] o.a.c.c.C.[Tomcat].[localhost].[/]       : Initializing Spring embedded WebApplicationContext
2025-10-26T11:51:30.145+05:30  INFO 6208 --- [SneakoAplication] [main] w.s.c.ServletWebServerApplicationContext : Root WebApplicationContext: initialization completed in 626 ms
2025-10-26T11:51:30.217+05:30  INFO 6208 --- [SneakoAplication] [main] com.zaxxer.hikari.HikariDataSource       : HikariPool-1 - Starting...
2025-10-26T11:51:30.281+05:30  INFO 6208 --- [SneakoAplication] [main] com.zaxxer.hikari.pool.HikariPool        : HikariPool-1 - Added connection com.mysql.cj.jdbc.ConnectionImpl@655203e3
2025-10-26T11:51:30.282+05:30  INFO 6208 --- [SneakoAplication] [main] com.zaxxer.hikari.HikariDataSource       : HikariPool-1 - Start completed.
2025-10-26T11:51:30.295+05:30  INFO 6208 --- [SneakoAplication] [main] o.hibernate.jpa.internal.util.LogHelper  : HHH000204: Processing PersistenceUnitInfo [name: default]
2025-10-26T11:51:30.310+05:30  INFO 6208 --- [SneakoAplication] [main] org.hibernate.Version                    : HHH000412: Hibernate ORM core version 6.6.29.Final
2025-10-26T11:51:30.319+05:30  INFO 6208 --- [SneakoAplication] [main] o.h.c.internal.RegionFactoryInitiator    : HHH000026: Second-level cache disabled
2025-10-26T11:51:30.422+05:30  INFO 6208 --- [SneakoAplication] [main] o.s.o.j.p.SpringPersistenceUnitInfo      : No LoadTimeWeaver setup: ignoring JPA class transformer
2025-10-26T11:51:30.447+05:30  WARN 6208 --- [SneakoAplication] [main] org.hibernate.orm.deprecation            : HHH90000025: MySQLDialect does not need to be specified explicitly using 'hibernate.dialect' (remove the property setting and it will be selected by default)
2025-10-26T11:51:30.450+05:30  INFO 6208 --- [SneakoAplication] [main] org.hibernate.orm.connections.pooling    : HHH10001005: Database info:
	Database JDBC URL [Connecting through datasource 'HikariDataSource (HikariPool-1)']
	Database driver: undefined/unknown
	Database version: 9.5
	Autocommit mode: undefined/unknown
	Isolation level: undefined/unknown
	Minimum pool size: undefined/unknown
	Maximum pool size: undefined/unknown
2025-10-26T11:51:30.786+05:30  INFO 6208 --- [SneakoAplication] [main] o.h.e.t.j.p.i.JtaPlatformInitiator       : HHH000489: No JTA platform available (set 'hibernate.transaction.jta.platform' to enable JTA platform integration)
2025-10-26T11:51:30.826+05:30  INFO 6208 --- [SneakoAplication] [main] j.LocalContainerEntityManagerFactoryBean : Initialized JPA EntityManagerFactory for persistence unit 'default'
2025-10-26T11:51:31.052+05:30  WARN 6208 --- [SneakoAplication] [main] JpaBaseConfiguration$JpaWebConfiguration : spring.jpa.open-in-view is enabled by default. Therefore, database queries may be performed during view rendering. Explicitly configure spring.jpa.open-in-view to disable this warning
2025-10-26T11:51:31.061+05:30  INFO 6208 --- [SneakoAplication] [main] eAuthenticationProviderManagerConfigurer : Global AuthenticationManager configured with AuthenticationProvider bean with name daoAuthenticationProvider
2025-10-26T11:51:31.062+05:30  WARN 6208 --- [SneakoAplication] [main] r$InitializeUserDetailsManagerConfigurer : Global AuthenticationManager configured with an AuthenticationProvider bean. UserDetailsService beans will not be used by Spring Security for automatically configuring username/password login. Consider removing the AuthenticationProvider bean. Alternatively, consider using the UserDetailsService in a manually instantiated DaoAuthenticationProvider. If the current configuration is intentional, to turn off this warning, increase the logging level of 'org.springframework.security.config.annotation.authentication.configuration.InitializeUserDetailsBeanManagerConfigurer' to ERROR
2025-10-26T11:51:31.303+05:30  INFO 6208 --- [SneakoAplication] [main] o.s.b.a.h2.H2ConsoleAutoConfiguration    : H2 console available at '/h2-console'. Database available at 'jdbc:mysql://localhost:3306/sneako?allowPublicKeyRetrieval=true&createDatabaseIfNotExist=true&useSSL=false'
2025-10-26T11:51:31.342+05:30  INFO 6208 --- [SneakoAplication] [main] o.s.b.w.embedded.tomcat.TomcatWebServer  : Tomcat started on port 8085 (http) with context path '/'
2025-10-26T11:51:31.366+05:30  INFO 6208 --- [SneakoAplication] [main] o.s.b.w.embedded.tomcat.TomcatWebServer  : Tomcat initialized with port 8086 (http)
2025-10-26T11:51:31.366+05:30  INFO 6208 --- [SneakoAplication] [main] o.apache.catalina.core.StandardService   : Starting service [Tomcat]
2025-10-26T11:51:31.366+05:30  INFO 6208 --- [SneakoAplication] [main] o.apache.catalina.core.StandardEngine    : Starting Servlet engine: [Apache Tomcat/10.1.46]
2025-10-26T11:51:31.372+05:30  INFO 6208 --- [SneakoAplication] [main] o.a.c.c.C.[Tomcat-1].[localhost].[/]     : Initializing Spring embedded WebApplicationContext
2025-10-26T11:51:31.372+05:30  INFO 6208 --- [SneakoAplication] [main] w.s.c.ServletWebServerApplicationContext : Root WebApplicationContext: initialization completed in 29 ms
2025-10-26T11:51:31.376+05:30  INFO 6208 --- [SneakoAplication] [main] o.s.b.a.e.web.EndpointLinksResolver      : Exposing 14 endpoints beneath base path '/actuator'
2025-10-26T11:51:31.392+05:30  INFO 6208 --- [SneakoAplication] [main] o.s.b.w.embedded.tomcat.TomcatWebServer  : Tomcat started on port 8086 (http) with context path '/'
2025-10-26T11:51:31.403+05:30  INFO 6208 --- [SneakoAplication] [main] o.g.a.SneakoAplication.SneakoAplication  : Started SneakoAplication in 2.087 seconds (process running for 2.223)
2025-10-26T11:51:31.477+05:30 DEBUG 6208 --- [SneakoAplication] [main] org.hibernate.SQL                        : select r1_0.role_id,r1_0.created_at,r1_0.name,r1_0.updated_at,r1_0.version from roles r1_0 where r1_0.name=?
2025-10-26T11:51:31.489+05:30 DEBUG 6208 --- [SneakoAplication] [main] org.hibernate.SQL                        : select r1_0.role_id,r1_0.created_at,r1_0.name,r1_0.updated_at,r1_0.version from roles r1_0 where r1_0.name=?
2025-10-26T11:51:31.491+05:30 DEBUG 6208 --- [SneakoAplication] [main] org.hibernate.SQL                        : select u1_0.userid,u1_0.address,u1_0.created_at,u1_0.email,u1_0.password,u1_0.phone_number,u1_0.updated_at,u1_0.user_name,u1_0.version from users u1_0 where u1_0.user_name=?
2025-10-26T11:51:31.492+05:30 DEBUG 6208 --- [SneakoAplication] [main] org.hibernate.SQL                        : select r1_0.user_id,r1_1.role_id,r1_1.created_at,r1_1.name,r1_1.updated_at,r1_1.version from user_roles r1_0 join roles r1_1 on r1_1.role_id=r1_0.role_id where r1_0.user_id=?
2025-10-26T11:51:37.254+05:30  INFO 6208 --- [SneakoAplication] [http-nio-8085-exec-1] o.a.c.c.C.[Tomcat].[localhost].[/]       : Initializing Spring DispatcherServlet 'dispatcherServlet'
2025-10-26T11:51:37.255+05:30  INFO 6208 --- [SneakoAplication] [http-nio-8085-exec-1] o.s.web.servlet.DispatcherServlet        : Initializing Servlet 'dispatcherServlet'
2025-10-26T11:51:37.256+05:30  INFO 6208 --- [SneakoAplication] [http-nio-8085-exec-1] o.s.web.servlet.DispatcherServlet        : Completed initialization in 1 ms
2025-10-26T11:51:37.304+05:30 DEBUG 6208 --- [SneakoAplication] [http-nio-8085-exec-1] org.hibernate.SQL                        : select o1_0.order_id,o1_0.created_at,o1_0.order_date,o1_0.order_status,o1_0.shipping_address,o1_0.total_price,o1_0.updated_at,o1_0.user_id,o1_0.version from order_tbl o1_0 where o1_0.order_id=?
2025-10-26T11:51:37.312+05:30 DEBUG 6208 --- [SneakoAplication] [http-nio-8085-exec-1] org.hibernate.SQL                        : insert into order_item (created_at,order_id,product_id,quantity,size,total_price,unit_price,updated_at,version) values (?,?,?,?,?,?,?,?,?)
2025-10-26T11:51:37.322+05:30 DEBUG 6208 --- [SneakoAplication] [http-nio-8085-exec-1] org.hibernate.SQL                        : select oi1_0.order_item_id,oi1_0.created_at,oi1_0.order_id,oi1_0.product_id,oi1_0.quantity,oi1_0.size,oi1_0.total_price,oi1_0.unit_price,oi1_0.updated_at,oi1_0.version from order_item oi1_0 left join order_tbl o1_0 on o1_0.order_id=oi1_0.order_id where o1_0.order_id=?
2025-10-26T11:51:37.329+05:30 ERROR 6208 --- [SneakoAplication] [http-nio-8085-exec-1] o.a.c.c.C.[.[.[/].[dispatcherServlet]    : Servlet.service() for servlet [dispatcherServlet] in context with path [] threw exception [Request processing failed: org.springframework.transaction.TransactionSystemException: Could not commit JPA transaction] with root cause

java.lang.NullPointerException: Cannot invoke "java.lang.Long.longValue()" because "current" is null
	at org.hibernate.type.descriptor.java.LongJavaType.next(LongJavaType.java:213) ~[hibernate-core-6.6.29.Final.jar:6.6.29.Final]
	at org.hibernate.type.descriptor.java.LongJavaType.next(LongJavaType.java:24) ~[hibernate-core-6.6.29.Final.jar:6.6.29.Final]
	at org.hibernate.engine.internal.Versioning.increment(Versioning.java:167) ~[hibernate-core-6.6.29.Final.jar:6.6.29.Final]
	at org.hibernate.generator.internal.VersionGeneration.generate(VersionGeneration.java:51) ~[hibernate-core-6.6.29.Final.jar:6.6.29.Final]
	at org.hibernate.engine.internal.Versioning.incrementVersion(Versioning.java:152) ~[hibernate-core-6.6.29.Final.jar:6.6.29.Final]
	at org.hibernate.event.internal.DefaultFlushEntityEventListener.getNextVersion(DefaultFlushEntityEventListener.java:401) ~[hibernate-core-6.6.29.Final.jar:6.6.29.Final]
	at org.hibernate.event.internal.DefaultFlushEntityEventListener.scheduleUpdate(DefaultFlushEntityEventListener.java:247) ~[hibernate-core-6.6.29.Final.jar:6.6.29.Final]
	at org.hibernate.event.internal.DefaultFlushEntityEventListener.onFlushEntity(DefaultFlushEntityEventListener.java:143) ~[hibernate-core-6.6.29.Final.jar:6.6.29.Final]
	at org.hibernate.event.service.internal.EventListenerGroupImpl.fireEventOnEachListener(EventListenerGroupImpl.java:127) ~[hibernate-core-6.6.29.Final.jar:6.6.29.Final]
	at org.hibernate.event.internal.AbstractFlushingEventListener.flushEntities(AbstractFlushingEventListener.java:269) ~[hibernate-core-6.6.29.Final.jar:6.6.29.Final]
	at org.hibernate.event.internal.AbstractFlushingEventListener.flushEverythingToExecutions(AbstractFlushingEventListener.java:90) ~[hibernate-core-6.6.29.Final.jar:6.6.29.Final]
	at org.hibernate.event.internal.AbstractFlushingEventListener.flushEverythingToExecutions(AbstractFlushingEventListener.java:84) ~[hibernate-core-6.6.29.Final.jar:6.6.29.Final]
	at org.hibernate.event.internal.DefaultFlushEventListener.onFlush(DefaultFlushEventListener.java:40) ~[hibernate-core-6.6.29.Final.jar:6.6.29.Final]
	at org.hibernate.event.service.internal.EventListenerGroupImpl.fireEventOnEachListener(EventListenerGroupImpl.java:127) ~[hibernate-core-6.6.29.Final.jar:6.6.29.Final]
	at org.hibernate.internal.SessionImpl.doFlush(SessionImpl.java:1429) ~[hibernate-core-6.6.29.Final.jar:6.6.29.Final]
	at org.hibernate.internal.SessionImpl.managedFlush(SessionImpl.java:491) ~[hibernate-core-6.6.29.Final.jar:6.6.29.Final]
	at org.hibernate.internal.SessionImpl.flushBeforeTransactionCompletion(SessionImpl.java:2354) ~[hibernate-core-6.6.29.Final.jar:6.6.29.Final]
	at org.hibernate.internal.SessionImpl.beforeTransactionCompletion(SessionImpl.java:1978) ~[hibernate-core-6.6.29.Final.jar:6.6.29.Final]
	at org.hibernate.engine.jdbc.internal.JdbcCoordinatorImpl.beforeTransactionCompletion(JdbcCoordinatorImpl.java:439) ~[hibernate-core-6.6.29.Final.jar:6.6.29.Final]
	at org.hibernate.resource.transaction.backend.jdbc.internal.JdbcResourceLocalTransactionCoordinatorImpl.beforeCompletionCallback(JdbcResourceLocalTransactionCoordinatorImpl.java:169) ~[hibernate-core-6.6.29.Final.jar:6.6.29.Final]
	at org.hibernate.resource.transaction.backend.jdbc.internal.JdbcResourceLocalTransactionCoordinatorImpl$TransactionDriverControlImpl.commit(JdbcResourceLocalTransactionCoordinatorImpl.java:267) ~[hibernate-core-6.6.29.Final.jar:6.6.29.Final]
	at org.hibernate.engine.transaction.internal.TransactionImpl.commit(TransactionImpl.java:101) ~[hibernate-core-6.6.29.Final.jar:6.6.29.Final]
	at org.springframework.orm.jpa.JpaTransactionManager.doCommit(JpaTransactionManager.java:563) ~[spring-orm-6.2.11.jar:6.2.11]
	at org.springframework.transaction.support.AbstractPlatformTransactionManager.processCommit(AbstractPlatformTransactionManager.java:795) ~[spring-tx-6.2.11.jar:6.2.11]
	at org.springframework.transaction.support.AbstractPlatformTransactionManager.commit(AbstractPlatformTransactionManager.java:758) ~[spring-tx-6.2.11.jar:6.2.11]
	at org.springframework.transaction.interceptor.TransactionAspectSupport.commitTransactionAfterReturning(TransactionAspectSupport.java:698) ~[spring-tx-6.2.11.jar:6.2.11]
	at org.springframework.transaction.interceptor.TransactionAspectSupport.invokeWithinTransaction(TransactionAspectSupport.java:416) ~[spring-tx-6.2.11.jar:6.2.11]
	at org.springframework.transaction.interceptor.TransactionInterceptor.invoke(TransactionInterceptor.java:119) ~[spring-tx-6.2.11.jar:6.2.11]
	at org.springframework.aop.framework.ReflectiveMethodInvocation.proceed(ReflectiveMethodInvocation.java:184) ~[spring-aop-6.2.11.jar:6.2.11]
	at org.springframework.aop.framework.CglibAopProxy$DynamicAdvisedInterceptor.intercept(CglibAopProxy.java:728) ~[spring-aop-6.2.11.jar:6.2.11]
	at org.genc.app.SneakoAplication.service.api.impl.OrderItemServiceImpl$$SpringCGLIB$$0.createOrderItem(<generated>) ~[classes/:na]
	at org.genc.app.SneakoAplication.contoller.OrderItemController.createOrderItem(OrderItemController.java:21) ~[classes/:na]
	at java.base/jdk.internal.reflect.DirectMethodHandleAccessor.invoke(DirectMethodHandleAccessor.java:104) ~[na:na]
	at java.base/java.lang.reflect.Method.invoke(Method.java:565) ~[na:na]
	at org.springframework.web.method.support.InvocableHandlerMethod.doInvoke(InvocableHandlerMethod.java:258) ~[spring-web-6.2.11.jar:6.2.11]
	at org.springframework.web.method.support.InvocableHandlerMethod.invokeForRequest(InvocableHandlerMethod.java:191) ~[spring-web-6.2.11.jar:6.2.11]
	at org.springframework.web.servlet.mvc.method.annotation.ServletInvocableHandlerMethod.invokeAndHandle(ServletInvocableHandlerMethod.java:118) ~[spring-webmvc-6.2.11.jar:6.2.11]
	at org.springframework.web.servlet.mvc.method.annotation.RequestMappingHandlerAdapter.invokeHandlerMethod(RequestMappingHandlerAdapter.java:991) ~[spring-webmvc-6.2.11.jar:6.2.11]
	at org.springframework.web.servlet.mvc.method.annotation.RequestMappingHandlerAdapter.handleInternal(RequestMappingHandlerAdapter.java:896) ~[spring-webmvc-6.2.11.jar:6.2.11]
	at org.springframework.web.servlet.mvc.method.AbstractHandlerMethodAdapter.handle(AbstractHandlerMethodAdapter.java:87) ~[spring-webmvc-6.2.11.jar:6.2.11]
	at org.springframework.web.servlet.DispatcherServlet.doDispatch(DispatcherServlet.java:1089) ~[spring-webmvc-6.2.11.jar:6.2.11]
	at org.springframework.web.servlet.DispatcherServlet.doService(DispatcherServlet.java:979) ~[spring-webmvc-6.2.11.jar:6.2.11]
	at org.springframework.web.servlet.FrameworkServlet.processRequest(FrameworkServlet.java:1014) ~[spring-webmvc-6.2.11.jar:6.2.11]
	at org.springframework.web.servlet.FrameworkServlet.doPost(FrameworkServlet.java:914) ~[spring-webmvc-6.2.11.jar:6.2.11]
	at jakarta.servlet.http.HttpServlet.service(HttpServlet.java:590) ~[tomcat-embed-core-10.1.46.jar:6.0]
	at org.springframework.web.servlet.FrameworkServlet.service(FrameworkServlet.java:885) ~[spring-webmvc-6.2.11.jar:6.2.11]
	at jakarta.servlet.http.HttpServlet.service(HttpServlet.java:658) ~[tomcat-embed-core-10.1.46.jar:6.0]
	at org.apache.catalina.core.ApplicationFilterChain.internalDoFilter(ApplicationFilterChain.java:195) ~[tomcat-embed-core-10.1.46.jar:10.1.46]
	at org.apache.catalina.core.ApplicationFilterChain.doFilter(ApplicationFilterChain.java:140) ~[tomcat-embed-core-10.1.46.jar:10.1.46]
	at org.apache.tomcat.websocket.server.WsFilter.doFilter(WsFilter.java:51) ~[tomcat-embed-websocket-10.1.46.jar:10.1.46]
	at org.apache.catalina.core.ApplicationFilterChain.internalDoFilter(ApplicationFilterChain.java:164) ~[tomcat-embed-core-10.1.46.jar:10.1.46]
	at org.apache.catalina.core.ApplicationFilterChain.doFilter(ApplicationFilterChain.java:140) ~[tomcat-embed-core-10.1.46.jar:10.1.46]
	at org.genc.app.SneakoAplication.security.JwtAuthenticationFilter.doFilterInternal(JwtAuthenticationFilter.java:41) ~[classes/:na]
	at org.springframework.web.filter.OncePerRequestFilter.doFilter(OncePerRequestFilter.java:116) ~[spring-web-6.2.11.jar:6.2.11]
	at org.apache.catalina.core.ApplicationFilterChain.internalDoFilter(ApplicationFilterChain.java:164) ~[tomcat-embed-core-10.1.46.jar:10.1.46]
	at org.apache.catalina.core.ApplicationFilterChain.doFilter(ApplicationFilterChain.java:140) ~[tomcat-embed-core-10.1.46.jar:10.1.46]
	at org.springframework.web.filter.CompositeFilter$VirtualFilterChain.doFilter(CompositeFilter.java:108) ~[spring-web-6.2.11.jar:6.2.11]
	at org.springframework.web.filter.CompositeFilter$VirtualFilterChain.doFilter(CompositeFilter.java:108) ~[spring-web-6.2.11.jar:6.2.11]
	at org.springframework.security.web.FilterChainProxy.lambda$doFilterInternal$3(FilterChainProxy.java:231) ~[spring-security-web-6.5.5.jar:6.5.5]
	at org.springframework.security.web.ObservationFilterChainDecorator$FilterObservation$SimpleFilterObservation.lambda$wrap$1(ObservationFilterChainDecorator.java:490) ~[spring-security-web-6.5.5.jar:6.5.5]
	at org.springframework.security.web.ObservationFilterChainDecorator$AroundFilterObservation$SimpleAroundFilterObservation.lambda$wrap$1(ObservationFilterChainDecorator.java:351) ~[spring-security-web-6.5.5.jar:6.5.5]
	at org.springframework.security.web.ObservationFilterChainDecorator.lambda$wrapSecured$0(ObservationFilterChainDecorator.java:83) ~[spring-security-web-6.5.5.jar:6.5.5]
	at org.springframework.security.web.ObservationFilterChainDecorator$VirtualFilterChain.doFilter(ObservationFilterChainDecorator.java:129) ~[spring-security-web-6.5.5.jar:6.5.5]
	at org.springframework.security.web.access.intercept.AuthorizationFilter.doFilter(AuthorizationFilter.java:101) ~[spring-security-web-6.5.5.jar:6.5.5]
	at org.springframework.security.web.ObservationFilterChainDecorator$ObservationFilter.wrapFilter(ObservationFilterChainDecorator.java:241) ~[spring-security-web-6.5.5.jar:6.5.5]
	at org.springframework.security.web.ObservationFilterChainDecorator$ObservationFilter.doFilter(ObservationFilterChainDecorator.java:228) ~[spring-security-web-6.5.5.jar:6.5.5]
	at org.springframework.security.web.ObservationFilterChainDecorator$VirtualFilterChain.doFilter(ObservationFilterChainDecorator.java:138) ~[spring-security-web-6.5.5.jar:6.5.5]
	at org.springframework.security.web.access.ExceptionTranslationFilter.doFilter(ExceptionTranslationFilter.java:125) ~[spring-security-web-6.5.5.jar:6.5.5]
	at org.springframework.security.web.access.ExceptionTranslationFilter.doFilter(ExceptionTranslationFilter.java:119) ~[spring-security-web-6.5.5.jar:6.5.5]
	at org.springframework.security.web.ObservationFilterChainDecorator$ObservationFilter.wrapFilter(ObservationFilterChainDecorator.java:241) ~[spring-security-web-6.5.5.jar:6.5.5]
	at org.springframework.security.web.ObservationFilterChainDecorator$ObservationFilter.doFilter(ObservationFilterChainDecorator.java:228) ~[spring-security-web-6.5.5.jar:6.5.5]
	at org.springframework.security.web.ObservationFilterChainDecorator$VirtualFilterChain.doFilter(ObservationFilterChainDecorator.java:138) ~[spring-security-web-6.5.5.jar:6.5.5]
	at org.springframework.security.web.authentication.AnonymousAuthenticationFilter.doFilter(AnonymousAuthenticationFilter.java:100) ~[spring-security-web-6.5.5.jar:6.5.5]
	at org.springframework.security.web.ObservationFilterChainDecorator$ObservationFilter.wrapFilter(ObservationFilterChainDecorator.java:241) ~[spring-security-web-6.5.5.jar:6.5.5]
	at org.springframework.security.web.ObservationFilterChainDecorator$ObservationFilter.doFilter(ObservationFilterChainDecorator.java:228) ~[spring-security-web-6.5.5.jar:6.5.5]
	at org.springframework.security.web.ObservationFilterChainDecorator$VirtualFilterChain.doFilter(ObservationFilterChainDecorator.java:138) ~[spring-security-web-6.5.5.jar:6.5.5]
	at org.springframework.security.web.servletapi.SecurityContextHolderAwareRequestFilter.doFilter(SecurityContextHolderAwareRequestFilter.java:179) ~[spring-security-web-6.5.5.jar:6.5.5]
	at org.springframework.security.web.ObservationFilterChainDecorator$ObservationFilter.wrapFilter(ObservationFilterChainDecorator.java:241) ~[spring-security-web-6.5.5.jar:6.5.5]
	at org.springframework.security.web.ObservationFilterChainDecorator$ObservationFilter.doFilter(ObservationFilterChainDecorator.java:228) ~[spring-security-web-6.5.5.jar:6.5.5]
	at org.springframework.security.web.ObservationFilterChainDecorator$VirtualFilterChain.doFilter(ObservationFilterChainDecorator.java:138) ~[spring-security-web-6.5.5.jar:6.5.5]
	at org.springframework.security.web.savedrequest.RequestCacheAwareFilter.doFilter(RequestCacheAwareFilter.java:63) ~[spring-security-web-6.5.5.jar:6.5.5]
	at org.springframework.security.web.ObservationFilterChainDecorator$ObservationFilter.wrapFilter(ObservationFilterChainDecorator.java:241) ~[spring-security-web-6.5.5.jar:6.5.5]
	at org.springframework.security.web.ObservationFilterChainDecorator$ObservationFilter.doFilter(ObservationFilterChainDecorator.java:228) ~[spring-security-web-6.5.5.jar:6.5.5]
	at org.springframework.security.web.ObservationFilterChainDecorator$VirtualFilterChain.doFilter(ObservationFilterChainDecorator.java:138) ~[spring-security-web-6.5.5.jar:6.5.5]
	at org.springframework.security.web.authentication.logout.LogoutFilter.doFilter(LogoutFilter.java:107) ~[spring-security-web-6.5.5.jar:6.5.5]
	at org.springframework.security.web.authentication.logout.LogoutFilter.doFilter(LogoutFilter.java:93) ~[spring-security-web-6.5.5.jar:6.5.5]
	at org.springframework.security.web.ObservationFilterChainDecorator$ObservationFilter.wrapFilter(ObservationFilterChainDecorator.java:241) ~[spring-security-web-6.5.5.jar:6.5.5]
	at org.springframework.security.web.ObservationFilterChainDecorator$ObservationFilter.doFilter(ObservationFilterChainDecorator.java:228) ~[spring-security-web-6.5.5.jar:6.5.5]
	at org.springframework.security.web.ObservationFilterChainDecorator$VirtualFilterChain.doFilter(ObservationFilterChainDecorator.java:138) ~[spring-security-web-6.5.5.jar:6.5.5]
	at org.springframework.security.web.header.HeaderWriterFilter.doHeadersAfter(HeaderWriterFilter.java:90) ~[spring-security-web-6.5.5.jar:6.5.5]
	at org.springframework.security.web.header.HeaderWriterFilter.doFilterInternal(HeaderWriterFilter.java:75) ~[spring-security-web-6.5.5.jar:6.5.5]
	at org.springframework.web.filter.OncePerRequestFilter.doFilter(OncePerRequestFilter.java:116) ~[spring-web-6.2.11.jar:6.2.11]
	at org.springframework.security.web.ObservationFilterChainDecorator$ObservationFilter.wrapFilter(ObservationFilterChainDecorator.java:241) ~[spring-security-web-6.5.5.jar:6.5.5]
	at org.springframework.security.web.ObservationFilterChainDecorator$ObservationFilter.doFilter(ObservationFilterChainDecorator.java:228) ~[spring-security-web-6.5.5.jar:6.5.5]
	at org.springframework.security.web.ObservationFilterChainDecorator$VirtualFilterChain.doFilter(ObservationFilterChainDecorator.java:138) ~[spring-security-web-6.5.5.jar:6.5.5]
	at org.springframework.security.web.context.SecurityContextHolderFilter.doFilter(SecurityContextHolderFilter.java:82) ~[spring-security-web-6.5.5.jar:6.5.5]
	at org.springframework.security.web.context.SecurityContextHolderFilter.doFilter(SecurityContextHolderFilter.java:69) ~[spring-security-web-6.5.5.jar:6.5.5]
	at org.springframework.security.web.ObservationFilterChainDecorator$ObservationFilter.wrapFilter(ObservationFilterChainDecorator.java:241) ~[spring-security-web-6.5.5.jar:6.5.5]
	at org.springframework.security.web.ObservationFilterChainDecorator$ObservationFilter.doFilter(ObservationFilterChainDecorator.java:228) ~[spring-security-web-6.5.5.jar:6.5.5]
	at org.springframework.security.web.ObservationFilterChainDecorator$VirtualFilterChain.doFilter(ObservationFilterChainDecorator.java:138) ~[spring-security-web-6.5.5.jar:6.5.5]
	at org.springframework.security.web.context.request.async.WebAsyncManagerIntegrationFilter.doFilterInternal(WebAsyncManagerIntegrationFilter.java:62) ~[spring-security-web-6.5.5.jar:6.5.5]
	at org.springframework.web.filter.OncePerRequestFilter.doFilter(OncePerRequestFilter.java:116) ~[spring-web-6.2.11.jar:6.2.11]
	at org.springframework.security.web.ObservationFilterChainDecorator$ObservationFilter.wrapFilter(ObservationFilterChainDecorator.java:241) ~[spring-security-web-6.5.5.jar:6.5.5]
	at org.springframework.security.web.ObservationFilterChainDecorator$ObservationFilter.doFilter(ObservationFilterChainDecorator.java:228) ~[spring-security-web-6.5.5.jar:6.5.5]
	at org.springframework.security.web.ObservationFilterChainDecorator$VirtualFilterChain.doFilter(ObservationFilterChainDecorator.java:138) ~[spring-security-web-6.5.5.jar:6.5.5]
	at org.springframework.security.web.session.DisableEncodeUrlFilter.doFilterInternal(DisableEncodeUrlFilter.java:42) ~[spring-security-web-6.5.5.jar:6.5.5]
	at org.springframework.web.filter.OncePerRequestFilter.doFilter(OncePerRequestFilter.java:116) ~[spring-web-6.2.11.jar:6.2.11]
	at org.springframework.security.web.ObservationFilterChainDecorator$ObservationFilter.wrapFilter(ObservationFilterChainDecorator.java:241) ~[spring-security-web-6.5.5.jar:6.5.5]
	at org.springframework.security.web.ObservationFilterChainDecorator$AroundFilterObservation$SimpleAroundFilterObservation.lambda$wrap$0(ObservationFilterChainDecorator.java:334) ~[spring-security-web-6.5.5.jar:6.5.5]
	at org.springframework.security.web.ObservationFilterChainDecorator$ObservationFilter.doFilter(ObservationFilterChainDecorator.java:225) ~[spring-security-web-6.5.5.jar:6.5.5]
	at org.springframework.security.web.ObservationFilterChainDecorator$VirtualFilterChain.doFilter(ObservationFilterChainDecorator.java:138) ~[spring-security-web-6.5.5.jar:6.5.5]
	at org.springframework.security.web.FilterChainProxy.doFilterInternal(FilterChainProxy.java:233) ~[spring-security-web-6.5.5.jar:6.5.5]
	at org.springframework.security.web.FilterChainProxy.doFilter(FilterChainProxy.java:191) ~[spring-security-web-6.5.5.jar:6.5.5]
	at org.springframework.web.filter.CompositeFilter$VirtualFilterChain.doFilter(CompositeFilter.java:113) ~[spring-web-6.2.11.jar:6.2.11]
	at org.springframework.web.filter.ServletRequestPathFilter.doFilter(ServletRequestPathFilter.java:52) ~[spring-web-6.2.11.jar:6.2.11]
	at org.springframework.web.filter.CompositeFilter$VirtualFilterChain.doFilter(CompositeFilter.java:113) ~[spring-web-6.2.11.jar:6.2.11]
	at org.springframework.web.filter.CompositeFilter.doFilter(CompositeFilter.java:74) ~[spring-web-6.2.11.jar:6.2.11]
	at org.springframework.security.config.annotation.web.configuration.WebSecurityConfiguration$CompositeFilterChainProxy.doFilter(WebSecurityConfiguration.java:319) ~[spring-security-config-6.5.5.jar:6.5.5]
	at org.springframework.web.filter.CompositeFilter$VirtualFilterChain.doFilter(CompositeFilter.java:113) ~[spring-web-6.2.11.jar:6.2.11]
	at org.springframework.web.servlet.handler.HandlerMappingIntrospector.lambda$createCacheFilter$4(HandlerMappingIntrospector.java:267) ~[spring-webmvc-6.2.11.jar:6.2.11]
	at org.springframework.web.filter.CompositeFilter$VirtualFilterChain.doFilter(CompositeFilter.java:113) ~[spring-web-6.2.11.jar:6.2.11]
	at org.springframework.web.filter.CompositeFilter.doFilter(CompositeFilter.java:74) ~[spring-web-6.2.11.jar:6.2.11]
	at org.springframework.security.config.annotation.web.configuration.WebMvcSecurityConfiguration$CompositeFilterChainProxy.doFilter(WebMvcSecurityConfiguration.java:240) ~[spring-security-config-6.5.5.jar:6.5.5]
	at org.springframework.web.filter.DelegatingFilterProxy.invokeDelegate(DelegatingFilterProxy.java:362) ~[spring-web-6.2.11.jar:6.2.11]
	at org.springframework.web.filter.DelegatingFilterProxy.doFilter(DelegatingFilterProxy.java:278) ~[spring-web-6.2.11.jar:6.2.11]
	at org.apache.catalina.core.ApplicationFilterChain.internalDoFilter(ApplicationFilterChain.java:164) ~[tomcat-embed-core-10.1.46.jar:10.1.46]
	at org.apache.catalina.core.ApplicationFilterChain.doFilter(ApplicationFilterChain.java:140) ~[tomcat-embed-core-10.1.46.jar:10.1.46]
	at org.springframework.web.filter.RequestContextFilter.doFilterInternal(RequestContextFilter.java:100) ~[spring-web-6.2.11.jar:6.2.11]
	at org.springframework.web.filter.OncePerRequestFilter.doFilter(OncePerRequestFilter.java:116) ~[spring-web-6.2.11.jar:6.2.11]
	at org.apache.catalina.core.ApplicationFilterChain.internalDoFilter(ApplicationFilterChain.java:164) ~[tomcat-embed-core-10.1.46.jar:10.1.46]
	at org.apache.catalina.core.ApplicationFilterChain.doFilter(ApplicationFilterChain.java:140) ~[tomcat-embed-core-10.1.46.jar:10.1.46]
	at org.springframework.web.filter.FormContentFilter.doFilterInternal(FormContentFilter.java:93) ~[spring-web-6.2.11.jar:6.2.11]
	at org.springframework.web.filter.OncePerRequestFilter.doFilter(OncePerRequestFilter.java:116) ~[spring-web-6.2.11.jar:6.2.11]
	at org.apache.catalina.core.ApplicationFilterChain.internalDoFilter(ApplicationFilterChain.java:164) ~[tomcat-embed-core-10.1.46.jar:10.1.46]
	at org.apache.catalina.core.ApplicationFilterChain.doFilter(ApplicationFilterChain.java:140) ~[tomcat-embed-core-10.1.46.jar:10.1.46]
	at org.springframework.web.filter.ServerHttpObservationFilter.doFilterInternal(ServerHttpObservationFilter.java:110) ~[spring-web-6.2.11.jar:6.2.11]
	at org.springframework.web.filter.OncePerRequestFilter.doFilter(OncePerRequestFilter.java:116) ~[spring-web-6.2.11.jar:6.2.11]
	at org.apache.catalina.core.ApplicationFilterChain.internalDoFilter(ApplicationFilterChain.java:164) ~[tomcat-embed-core-10.1.46.jar:10.1.46]
	at org.apache.catalina.core.ApplicationFilterChain.doFilter(ApplicationFilterChain.java:140) ~[tomcat-embed-core-10.1.46.jar:10.1.46]
	at org.springframework.web.filter.CharacterEncodingFilter.doFilterInternal(CharacterEncodingFilter.java:201) ~[spring-web-6.2.11.jar:6.2.11]
	at org.springframework.web.filter.OncePerRequestFilter.doFilter(OncePerRequestFilter.java:116) ~[spring-web-6.2.11.jar:6.2.11]
	at org.apache.catalina.core.ApplicationFilterChain.internalDoFilter(ApplicationFilterChain.java:164) ~[tomcat-embed-core-10.1.46.jar:10.1.46]
	at org.apache.catalina.core.ApplicationFilterChain.doFilter(ApplicationFilterChain.java:140) ~[tomcat-embed-core-10.1.46.jar:10.1.46]
	at org.apache.catalina.core.StandardWrapperValve.invoke(StandardWrapperValve.java:167) ~[tomcat-embed-core-10.1.46.jar:10.1.46]
	at org.apache.catalina.core.StandardContextValve.invoke(StandardContextValve.java:90) ~[tomcat-embed-core-10.1.46.jar:10.1.46]
	at org.apache.catalina.authenticator.AuthenticatorBase.invoke(AuthenticatorBase.java:483) ~[tomcat-embed-core-10.1.46.jar:10.1.46]
	at org.apache.catalina.core.StandardHostValve.invoke(StandardHostValve.java:116) ~[tomcat-embed-core-10.1.46.jar:10.1.46]
	at org.apache.catalina.valves.ErrorReportValve.invoke(ErrorReportValve.java:93) ~[tomcat-embed-core-10.1.46.jar:10.1.46]
	at org.apache.catalina.core.StandardEngineValve.invoke(StandardEngineValve.java:74) ~[tomcat-embed-core-10.1.46.jar:10.1.46]
	at org.apache.catalina.connector.CoyoteAdapter.service(CoyoteAdapter.java:344) ~[tomcat-embed-core-10.1.46.jar:10.1.46]
	at org.apache.coyote.http11.Http11Processor.service(Http11Processor.java:398) ~[tomcat-embed-core-10.1.46.jar:10.1.46]
	at org.apache.coyote.AbstractProcessorLight.process(AbstractProcessorLight.java:63) ~[tomcat-embed-core-10.1.46.jar:10.1.46]
	at org.apache.coyote.AbstractProtocol$ConnectionHandler.process(AbstractProtocol.java:903) ~[tomcat-embed-core-10.1.46.jar:10.1.46]
	at org.apache.tomcat.util.net.NioEndpoint$SocketProcessor.doRun(NioEndpoint.java:1776) ~[tomcat-embed-core-10.1.46.jar:10.1.46]
	at org.apache.tomcat.util.net.SocketProcessorBase.run(SocketProcessorBase.java:52) ~[tomcat-embed-core-10.1.46.jar:10.1.46]
	at org.apache.tomcat.util.threads.ThreadPoolExecutor.runWorker(ThreadPoolExecutor.java:975) ~[tomcat-embed-core-10.1.46.jar:10.1.46]
	at org.apache.tomcat.util.threads.ThreadPoolExecutor$Worker.run(ThreadPoolExecutor.java:493) ~[tomcat-embed-core-10.1.46.jar:10.1.46]
	at org.apache.tomcat.util.threads.TaskThread$WrappingRunnable.run(TaskThread.java:63) ~[tomcat-embed-core-10.1.46.jar:10.1.46]
	at java.base/java.lang.Thread.run(Thread.java:1447) ~[na:na]

2025-10-26T11:52:49.548+05:30  INFO 6208 --- [SneakoAplication] [SpringApplicationShutdownHook] o.s.b.w.e.tomcat.GracefulShutdown        : Commencing graceful shutdown. Waiting for active requests to complete
2025-10-26T11:52:49.552+05:30  INFO 6208 --- [SneakoAplication] [tomcat-shutdown] o.s.b.w.e.tomcat.GracefulShutdown        : Graceful shutdown complete
2025-10-26T11:52:49.553+05:30  INFO 6208 --- [SneakoAplication] [SpringApplicationShutdownHook] o.s.b.w.e.tomcat.GracefulShutdown        : Commencing graceful shutdown. Waiting for active requests to complete
2025-10-26T11:52:49.553+05:30  INFO 6208 --- [SneakoAplication] [tomcat-shutdown] o.s.b.w.e.tomcat.GracefulShutdown        : Graceful shutdown complete
2025-10-26T11:52:49.560+05:30  INFO 6208 --- [SneakoAplication] [SpringApplicationShutdownHook] j.LocalContainerEntityManagerFactoryBean : Closing JPA EntityManagerFactory for persistence unit 'default'
2025-10-26T11:52:49.562+05:30  INFO 6208 --- [SneakoAplication] [SpringApplicationShutdownHook] com.zaxxer.hikari.HikariDataSource       : HikariPool-1 - Shutdown initiated...
2025-10-26T11:52:49.564+05:30  INFO 6208 --- [SneakoAplication] [SpringApplicationShutdownHook] com.zaxxer.hikari.HikariDataSource       : HikariPool-1 - Shutdown completed.
2025-10-26T11:52:50.464+05:30  INFO 6219 --- [SneakoAplication] [main] o.g.a.SneakoAplication.SneakoAplication  : Starting SneakoAplication using Java 24.0.2 with PID 6219 (/Users/saurabhsanjaydeshmukh/Sneako/SneakoBackend/target/classes started by saurabhsanjaydeshmukh in /Users/saurabhsanjaydeshmukh/Sneako/SneakoBackend)
2025-10-26T11:52:50.465+05:30  INFO 6219 --- [SneakoAplication] [main] o.g.a.SneakoAplication.SneakoAplication  : The following 1 profile is active: "dev"
2025-10-26T11:52:50.891+05:30  INFO 6219 --- [SneakoAplication] [main] .s.d.r.c.RepositoryConfigurationDelegate : Bootstrapping Spring Data JPA repositories in DEFAULT mode.
2025-10-26T11:52:50.918+05:30  INFO 6219 --- [SneakoAplication] [main] .s.d.r.c.RepositoryConfigurationDelegate : Finished Spring Data repository scanning in 23 ms. Found 8 JPA repository interfaces.
2025-10-26T11:52:51.124+05:30  INFO 6219 --- [SneakoAplication] [main] o.s.b.w.embedded.tomcat.TomcatWebServer  : Tomcat initialized with port 8085 (http)
2025-10-26T11:52:51.130+05:30  INFO 6219 --- [SneakoAplication] [main] o.apache.catalina.core.StandardService   : Starting service [Tomcat]
2025-10-26T11:52:51.130+05:30  INFO 6219 --- [SneakoAplication] [main] o.apache.catalina.core.StandardEngine    : Starting Servlet engine: [Apache Tomcat/10.1.46]
2025-10-26T11:52:51.150+05:30  INFO 6219 --- [SneakoAplication] [main] o.a.c.c.C.[Tomcat].[localhost].[/]       : Initializing Spring embedded WebApplicationContext
2025-10-26T11:52:51.150+05:30  INFO 6219 --- [SneakoAplication] [main] w.s.c.ServletWebServerApplicationContext : Root WebApplicationContext: initialization completed in 667 ms
2025-10-26T11:52:51.218+05:30  INFO 6219 --- [SneakoAplication] [main] com.zaxxer.hikari.HikariDataSource       : HikariPool-1 - Starting...
2025-10-26T11:52:51.501+05:30  INFO 6219 --- [SneakoAplication] [main] com.zaxxer.hikari.pool.HikariPool        : HikariPool-1 - Added connection com.mysql.cj.jdbc.ConnectionImpl@54f2df29
2025-10-26T11:52:51.502+05:30  INFO 6219 --- [SneakoAplication] [main] com.zaxxer.hikari.HikariDataSource       : HikariPool-1 - Start completed.
2025-10-26T11:52:51.515+05:30  INFO 6219 --- [SneakoAplication] [main] o.hibernate.jpa.internal.util.LogHelper  : HHH000204: Processing PersistenceUnitInfo [name: default]
2025-10-26T11:52:51.529+05:30  INFO 6219 --- [SneakoAplication] [main] org.hibernate.Version                    : HHH000412: Hibernate ORM core version 6.6.29.Final
2025-10-26T11:52:51.538+05:30  INFO 6219 --- [SneakoAplication] [main] o.h.c.internal.RegionFactoryInitiator    : HHH000026: Second-level cache disabled
2025-10-26T11:52:51.619+05:30  INFO 6219 --- [SneakoAplication] [main] o.s.o.j.p.SpringPersistenceUnitInfo      : No LoadTimeWeaver setup: ignoring JPA class transformer
2025-10-26T11:52:51.645+05:30  WARN 6219 --- [SneakoAplication] [main] org.hibernate.orm.deprecation            : HHH90000025: MySQLDialect does not need to be specified explicitly using 'hibernate.dialect' (remove the property setting and it will be selected by default)
2025-10-26T11:52:51.648+05:30  INFO 6219 --- [SneakoAplication] [main] org.hibernate.orm.connections.pooling    : HHH10001005: Database info:
	Database JDBC URL [Connecting through datasource 'HikariDataSource (HikariPool-1)']
	Database driver: undefined/unknown
	Database version: 9.5
	Autocommit mode: undefined/unknown
	Isolation level: undefined/unknown
	Minimum pool size: undefined/unknown
	Maximum pool size: undefined/unknown
2025-10-26T11:52:51.992+05:30  INFO 6219 --- [SneakoAplication] [main] o.h.e.t.j.p.i.JtaPlatformInitiator       : HHH000489: No JTA platform available (set 'hibernate.transaction.jta.platform' to enable JTA platform integration)
2025-10-26T11:52:52.007+05:30 DEBUG 6219 --- [SneakoAplication] [main] org.hibernate.SQL                        : create table cart (id bigint not null auto_increment, created_at datetime(6), total_item integer, total_price decimal(10,2), updated_at datetime(6), user_id bigint, primary key (id)) engine=InnoDB
2025-10-26T11:52:52.013+05:30 DEBUG 6219 --- [SneakoAplication] [main] org.hibernate.SQL                        : create table cart_item (cart_item_id bigint not null auto_increment, created_at datetime(6), product_id bigint, quantity bigint, size bigint not null, total_price decimal(38,2), unit_price decimal(38,2), updated_at datetime(6), cart_id bigint not null, primary key (cart_item_id)) engine=InnoDB
2025-10-26T11:52:52.019+05:30 DEBUG 6219 --- [SneakoAplication] [main] org.hibernate.SQL                        : create table category (categoryid bigint not null auto_increment, created_at datetime(6), created_by varchar(255), name varchar(255), updated_at datetime(6), updated_by varchar(255), version bigint, primary key (categoryid)) engine=InnoDB
2025-10-26T11:52:52.024+05:30 DEBUG 6219 --- [SneakoAplication] [main] org.hibernate.SQL                        : create table order_item (order_item_id bigint not null auto_increment, created_at datetime(6), product_id bigint, quantity bigint, size bigint, total_price decimal(38,2), unit_price decimal(38,2), updated_at datetime(6), version bigint, order_id bigint not null, primary key (order_item_id)) engine=InnoDB
2025-10-26T11:52:52.028+05:30 DEBUG 6219 --- [SneakoAplication] [main] org.hibernate.SQL                        : create table order_tbl (order_id bigint not null auto_increment, created_at datetime(6), order_date datetime(6), order_status varchar(255), shipping_address varchar(512), total_price decimal(38,2), updated_at datetime(6), user_id bigint, version bigint, primary key (order_id)) engine=InnoDB
2025-10-26T11:52:52.032+05:30 DEBUG 6219 --- [SneakoAplication] [main] org.hibernate.SQL                        : create table product (productid bigint not null auto_increment, created_at datetime(6), created_by varchar(255), description varchar(255), image_url varchar(255), price decimal(38,2), product_name varchar(255), stock_quantity bigint, updated_at datetime(6), updated_by varchar(255), version bigint, categoryid bigint, primary key (productid)) engine=InnoDB
2025-10-26T11:52:52.037+05:30 DEBUG 6219 --- [SneakoAplication] [main] org.hibernate.SQL                        : create table roles (role_id bigint not null auto_increment, created_at datetime(6), name varchar(255), updated_at datetime(6), version bigint, primary key (role_id)) engine=InnoDB
2025-10-26T11:52:52.041+05:30 DEBUG 6219 --- [SneakoAplication] [main] org.hibernate.SQL                        : create table user_roles (user_id bigint not null, role_id bigint not null) engine=InnoDB
2025-10-26T11:52:52.045+05:30 DEBUG 6219 --- [SneakoAplication] [main] org.hibernate.SQL                        : create table users (userid bigint not null auto_increment, address varchar(255), created_at datetime(6), email varchar(255) not null, password varchar(255) not null, phone_number bigint, updated_at datetime(6), user_name varchar(255) not null, version bigint, primary key (userid)) engine=InnoDB
2025-10-26T11:52:52.050+05:30 DEBUG 6219 --- [SneakoAplication] [main] org.hibernate.SQL                        : create index idx_users_username on users (user_name)
2025-10-26T11:52:52.056+05:30 DEBUG 6219 --- [SneakoAplication] [main] org.hibernate.SQL                        : create index idx_users_email on users (email)
2025-10-26T11:52:52.060+05:30 DEBUG 6219 --- [SneakoAplication] [main] org.hibernate.SQL                        : alter table users drop index UK6dotkott2kjsp8vw4d0m25fb7
2025-10-26T11:52:52.062+05:30 DEBUG 6219 --- [SneakoAplication] [main] org.hibernate.SQL                        : alter table users add constraint UK6dotkott2kjsp8vw4d0m25fb7 unique (email)
2025-10-26T11:52:52.067+05:30 DEBUG 6219 --- [SneakoAplication] [main] org.hibernate.SQL                        : alter table users drop index UKk8d0f2n7n88w1a16yhua64onx
2025-10-26T11:52:52.067+05:30 DEBUG 6219 --- [SneakoAplication] [main] org.hibernate.SQL                        : alter table users add constraint UKk8d0f2n7n88w1a16yhua64onx unique (user_name)
2025-10-26T11:52:52.073+05:30 DEBUG 6219 --- [SneakoAplication] [main] org.hibernate.SQL                        : alter table cart_item add constraint FK1uobyhgl1wvgt1jpccia8xxs3 foreign key (cart_id) references cart (id)
2025-10-26T11:52:52.088+05:30 DEBUG 6219 --- [SneakoAplication] [main] org.hibernate.SQL                        : alter table order_item add constraint FKoobh6e7a2npf6n1lwvukx0c83 foreign key (order_id) references order_tbl (order_id)
2025-10-26T11:52:52.097+05:30 DEBUG 6219 --- [SneakoAplication] [main] org.hibernate.SQL                        : alter table product add constraint FK4ort9abhumpx4t2mlngljr1vi foreign key (categoryid) references category (categoryid)
2025-10-26T11:52:52.106+05:30 DEBUG 6219 --- [SneakoAplication] [main] org.hibernate.SQL                        : alter table user_roles add constraint FKh8ciramu9cc9q3qcqiv4ue8a6 foreign key (role_id) references roles (role_id)
2025-10-26T11:52:52.114+05:30 DEBUG 6219 --- [SneakoAplication] [main] org.hibernate.SQL                        : alter table user_roles add constraint FKhfh9dx7w3ubf1co1vdev94g3f foreign key (user_id) references users (userid)
2025-10-26T11:52:52.124+05:30  INFO 6219 --- [SneakoAplication] [main] j.LocalContainerEntityManagerFactoryBean : Initialized JPA EntityManagerFactory for persistence unit 'default'
2025-10-26T11:52:52.366+05:30  WARN 6219 --- [SneakoAplication] [main] JpaBaseConfiguration$JpaWebConfiguration : spring.jpa.open-in-view is enabled by default. Therefore, database queries may be performed during view rendering. Explicitly configure spring.jpa.open-in-view to disable this warning
2025-10-26T11:52:52.374+05:30  INFO 6219 --- [SneakoAplication] [main] eAuthenticationProviderManagerConfigurer : Global AuthenticationManager configured with AuthenticationProvider bean with name daoAuthenticationProvider
2025-10-26T11:52:52.374+05:30  WARN 6219 --- [SneakoAplication] [main] r$InitializeUserDetailsManagerConfigurer : Global AuthenticationManager configured with an AuthenticationProvider bean. UserDetailsService beans will not be used by Spring Security for automatically configuring username/password login. Consider removing the AuthenticationProvider bean. Alternatively, consider using the UserDetailsService in a manually instantiated DaoAuthenticationProvider. If the current configuration is intentional, to turn off this warning, increase the logging level of 'org.springframework.security.config.annotation.authentication.configuration.InitializeUserDetailsBeanManagerConfigurer' to ERROR
2025-10-26T11:52:52.598+05:30  INFO 6219 --- [SneakoAplication] [main] o.s.b.a.h2.H2ConsoleAutoConfiguration    : H2 console available at '/h2-console'. Database available at 'jdbc:mysql://localhost:3306/sneako?allowPublicKeyRetrieval=true&createDatabaseIfNotExist=true&useSSL=false'
2025-10-26T11:52:52.638+05:30  INFO 6219 --- [SneakoAplication] [main] o.s.b.w.embedded.tomcat.TomcatWebServer  : Tomcat started on port 8085 (http) with context path '/'
2025-10-26T11:52:52.662+05:30  INFO 6219 --- [SneakoAplication] [main] o.s.b.w.embedded.tomcat.TomcatWebServer  : Tomcat initialized with port 8086 (http)
2025-10-26T11:52:52.663+05:30  INFO 6219 --- [SneakoAplication] [main] o.apache.catalina.core.StandardService   : Starting service [Tomcat]
2025-10-26T11:52:52.663+05:30  INFO 6219 --- [SneakoAplication] [main] o.apache.catalina.core.StandardEngine    : Starting Servlet engine: [Apache Tomcat/10.1.46]
2025-10-26T11:52:52.668+05:30  INFO 6219 --- [SneakoAplication] [main] o.a.c.c.C.[Tomcat-1].[localhost].[/]     : Initializing Spring embedded WebApplicationContext
2025-10-26T11:52:52.668+05:30  INFO 6219 --- [SneakoAplication] [main] w.s.c.ServletWebServerApplicationContext : Root WebApplicationContext: initialization completed in 29 ms
2025-10-26T11:52:52.673+05:30  INFO 6219 --- [SneakoAplication] [main] o.s.b.a.e.web.EndpointLinksResolver      : Exposing 14 endpoints beneath base path '/actuator'
2025-10-26T11:52:52.690+05:30  INFO 6219 --- [SneakoAplication] [main] o.s.b.w.embedded.tomcat.TomcatWebServer  : Tomcat started on port 8086 (http) with context path '/'
2025-10-26T11:52:52.698+05:30  INFO 6219 --- [SneakoAplication] [main] o.g.a.SneakoAplication.SneakoAplication  : Started SneakoAplication in 2.464 seconds (process running for 2.595)
2025-10-26T11:52:52.771+05:30 DEBUG 6219 --- [SneakoAplication] [main] org.hibernate.SQL                        : select r1_0.role_id,r1_0.created_at,r1_0.name,r1_0.updated_at,r1_0.version from roles r1_0 where r1_0.name=?
2025-10-26T11:52:52.788+05:30 DEBUG 6219 --- [SneakoAplication] [main] org.hibernate.SQL                        : insert into roles (created_at,name,updated_at,version) values (?,?,?,?)
2025-10-26T11:52:52.796+05:30 DEBUG 6219 --- [SneakoAplication] [main] org.hibernate.SQL                        : select r1_0.role_id,r1_0.created_at,r1_0.name,r1_0.updated_at,r1_0.version from roles r1_0 where r1_0.name=?
2025-10-26T11:52:52.797+05:30 DEBUG 6219 --- [SneakoAplication] [main] org.hibernate.SQL                        : insert into roles (created_at,name,updated_at,version) values (?,?,?,?)
2025-10-26T11:52:52.799+05:30 DEBUG 6219 --- [SneakoAplication] [main] org.hibernate.SQL                        : select u1_0.userid,u1_0.address,u1_0.created_at,u1_0.email,u1_0.password,u1_0.phone_number,u1_0.updated_at,u1_0.user_name,u1_0.version from users u1_0 where u1_0.user_name=?
2025-10-26T11:52:52.866+05:30 DEBUG 6219 --- [SneakoAplication] [main] org.hibernate.SQL                        : insert into users (address,created_at,email,password,phone_number,updated_at,user_name,version) values (?,?,?,?,?,?,?,?)
2025-10-26T11:52:52.869+05:30 DEBUG 6219 --- [SneakoAplication] [main] org.hibernate.SQL                        : insert into user_roles (user_id,role_id) values (?,?)
2025-10-26T11:52:58.286+05:30  INFO 6219 --- [SneakoAplication] [http-nio-8085-exec-2] o.a.c.c.C.[Tomcat].[localhost].[/]       : Initializing Spring DispatcherServlet 'dispatcherServlet'
2025-10-26T11:52:58.286+05:30  INFO 6219 --- [SneakoAplication] [http-nio-8085-exec-2] o.s.web.servlet.DispatcherServlet        : Initializing Servlet 'dispatcherServlet'
2025-10-26T11:52:58.287+05:30  INFO 6219 --- [SneakoAplication] [http-nio-8085-exec-2] o.s.web.servlet.DispatcherServlet        : Completed initialization in 1 ms
2025-10-26T11:52:58.335+05:30 DEBUG 6219 --- [SneakoAplication] [http-nio-8085-exec-2] org.hibernate.SQL                        : select o1_0.order_id,o1_0.created_at,o1_0.order_date,o1_0.order_status,o1_0.shipping_address,o1_0.total_price,o1_0.updated_at,o1_0.user_id,o1_0.version from order_tbl o1_0 where o1_0.order_id=?
2025-10-26T11:52:58.339+05:30 ERROR 6219 --- [SneakoAplication] [http-nio-8085-exec-2] o.a.c.c.C.[.[.[/].[dispatcherServlet]    : Servlet.service() for servlet [dispatcherServlet] in context with path [] threw exception [Request processing failed: java.lang.RuntimeException: Order not found] with root cause

java.lang.RuntimeException: Order not found
	at org.genc.app.SneakoAplication.service.api.impl.OrderItemServiceImpl.lambda$createOrderItem$0(OrderItemServiceImpl.java:28) ~[classes/:na]
	at java.base/java.util.Optional.orElseThrow(Optional.java:403) ~[na:na]
	at org.genc.app.SneakoAplication.service.api.impl.OrderItemServiceImpl.createOrderItem(OrderItemServiceImpl.java:28) ~[classes/:na]
	at java.base/jdk.internal.reflect.DirectMethodHandleAccessor.invoke(DirectMethodHandleAccessor.java:104) ~[na:na]
	at java.base/java.lang.reflect.Method.invoke(Method.java:565) ~[na:na]
	at org.springframework.aop.support.AopUtils.invokeJoinpointUsingReflection(AopUtils.java:360) ~[spring-aop-6.2.11.jar:6.2.11]
	at org.springframework.aop.framework.ReflectiveMethodInvocation.invokeJoinpoint(ReflectiveMethodInvocation.java:196) ~[spring-aop-6.2.11.jar:6.2.11]
	at org.springframework.aop.framework.ReflectiveMethodInvocation.proceed(ReflectiveMethodInvocation.java:163) ~[spring-aop-6.2.11.jar:6.2.11]
	at org.springframework.transaction.interceptor.TransactionAspectSupport.invokeWithinTransaction(TransactionAspectSupport.java:380) ~[spring-tx-6.2.11.jar:6.2.11]
	at org.springframework.transaction.interceptor.TransactionInterceptor.invoke(TransactionInterceptor.java:119) ~[spring-tx-6.2.11.jar:6.2.11]
	at org.springframework.aop.framework.ReflectiveMethodInvocation.proceed(ReflectiveMethodInvocation.java:184) ~[spring-aop-6.2.11.jar:6.2.11]
	at org.springframework.aop.framework.CglibAopProxy$DynamicAdvisedInterceptor.intercept(CglibAopProxy.java:728) ~[spring-aop-6.2.11.jar:6.2.11]
	at org.genc.app.SneakoAplication.service.api.impl.OrderItemServiceImpl$$SpringCGLIB$$0.createOrderItem(<generated>) ~[classes/:na]
	at org.genc.app.SneakoAplication.contoller.OrderItemController.createOrderItem(OrderItemController.java:21) ~[classes/:na]
	at java.base/jdk.internal.reflect.DirectMethodHandleAccessor.invoke(DirectMethodHandleAccessor.java:104) ~[na:na]
	at java.base/java.lang.reflect.Method.invoke(Method.java:565) ~[na:na]
	at org.springframework.web.method.support.InvocableHandlerMethod.doInvoke(InvocableHandlerMethod.java:258) ~[spring-web-6.2.11.jar:6.2.11]
	at org.springframework.web.method.support.InvocableHandlerMethod.invokeForRequest(InvocableHandlerMethod.java:191) ~[spring-web-6.2.11.jar:6.2.11]
	at org.springframework.web.servlet.mvc.method.annotation.ServletInvocableHandlerMethod.invokeAndHandle(ServletInvocableHandlerMethod.java:118) ~[spring-webmvc-6.2.11.jar:6.2.11]
	at org.springframework.web.servlet.mvc.method.annotation.RequestMappingHandlerAdapter.invokeHandlerMethod(RequestMappingHandlerAdapter.java:991) ~[spring-webmvc-6.2.11.jar:6.2.11]
	at org.springframework.web.servlet.mvc.method.annotation.RequestMappingHandlerAdapter.handleInternal(RequestMappingHandlerAdapter.java:896) ~[spring-webmvc-6.2.11.jar:6.2.11]
	at org.springframework.web.servlet.mvc.method.AbstractHandlerMethodAdapter.handle(AbstractHandlerMethodAdapter.java:87) ~[spring-webmvc-6.2.11.jar:6.2.11]
	at org.springframework.web.servlet.DispatcherServlet.doDispatch(DispatcherServlet.java:1089) ~[spring-webmvc-6.2.11.jar:6.2.11]
	at org.springframework.web.servlet.DispatcherServlet.doService(DispatcherServlet.java:979) ~[spring-webmvc-6.2.11.jar:6.2.11]
	at org.springframework.web.servlet.FrameworkServlet.processRequest(FrameworkServlet.java:1014) ~[spring-webmvc-6.2.11.jar:6.2.11]
	at org.springframework.web.servlet.FrameworkServlet.doPost(FrameworkServlet.java:914) ~[spring-webmvc-6.2.11.jar:6.2.11]
	at jakarta.servlet.http.HttpServlet.service(HttpServlet.java:590) ~[tomcat-embed-core-10.1.46.jar:6.0]
	at org.springframework.web.servlet.FrameworkServlet.service(FrameworkServlet.java:885) ~[spring-webmvc-6.2.11.jar:6.2.11]
	at jakarta.servlet.http.HttpServlet.service(HttpServlet.java:658) ~[tomcat-embed-core-10.1.46.jar:6.0]
	at org.apache.catalina.core.ApplicationFilterChain.internalDoFilter(ApplicationFilterChain.java:195) ~[tomcat-embed-core-10.1.46.jar:10.1.46]
	at org.apache.catalina.core.ApplicationFilterChain.doFilter(ApplicationFilterChain.java:140) ~[tomcat-embed-core-10.1.46.jar:10.1.46]
	at org.apache.tomcat.websocket.server.WsFilter.doFilter(WsFilter.java:51) ~[tomcat-embed-websocket-10.1.46.jar:10.1.46]
	at org.apache.catalina.core.ApplicationFilterChain.internalDoFilter(ApplicationFilterChain.java:164) ~[tomcat-embed-core-10.1.46.jar:10.1.46]
	at org.apache.catalina.core.ApplicationFilterChain.doFilter(ApplicationFilterChain.java:140) ~[tomcat-embed-core-10.1.46.jar:10.1.46]
	at org.genc.app.SneakoAplication.security.JwtAuthenticationFilter.doFilterInternal(JwtAuthenticationFilter.java:41) ~[classes/:na]
	at org.springframework.web.filter.OncePerRequestFilter.doFilter(OncePerRequestFilter.java:116) ~[spring-web-6.2.11.jar:6.2.11]
	at org.apache.catalina.core.ApplicationFilterChain.internalDoFilter(ApplicationFilterChain.java:164) ~[tomcat-embed-core-10.1.46.jar:10.1.46]
	at org.apache.catalina.core.ApplicationFilterChain.doFilter(ApplicationFilterChain.java:140) ~[tomcat-embed-core-10.1.46.jar:10.1.46]
	at org.springframework.web.filter.CompositeFilter$VirtualFilterChain.doFilter(CompositeFilter.java:108) ~[spring-web-6.2.11.jar:6.2.11]
	at org.springframework.web.filter.CompositeFilter$VirtualFilterChain.doFilter(CompositeFilter.java:108) ~[spring-web-6.2.11.jar:6.2.11]
	at org.springframework.security.web.FilterChainProxy.lambda$doFilterInternal$3(FilterChainProxy.java:231) ~[spring-security-web-6.5.5.jar:6.5.5]
	at org.springframework.security.web.ObservationFilterChainDecorator$FilterObservation$SimpleFilterObservation.lambda$wrap$1(ObservationFilterChainDecorator.java:490) ~[spring-security-web-6.5.5.jar:6.5.5]
	at org.springframework.security.web.ObservationFilterChainDecorator$AroundFilterObservation$SimpleAroundFilterObservation.lambda$wrap$1(ObservationFilterChainDecorator.java:351) ~[spring-security-web-6.5.5.jar:6.5.5]
	at org.springframework.security.web.ObservationFilterChainDecorator.lambda$wrapSecured$0(ObservationFilterChainDecorator.java:83) ~[spring-security-web-6.5.5.jar:6.5.5]
	at org.springframework.security.web.ObservationFilterChainDecorator$VirtualFilterChain.doFilter(ObservationFilterChainDecorator.java:129) ~[spring-security-web-6.5.5.jar:6.5.5]
	at org.springframework.security.web.access.intercept.AuthorizationFilter.doFilter(AuthorizationFilter.java:101) ~[spring-security-web-6.5.5.jar:6.5.5]
	at org.springframework.security.web.ObservationFilterChainDecorator$ObservationFilter.wrapFilter(ObservationFilterChainDecorator.java:241) ~[spring-security-web-6.5.5.jar:6.5.5]
	at org.springframework.security.web.ObservationFilterChainDecorator$ObservationFilter.doFilter(ObservationFilterChainDecorator.java:228) ~[spring-security-web-6.5.5.jar:6.5.5]
	at org.springframework.security.web.ObservationFilterChainDecorator$VirtualFilterChain.doFilter(ObservationFilterChainDecorator.java:138) ~[spring-security-web-6.5.5.jar:6.5.5]
	at org.springframework.security.web.access.ExceptionTranslationFilter.doFilter(ExceptionTranslationFilter.java:125) ~[spring-security-web-6.5.5.jar:6.5.5]
	at org.springframework.security.web.access.ExceptionTranslationFilter.doFilter(ExceptionTranslationFilter.java:119) ~[spring-security-web-6.5.5.jar:6.5.5]
	at org.springframework.security.web.ObservationFilterChainDecorator$ObservationFilter.wrapFilter(ObservationFilterChainDecorator.java:241) ~[spring-security-web-6.5.5.jar:6.5.5]
	at org.springframework.security.web.ObservationFilterChainDecorator$ObservationFilter.doFilter(ObservationFilterChainDecorator.java:228) ~[spring-security-web-6.5.5.jar:6.5.5]
	at org.springframework.security.web.ObservationFilterChainDecorator$VirtualFilterChain.doFilter(ObservationFilterChainDecorator.java:138) ~[spring-security-web-6.5.5.jar:6.5.5]
	at org.springframework.security.web.authentication.AnonymousAuthenticationFilter.doFilter(AnonymousAuthenticationFilter.java:100) ~[spring-security-web-6.5.5.jar:6.5.5]
	at org.springframework.security.web.ObservationFilterChainDecorator$ObservationFilter.wrapFilter(ObservationFilterChainDecorator.java:241) ~[spring-security-web-6.5.5.jar:6.5.5]
	at org.springframework.security.web.ObservationFilterChainDecorator$ObservationFilter.doFilter(ObservationFilterChainDecorator.java:228) ~[spring-security-web-6.5.5.jar:6.5.5]
	at org.springframework.security.web.ObservationFilterChainDecorator$VirtualFilterChain.doFilter(ObservationFilterChainDecorator.java:138) ~[spring-security-web-6.5.5.jar:6.5.5]
	at org.springframework.security.web.servletapi.SecurityContextHolderAwareRequestFilter.doFilter(SecurityContextHolderAwareRequestFilter.java:179) ~[spring-security-web-6.5.5.jar:6.5.5]
	at org.springframework.security.web.ObservationFilterChainDecorator$ObservationFilter.wrapFilter(ObservationFilterChainDecorator.java:241) ~[spring-security-web-6.5.5.jar:6.5.5]
	at org.springframework.security.web.ObservationFilterChainDecorator$ObservationFilter.doFilter(ObservationFilterChainDecorator.java:228) ~[spring-security-web-6.5.5.jar:6.5.5]
	at org.springframework.security.web.ObservationFilterChainDecorator$VirtualFilterChain.doFilter(ObservationFilterChainDecorator.java:138) ~[spring-security-web-6.5.5.jar:6.5.5]
	at org.springframework.security.web.savedrequest.RequestCacheAwareFilter.doFilter(RequestCacheAwareFilter.java:63) ~[spring-security-web-6.5.5.jar:6.5.5]
	at org.springframework.security.web.ObservationFilterChainDecorator$ObservationFilter.wrapFilter(ObservationFilterChainDecorator.java:241) ~[spring-security-web-6.5.5.jar:6.5.5]
	at org.springframework.security.web.ObservationFilterChainDecorator$ObservationFilter.doFilter(ObservationFilterChainDecorator.java:228) ~[spring-security-web-6.5.5.jar:6.5.5]
	at org.springframework.security.web.ObservationFilterChainDecorator$VirtualFilterChain.doFilter(ObservationFilterChainDecorator.java:138) ~[spring-security-web-6.5.5.jar:6.5.5]
	at org.springframework.security.web.authentication.logout.LogoutFilter.doFilter(LogoutFilter.java:107) ~[spring-security-web-6.5.5.jar:6.5.5]
	at org.springframework.security.web.authentication.logout.LogoutFilter.doFilter(LogoutFilter.java:93) ~[spring-security-web-6.5.5.jar:6.5.5]
	at org.springframework.security.web.ObservationFilterChainDecorator$ObservationFilter.wrapFilter(ObservationFilterChainDecorator.java:241) ~[spring-security-web-6.5.5.jar:6.5.5]
	at org.springframework.security.web.ObservationFilterChainDecorator$ObservationFilter.doFilter(ObservationFilterChainDecorator.java:228) ~[spring-security-web-6.5.5.jar:6.5.5]
	at org.springframework.security.web.ObservationFilterChainDecorator$VirtualFilterChain.doFilter(ObservationFilterChainDecorator.java:138) ~[spring-security-web-6.5.5.jar:6.5.5]
	at org.springframework.security.web.header.HeaderWriterFilter.doHeadersAfter(HeaderWriterFilter.java:90) ~[spring-security-web-6.5.5.jar:6.5.5]
	at org.springframework.security.web.header.HeaderWriterFilter.doFilterInternal(HeaderWriterFilter.java:75) ~[spring-security-web-6.5.5.jar:6.5.5]
	at org.springframework.web.filter.OncePerRequestFilter.doFilter(OncePerRequestFilter.java:116) ~[spring-web-6.2.11.jar:6.2.11]
	at org.springframework.security.web.ObservationFilterChainDecorator$ObservationFilter.wrapFilter(ObservationFilterChainDecorator.java:241) ~[spring-security-web-6.5.5.jar:6.5.5]
	at org.springframework.security.web.ObservationFilterChainDecorator$ObservationFilter.doFilter(ObservationFilterChainDecorator.java:228) ~[spring-security-web-6.5.5.jar:6.5.5]
	at org.springframework.security.web.ObservationFilterChainDecorator$VirtualFilterChain.doFilter(ObservationFilterChainDecorator.java:138) ~[spring-security-web-6.5.5.jar:6.5.5]
	at org.springframework.security.web.context.SecurityContextHolderFilter.doFilter(SecurityContextHolderFilter.java:82) ~[spring-security-web-6.5.5.jar:6.5.5]
	at org.springframework.security.web.context.SecurityContextHolderFilter.doFilter(SecurityContextHolderFilter.java:69) ~[spring-security-web-6.5.5.jar:6.5.5]
	at org.springframework.security.web.ObservationFilterChainDecorator$ObservationFilter.wrapFilter(ObservationFilterChainDecorator.java:241) ~[spring-security-web-6.5.5.jar:6.5.5]
	at org.springframework.security.web.ObservationFilterChainDecorator$ObservationFilter.doFilter(ObservationFilterChainDecorator.java:228) ~[spring-security-web-6.5.5.jar:6.5.5]
	at org.springframework.security.web.ObservationFilterChainDecorator$VirtualFilterChain.doFilter(ObservationFilterChainDecorator.java:138) ~[spring-security-web-6.5.5.jar:6.5.5]
	at org.springframework.security.web.context.request.async.WebAsyncManagerIntegrationFilter.doFilterInternal(WebAsyncManagerIntegrationFilter.java:62) ~[spring-security-web-6.5.5.jar:6.5.5]
	at org.springframework.web.filter.OncePerRequestFilter.doFilter(OncePerRequestFilter.java:116) ~[spring-web-6.2.11.jar:6.2.11]
	at org.springframework.security.web.ObservationFilterChainDecorator$ObservationFilter.wrapFilter(ObservationFilterChainDecorator.java:241) ~[spring-security-web-6.5.5.jar:6.5.5]
	at org.springframework.security.web.ObservationFilterChainDecorator$ObservationFilter.doFilter(ObservationFilterChainDecorator.java:228) ~[spring-security-web-6.5.5.jar:6.5.5]
	at org.springframework.security.web.ObservationFilterChainDecorator$VirtualFilterChain.doFilter(ObservationFilterChainDecorator.java:138) ~[spring-security-web-6.5.5.jar:6.5.5]
	at org.springframework.security.web.session.DisableEncodeUrlFilter.doFilterInternal(DisableEncodeUrlFilter.java:42) ~[spring-security-web-6.5.5.jar:6.5.5]
	at org.springframework.web.filter.OncePerRequestFilter.doFilter(OncePerRequestFilter.java:116) ~[spring-web-6.2.11.jar:6.2.11]
	at org.springframework.security.web.ObservationFilterChainDecorator$ObservationFilter.wrapFilter(ObservationFilterChainDecorator.java:241) ~[spring-security-web-6.5.5.jar:6.5.5]
	at org.springframework.security.web.ObservationFilterChainDecorator$AroundFilterObservation$SimpleAroundFilterObservation.lambda$wrap$0(ObservationFilterChainDecorator.java:334) ~[spring-security-web-6.5.5.jar:6.5.5]
	at org.springframework.security.web.ObservationFilterChainDecorator$ObservationFilter.doFilter(ObservationFilterChainDecorator.java:225) ~[spring-security-web-6.5.5.jar:6.5.5]
	at org.springframework.security.web.ObservationFilterChainDecorator$VirtualFilterChain.doFilter(ObservationFilterChainDecorator.java:138) ~[spring-security-web-6.5.5.jar:6.5.5]
	at org.springframework.security.web.FilterChainProxy.doFilterInternal(FilterChainProxy.java:233) ~[spring-security-web-6.5.5.jar:6.5.5]
	at org.springframework.security.web.FilterChainProxy.doFilter(FilterChainProxy.java:191) ~[spring-security-web-6.5.5.jar:6.5.5]
	at org.springframework.web.filter.CompositeFilter$VirtualFilterChain.doFilter(CompositeFilter.java:113) ~[spring-web-6.2.11.jar:6.2.11]
	at org.springframework.web.filter.ServletRequestPathFilter.doFilter(ServletRequestPathFilter.java:52) ~[spring-web-6.2.11.jar:6.2.11]
	at org.springframework.web.filter.CompositeFilter$VirtualFilterChain.doFilter(CompositeFilter.java:113) ~[spring-web-6.2.11.jar:6.2.11]
	at org.springframework.web.filter.CompositeFilter.doFilter(CompositeFilter.java:74) ~[spring-web-6.2.11.jar:6.2.11]
	at org.springframework.security.config.annotation.web.configuration.WebSecurityConfiguration$CompositeFilterChainProxy.doFilter(WebSecurityConfiguration.java:319) ~[spring-security-config-6.5.5.jar:6.5.5]
	at org.springframework.web.filter.CompositeFilter$VirtualFilterChain.doFilter(CompositeFilter.java:113) ~[spring-web-6.2.11.jar:6.2.11]
	at org.springframework.web.servlet.handler.HandlerMappingIntrospector.lambda$createCacheFilter$4(HandlerMappingIntrospector.java:267) ~[spring-webmvc-6.2.11.jar:6.2.11]
	at org.springframework.web.filter.CompositeFilter$VirtualFilterChain.doFilter(CompositeFilter.java:113) ~[spring-web-6.2.11.jar:6.2.11]
	at org.springframework.web.filter.CompositeFilter.doFilter(CompositeFilter.java:74) ~[spring-web-6.2.11.jar:6.2.11]
	at org.springframework.security.config.annotation.web.configuration.WebMvcSecurityConfiguration$CompositeFilterChainProxy.doFilter(WebMvcSecurityConfiguration.java:240) ~[spring-security-config-6.5.5.jar:6.5.5]
	at org.springframework.web.filter.DelegatingFilterProxy.invokeDelegate(DelegatingFilterProxy.java:362) ~[spring-web-6.2.11.jar:6.2.11]
	at org.springframework.web.filter.DelegatingFilterProxy.doFilter(DelegatingFilterProxy.java:278) ~[spring-web-6.2.11.jar:6.2.11]
	at org.apache.catalina.core.ApplicationFilterChain.internalDoFilter(ApplicationFilterChain.java:164) ~[tomcat-embed-core-10.1.46.jar:10.1.46]
	at org.apache.catalina.core.ApplicationFilterChain.doFilter(ApplicationFilterChain.java:140) ~[tomcat-embed-core-10.1.46.jar:10.1.46]
	at org.springframework.web.filter.RequestContextFilter.doFilterInternal(RequestContextFilter.java:100) ~[spring-web-6.2.11.jar:6.2.11]
	at org.springframework.web.filter.OncePerRequestFilter.doFilter(OncePerRequestFilter.java:116) ~[spring-web-6.2.11.jar:6.2.11]
	at org.apache.catalina.core.ApplicationFilterChain.internalDoFilter(ApplicationFilterChain.java:164) ~[tomcat-embed-core-10.1.46.jar:10.1.46]
	at org.apache.catalina.core.ApplicationFilterChain.doFilter(ApplicationFilterChain.java:140) ~[tomcat-embed-core-10.1.46.jar:10.1.46]
	at org.springframework.web.filter.FormContentFilter.doFilterInternal(FormContentFilter.java:93) ~[spring-web-6.2.11.jar:6.2.11]
	at org.springframework.web.filter.OncePerRequestFilter.doFilter(OncePerRequestFilter.java:116) ~[spring-web-6.2.11.jar:6.2.11]
	at org.apache.catalina.core.ApplicationFilterChain.internalDoFilter(ApplicationFilterChain.java:164) ~[tomcat-embed-core-10.1.46.jar:10.1.46]
	at org.apache.catalina.core.ApplicationFilterChain.doFilter(ApplicationFilterChain.java:140) ~[tomcat-embed-core-10.1.46.jar:10.1.46]
	at org.springframework.web.filter.ServerHttpObservationFilter.doFilterInternal(ServerHttpObservationFilter.java:110) ~[spring-web-6.2.11.jar:6.2.11]
	at org.springframework.web.filter.OncePerRequestFilter.doFilter(OncePerRequestFilter.java:116) ~[spring-web-6.2.11.jar:6.2.11]
	at org.apache.catalina.core.ApplicationFilterChain.internalDoFilter(ApplicationFilterChain.java:164) ~[tomcat-embed-core-10.1.46.jar:10.1.46]
	at org.apache.catalina.core.ApplicationFilterChain.doFilter(ApplicationFilterChain.java:140) ~[tomcat-embed-core-10.1.46.jar:10.1.46]
	at org.springframework.web.filter.CharacterEncodingFilter.doFilterInternal(CharacterEncodingFilter.java:201) ~[spring-web-6.2.11.jar:6.2.11]
	at org.springframework.web.filter.OncePerRequestFilter.doFilter(OncePerRequestFilter.java:116) ~[spring-web-6.2.11.jar:6.2.11]
	at org.apache.catalina.core.ApplicationFilterChain.internalDoFilter(ApplicationFilterChain.java:164) ~[tomcat-embed-core-10.1.46.jar:10.1.46]
	at org.apache.catalina.core.ApplicationFilterChain.doFilter(ApplicationFilterChain.java:140) ~[tomcat-embed-core-10.1.46.jar:10.1.46]
	at org.apache.catalina.core.StandardWrapperValve.invoke(StandardWrapperValve.java:167) ~[tomcat-embed-core-10.1.46.jar:10.1.46]
	at org.apache.catalina.core.StandardContextValve.invoke(StandardContextValve.java:90) ~[tomcat-embed-core-10.1.46.jar:10.1.46]
	at org.apache.catalina.authenticator.AuthenticatorBase.invoke(AuthenticatorBase.java:483) ~[tomcat-embed-core-10.1.46.jar:10.1.46]
	at org.apache.catalina.core.StandardHostValve.invoke(StandardHostValve.java:116) ~[tomcat-embed-core-10.1.46.jar:10.1.46]
	at org.apache.catalina.valves.ErrorReportValve.invoke(ErrorReportValve.java:93) ~[tomcat-embed-core-10.1.46.jar:10.1.46]
	at org.apache.catalina.core.StandardEngineValve.invoke(StandardEngineValve.java:74) ~[tomcat-embed-core-10.1.46.jar:10.1.46]
	at org.apache.catalina.connector.CoyoteAdapter.service(CoyoteAdapter.java:344) ~[tomcat-embed-core-10.1.46.jar:10.1.46]
	at org.apache.coyote.http11.Http11Processor.service(Http11Processor.java:398) ~[tomcat-embed-core-10.1.46.jar:10.1.46]
	at org.apache.coyote.AbstractProcessorLight.process(AbstractProcessorLight.java:63) ~[tomcat-embed-core-10.1.46.jar:10.1.46]
	at org.apache.coyote.AbstractProtocol$ConnectionHandler.process(AbstractProtocol.java:903) ~[tomcat-embed-core-10.1.46.jar:10.1.46]
	at org.apache.tomcat.util.net.NioEndpoint$SocketProcessor.doRun(NioEndpoint.java:1776) ~[tomcat-embed-core-10.1.46.jar:10.1.46]
	at org.apache.tomcat.util.net.SocketProcessorBase.run(SocketProcessorBase.java:52) ~[tomcat-embed-core-10.1.46.jar:10.1.46]
	at org.apache.tomcat.util.threads.ThreadPoolExecutor.runWorker(ThreadPoolExecutor.java:975) ~[tomcat-embed-core-10.1.46.jar:10.1.46]
	at org.apache.tomcat.util.threads.ThreadPoolExecutor$Worker.run(ThreadPoolExecutor.java:493) ~[tomcat-embed-core-10.1.46.jar:10.1.46]
	at org.apache.tomcat.util.threads.TaskThread$WrappingRunnable.run(TaskThread.java:63) ~[tomcat-embed-core-10.1.46.jar:10.1.46]
	at java.base/java.lang.Thread.run(Thread.java:1447) ~[na:na]

2025-10-26T11:53:44.857+05:30 DEBUG 6219 --- [SneakoAplication] [http-nio-8085-exec-3] org.hibernate.SQL                        : select o1_0.order_id,o1_0.created_at,o1_0.order_date,o1_0.order_status,o1_0.shipping_address,o1_0.total_price,o1_0.updated_at,o1_0.user_id,o1_0.version from order_tbl o1_0 where o1_0.order_id=?
2025-10-26T11:53:44.866+05:30 DEBUG 6219 --- [SneakoAplication] [http-nio-8085-exec-3] org.hibernate.SQL                        : insert into order_item (created_at,order_id,product_id,quantity,size,total_price,unit_price,updated_at,version) values (?,?,?,?,?,?,?,?,?)
2025-10-26T11:53:44.875+05:30 DEBUG 6219 --- [SneakoAplication] [http-nio-8085-exec-3] org.hibernate.SQL                        : select oi1_0.order_item_id,oi1_0.created_at,oi1_0.order_id,oi1_0.product_id,oi1_0.quantity,oi1_0.size,oi1_0.total_price,oi1_0.unit_price,oi1_0.updated_at,oi1_0.version from order_item oi1_0 left join order_tbl o1_0 on o1_0.order_id=oi1_0.order_id where o1_0.order_id=?
2025-10-26T11:53:44.887+05:30 ERROR 6219 --- [SneakoAplication] [http-nio-8085-exec-3] o.a.c.c.C.[.[.[/].[dispatcherServlet]    : Servlet.service() for servlet [dispatcherServlet] in context with path [] threw exception [Request processing failed: org.springframework.transaction.TransactionSystemException: Could not commit JPA transaction] with root cause

java.lang.NullPointerException: Cannot invoke "java.lang.Long.longValue()" because "current" is null
	at org.hibernate.type.descriptor.java.LongJavaType.next(LongJavaType.java:213) ~[hibernate-core-6.6.29.Final.jar:6.6.29.Final]
	at org.hibernate.type.descriptor.java.LongJavaType.next(LongJavaType.java:24) ~[hibernate-core-6.6.29.Final.jar:6.6.29.Final]
	at org.hibernate.engine.internal.Versioning.increment(Versioning.java:167) ~[hibernate-core-6.6.29.Final.jar:6.6.29.Final]
	at org.hibernate.generator.internal.VersionGeneration.generate(VersionGeneration.java:51) ~[hibernate-core-6.6.29.Final.jar:6.6.29.Final]
	at org.hibernate.engine.internal.Versioning.incrementVersion(Versioning.java:152) ~[hibernate-core-6.6.29.Final.jar:6.6.29.Final]
	at org.hibernate.event.internal.DefaultFlushEntityEventListener.getNextVersion(DefaultFlushEntityEventListener.java:401) ~[hibernate-core-6.6.29.Final.jar:6.6.29.Final]
	at org.hibernate.event.internal.DefaultFlushEntityEventListener.scheduleUpdate(DefaultFlushEntityEventListener.java:247) ~[hibernate-core-6.6.29.Final.jar:6.6.29.Final]
	at org.hibernate.event.internal.DefaultFlushEntityEventListener.onFlushEntity(DefaultFlushEntityEventListener.java:143) ~[hibernate-core-6.6.29.Final.jar:6.6.29.Final]
	at org.hibernate.event.service.internal.EventListenerGroupImpl.fireEventOnEachListener(EventListenerGroupImpl.java:127) ~[hibernate-core-6.6.29.Final.jar:6.6.29.Final]
	at org.hibernate.event.internal.AbstractFlushingEventListener.flushEntities(AbstractFlushingEventListener.java:269) ~[hibernate-core-6.6.29.Final.jar:6.6.29.Final]
	at org.hibernate.event.internal.AbstractFlushingEventListener.flushEverythingToExecutions(AbstractFlushingEventListener.java:90) ~[hibernate-core-6.6.29.Final.jar:6.6.29.Final]
	at org.hibernate.event.internal.AbstractFlushingEventListener.flushEverythingToExecutions(AbstractFlushingEventListener.java:84) ~[hibernate-core-6.6.29.Final.jar:6.6.29.Final]
	at org.hibernate.event.internal.DefaultFlushEventListener.onFlush(DefaultFlushEventListener.java:40) ~[hibernate-core-6.6.29.Final.jar:6.6.29.Final]
	at org.hibernate.event.service.internal.EventListenerGroupImpl.fireEventOnEachListener(EventListenerGroupImpl.java:127) ~[hibernate-core-6.6.29.Final.jar:6.6.29.Final]
	at org.hibernate.internal.SessionImpl.doFlush(SessionImpl.java:1429) ~[hibernate-core-6.6.29.Final.jar:6.6.29.Final]
	at org.hibernate.internal.SessionImpl.managedFlush(SessionImpl.java:491) ~[hibernate-core-6.6.29.Final.jar:6.6.29.Final]
	at org.hibernate.internal.SessionImpl.flushBeforeTransactionCompletion(SessionImpl.java:2354) ~[hibernate-core-6.6.29.Final.jar:6.6.29.Final]
	at org.hibernate.internal.SessionImpl.beforeTransactionCompletion(SessionImpl.java:1978) ~[hibernate-core-6.6.29.Final.jar:6.6.29.Final]
	at org.hibernate.engine.jdbc.internal.JdbcCoordinatorImpl.beforeTransactionCompletion(JdbcCoordinatorImpl.java:439) ~[hibernate-core-6.6.29.Final.jar:6.6.29.Final]
	at org.hibernate.resource.transaction.backend.jdbc.internal.JdbcResourceLocalTransactionCoordinatorImpl.beforeCompletionCallback(JdbcResourceLocalTransactionCoordinatorImpl.java:169) ~[hibernate-core-6.6.29.Final.jar:6.6.29.Final]
	at org.hibernate.resource.transaction.backend.jdbc.internal.JdbcResourceLocalTransactionCoordinatorImpl$TransactionDriverControlImpl.commit(JdbcResourceLocalTransactionCoordinatorImpl.java:267) ~[hibernate-core-6.6.29.Final.jar:6.6.29.Final]
	at org.hibernate.engine.transaction.internal.TransactionImpl.commit(TransactionImpl.java:101) ~[hibernate-core-6.6.29.Final.jar:6.6.29.Final]
	at org.springframework.orm.jpa.JpaTransactionManager.doCommit(JpaTransactionManager.java:563) ~[spring-orm-6.2.11.jar:6.2.11]
	at org.springframework.transaction.support.AbstractPlatformTransactionManager.processCommit(AbstractPlatformTransactionManager.java:795) ~[spring-tx-6.2.11.jar:6.2.11]
	at org.springframework.transaction.support.AbstractPlatformTransactionManager.commit(AbstractPlatformTransactionManager.java:758) ~[spring-tx-6.2.11.jar:6.2.11]
	at org.springframework.transaction.interceptor.TransactionAspectSupport.commitTransactionAfterReturning(TransactionAspectSupport.java:698) ~[spring-tx-6.2.11.jar:6.2.11]
	at org.springframework.transaction.interceptor.TransactionAspectSupport.invokeWithinTransaction(TransactionAspectSupport.java:416) ~[spring-tx-6.2.11.jar:6.2.11]
	at org.springframework.transaction.interceptor.TransactionInterceptor.invoke(TransactionInterceptor.java:119) ~[spring-tx-6.2.11.jar:6.2.11]
	at org.springframework.aop.framework.ReflectiveMethodInvocation.proceed(ReflectiveMethodInvocation.java:184) ~[spring-aop-6.2.11.jar:6.2.11]
	at org.springframework.aop.framework.CglibAopProxy$DynamicAdvisedInterceptor.intercept(CglibAopProxy.java:728) ~[spring-aop-6.2.11.jar:6.2.11]
	at org.genc.app.SneakoAplication.service.api.impl.OrderItemServiceImpl$$SpringCGLIB$$0.createOrderItem(<generated>) ~[classes/:na]
	at org.genc.app.SneakoAplication.contoller.OrderItemController.createOrderItem(OrderItemController.java:21) ~[classes/:na]
	at java.base/jdk.internal.reflect.DirectMethodHandleAccessor.invoke(DirectMethodHandleAccessor.java:104) ~[na:na]
	at java.base/java.lang.reflect.Method.invoke(Method.java:565) ~[na:na]
	at org.springframework.web.method.support.InvocableHandlerMethod.doInvoke(InvocableHandlerMethod.java:258) ~[spring-web-6.2.11.jar:6.2.11]
	at org.springframework.web.method.support.InvocableHandlerMethod.invokeForRequest(InvocableHandlerMethod.java:191) ~[spring-web-6.2.11.jar:6.2.11]
	at org.springframework.web.servlet.mvc.method.annotation.ServletInvocableHandlerMethod.invokeAndHandle(ServletInvocableHandlerMethod.java:118) ~[spring-webmvc-6.2.11.jar:6.2.11]
	at org.springframework.web.servlet.mvc.method.annotation.RequestMappingHandlerAdapter.invokeHandlerMethod(RequestMappingHandlerAdapter.java:991) ~[spring-webmvc-6.2.11.jar:6.2.11]
	at org.springframework.web.servlet.mvc.method.annotation.RequestMappingHandlerAdapter.handleInternal(RequestMappingHandlerAdapter.java:896) ~[spring-webmvc-6.2.11.jar:6.2.11]
	at org.springframework.web.servlet.mvc.method.AbstractHandlerMethodAdapter.handle(AbstractHandlerMethodAdapter.java:87) ~[spring-webmvc-6.2.11.jar:6.2.11]
	at org.springframework.web.servlet.DispatcherServlet.doDispatch(DispatcherServlet.java:1089) ~[spring-webmvc-6.2.11.jar:6.2.11]
	at org.springframework.web.servlet.DispatcherServlet.doService(DispatcherServlet.java:979) ~[spring-webmvc-6.2.11.jar:6.2.11]
	at org.springframework.web.servlet.FrameworkServlet.processRequest(FrameworkServlet.java:1014) ~[spring-webmvc-6.2.11.jar:6.2.11]
	at org.springframework.web.servlet.FrameworkServlet.doPost(FrameworkServlet.java:914) ~[spring-webmvc-6.2.11.jar:6.2.11]
	at jakarta.servlet.http.HttpServlet.service(HttpServlet.java:590) ~[tomcat-embed-core-10.1.46.jar:6.0]
	at org.springframework.web.servlet.FrameworkServlet.service(FrameworkServlet.java:885) ~[spring-webmvc-6.2.11.jar:6.2.11]
	at jakarta.servlet.http.HttpServlet.service(HttpServlet.java:658) ~[tomcat-embed-core-10.1.46.jar:6.0]
	at org.apache.catalina.core.ApplicationFilterChain.internalDoFilter(ApplicationFilterChain.java:195) ~[tomcat-embed-core-10.1.46.jar:10.1.46]
	at org.apache.catalina.core.ApplicationFilterChain.doFilter(ApplicationFilterChain.java:140) ~[tomcat-embed-core-10.1.46.jar:10.1.46]
	at org.apache.tomcat.websocket.server.WsFilter.doFilter(WsFilter.java:51) ~[tomcat-embed-websocket-10.1.46.jar:10.1.46]
	at org.apache.catalina.core.ApplicationFilterChain.internalDoFilter(ApplicationFilterChain.java:164) ~[tomcat-embed-core-10.1.46.jar:10.1.46]
	at org.apache.catalina.core.ApplicationFilterChain.doFilter(ApplicationFilterChain.java:140) ~[tomcat-embed-core-10.1.46.jar:10.1.46]
	at org.genc.app.SneakoAplication.security.JwtAuthenticationFilter.doFilterInternal(JwtAuthenticationFilter.java:41) ~[classes/:na]
	at org.springframework.web.filter.OncePerRequestFilter.doFilter(OncePerRequestFilter.java:116) ~[spring-web-6.2.11.jar:6.2.11]
	at org.apache.catalina.core.ApplicationFilterChain.internalDoFilter(ApplicationFilterChain.java:164) ~[tomcat-embed-core-10.1.46.jar:10.1.46]
	at org.apache.catalina.core.ApplicationFilterChain.doFilter(ApplicationFilterChain.java:140) ~[tomcat-embed-core-10.1.46.jar:10.1.46]
	at org.springframework.web.filter.CompositeFilter$VirtualFilterChain.doFilter(CompositeFilter.java:108) ~[spring-web-6.2.11.jar:6.2.11]
	at org.springframework.web.filter.CompositeFilter$VirtualFilterChain.doFilter(CompositeFilter.java:108) ~[spring-web-6.2.11.jar:6.2.11]
	at org.springframework.security.web.FilterChainProxy.lambda$doFilterInternal$3(FilterChainProxy.java:231) ~[spring-security-web-6.5.5.jar:6.5.5]
	at org.springframework.security.web.ObservationFilterChainDecorator$FilterObservation$SimpleFilterObservation.lambda$wrap$1(ObservationFilterChainDecorator.java:490) ~[spring-security-web-6.5.5.jar:6.5.5]
	at org.springframework.security.web.ObservationFilterChainDecorator$AroundFilterObservation$SimpleAroundFilterObservation.lambda$wrap$1(ObservationFilterChainDecorator.java:351) ~[spring-security-web-6.5.5.jar:6.5.5]
	at org.springframework.security.web.ObservationFilterChainDecorator.lambda$wrapSecured$0(ObservationFilterChainDecorator.java:83) ~[spring-security-web-6.5.5.jar:6.5.5]
	at org.springframework.security.web.ObservationFilterChainDecorator$VirtualFilterChain.doFilter(ObservationFilterChainDecorator.java:129) ~[spring-security-web-6.5.5.jar:6.5.5]
	at org.springframework.security.web.access.intercept.AuthorizationFilter.doFilter(AuthorizationFilter.java:101) ~[spring-security-web-6.5.5.jar:6.5.5]
	at org.springframework.security.web.ObservationFilterChainDecorator$ObservationFilter.wrapFilter(ObservationFilterChainDecorator.java:241) ~[spring-security-web-6.5.5.jar:6.5.5]
	at org.springframework.security.web.ObservationFilterChainDecorator$ObservationFilter.doFilter(ObservationFilterChainDecorator.java:228) ~[spring-security-web-6.5.5.jar:6.5.5]
	at org.springframework.security.web.ObservationFilterChainDecorator$VirtualFilterChain.doFilter(ObservationFilterChainDecorator.java:138) ~[spring-security-web-6.5.5.jar:6.5.5]
	at org.springframework.security.web.access.ExceptionTranslationFilter.doFilter(ExceptionTranslationFilter.java:125) ~[spring-security-web-6.5.5.jar:6.5.5]
	at org.springframework.security.web.access.ExceptionTranslationFilter.doFilter(ExceptionTranslationFilter.java:119) ~[spring-security-web-6.5.5.jar:6.5.5]
	at org.springframework.security.web.ObservationFilterChainDecorator$ObservationFilter.wrapFilter(ObservationFilterChainDecorator.java:241) ~[spring-security-web-6.5.5.jar:6.5.5]
	at org.springframework.security.web.ObservationFilterChainDecorator$ObservationFilter.doFilter(ObservationFilterChainDecorator.java:228) ~[spring-security-web-6.5.5.jar:6.5.5]
	at org.springframework.security.web.ObservationFilterChainDecorator$VirtualFilterChain.doFilter(ObservationFilterChainDecorator.java:138) ~[spring-security-web-6.5.5.jar:6.5.5]
	at org.springframework.security.web.authentication.AnonymousAuthenticationFilter.doFilter(AnonymousAuthenticationFilter.java:100) ~[spring-security-web-6.5.5.jar:6.5.5]
	at org.springframework.security.web.ObservationFilterChainDecorator$ObservationFilter.wrapFilter(ObservationFilterChainDecorator.java:241) ~[spring-security-web-6.5.5.jar:6.5.5]
	at org.springframework.security.web.ObservationFilterChainDecorator$ObservationFilter.doFilter(ObservationFilterChainDecorator.java:228) ~[spring-security-web-6.5.5.jar:6.5.5]
	at org.springframework.security.web.ObservationFilterChainDecorator$VirtualFilterChain.doFilter(ObservationFilterChainDecorator.java:138) ~[spring-security-web-6.5.5.jar:6.5.5]
	at org.springframework.security.web.servletapi.SecurityContextHolderAwareRequestFilter.doFilter(SecurityContextHolderAwareRequestFilter.java:179) ~[spring-security-web-6.5.5.jar:6.5.5]
	at org.springframework.security.web.ObservationFilterChainDecorator$ObservationFilter.wrapFilter(ObservationFilterChainDecorator.java:241) ~[spring-security-web-6.5.5.jar:6.5.5]
	at org.springframework.security.web.ObservationFilterChainDecorator$ObservationFilter.doFilter(ObservationFilterChainDecorator.java:228) ~[spring-security-web-6.5.5.jar:6.5.5]
	at org.springframework.security.web.ObservationFilterChainDecorator$VirtualFilterChain.doFilter(ObservationFilterChainDecorator.java:138) ~[spring-security-web-6.5.5.jar:6.5.5]
	at org.springframework.security.web.savedrequest.RequestCacheAwareFilter.doFilter(RequestCacheAwareFilter.java:63) ~[spring-security-web-6.5.5.jar:6.5.5]
	at org.springframework.security.web.ObservationFilterChainDecorator$ObservationFilter.wrapFilter(ObservationFilterChainDecorator.java:241) ~[spring-security-web-6.5.5.jar:6.5.5]
	at org.springframework.security.web.ObservationFilterChainDecorator$ObservationFilter.doFilter(ObservationFilterChainDecorator.java:228) ~[spring-security-web-6.5.5.jar:6.5.5]
	at org.springframework.security.web.ObservationFilterChainDecorator$VirtualFilterChain.doFilter(ObservationFilterChainDecorator.java:138) ~[spring-security-web-6.5.5.jar:6.5.5]
	at org.springframework.security.web.authentication.logout.LogoutFilter.doFilter(LogoutFilter.java:107) ~[spring-security-web-6.5.5.jar:6.5.5]
	at org.springframework.security.web.authentication.logout.LogoutFilter.doFilter(LogoutFilter.java:93) ~[spring-security-web-6.5.5.jar:6.5.5]
	at org.springframework.security.web.ObservationFilterChainDecorator$ObservationFilter.wrapFilter(ObservationFilterChainDecorator.java:241) ~[spring-security-web-6.5.5.jar:6.5.5]
	at org.springframework.security.web.ObservationFilterChainDecorator$ObservationFilter.doFilter(ObservationFilterChainDecorator.java:228) ~[spring-security-web-6.5.5.jar:6.5.5]
	at org.springframework.security.web.ObservationFilterChainDecorator$VirtualFilterChain.doFilter(ObservationFilterChainDecorator.java:138) ~[spring-security-web-6.5.5.jar:6.5.5]
	at org.springframework.security.web.header.HeaderWriterFilter.doHeadersAfter(HeaderWriterFilter.java:90) ~[spring-security-web-6.5.5.jar:6.5.5]
	at org.springframework.security.web.header.HeaderWriterFilter.doFilterInternal(HeaderWriterFilter.java:75) ~[spring-security-web-6.5.5.jar:6.5.5]
	at org.springframework.web.filter.OncePerRequestFilter.doFilter(OncePerRequestFilter.java:116) ~[spring-web-6.2.11.jar:6.2.11]
	at org.springframework.security.web.ObservationFilterChainDecorator$ObservationFilter.wrapFilter(ObservationFilterChainDecorator.java:241) ~[spring-security-web-6.5.5.jar:6.5.5]
	at org.springframework.security.web.ObservationFilterChainDecorator$ObservationFilter.doFilter(ObservationFilterChainDecorator.java:228) ~[spring-security-web-6.5.5.jar:6.5.5]
	at org.springframework.security.web.ObservationFilterChainDecorator$VirtualFilterChain.doFilter(ObservationFilterChainDecorator.java:138) ~[spring-security-web-6.5.5.jar:6.5.5]
	at org.springframework.security.web.context.SecurityContextHolderFilter.doFilter(SecurityContextHolderFilter.java:82) ~[spring-security-web-6.5.5.jar:6.5.5]
	at org.springframework.security.web.context.SecurityContextHolderFilter.doFilter(SecurityContextHolderFilter.java:69) ~[spring-security-web-6.5.5.jar:6.5.5]
	at org.springframework.security.web.ObservationFilterChainDecorator$ObservationFilter.wrapFilter(ObservationFilterChainDecorator.java:241) ~[spring-security-web-6.5.5.jar:6.5.5]
	at org.springframework.security.web.ObservationFilterChainDecorator$ObservationFilter.doFilter(ObservationFilterChainDecorator.java:228) ~[spring-security-web-6.5.5.jar:6.5.5]
	at org.springframework.security.web.ObservationFilterChainDecorator$VirtualFilterChain.doFilter(ObservationFilterChainDecorator.java:138) ~[spring-security-web-6.5.5.jar:6.5.5]
	at org.springframework.security.web.context.request.async.WebAsyncManagerIntegrationFilter.doFilterInternal(WebAsyncManagerIntegrationFilter.java:62) ~[spring-security-web-6.5.5.jar:6.5.5]
	at org.springframework.web.filter.OncePerRequestFilter.doFilter(OncePerRequestFilter.java:116) ~[spring-web-6.2.11.jar:6.2.11]
	at org.springframework.security.web.ObservationFilterChainDecorator$ObservationFilter.wrapFilter(ObservationFilterChainDecorator.java:241) ~[spring-security-web-6.5.5.jar:6.5.5]
	at org.springframework.security.web.ObservationFilterChainDecorator$ObservationFilter.doFilter(ObservationFilterChainDecorator.java:228) ~[spring-security-web-6.5.5.jar:6.5.5]
	at org.springframework.security.web.ObservationFilterChainDecorator$VirtualFilterChain.doFilter(ObservationFilterChainDecorator.java:138) ~[spring-security-web-6.5.5.jar:6.5.5]
	at org.springframework.security.web.session.DisableEncodeUrlFilter.doFilterInternal(DisableEncodeUrlFilter.java:42) ~[spring-security-web-6.5.5.jar:6.5.5]
	at org.springframework.web.filter.OncePerRequestFilter.doFilter(OncePerRequestFilter.java:116) ~[spring-web-6.2.11.jar:6.2.11]
	at org.springframework.security.web.ObservationFilterChainDecorator$ObservationFilter.wrapFilter(ObservationFilterChainDecorator.java:241) ~[spring-security-web-6.5.5.jar:6.5.5]
	at org.springframework.security.web.ObservationFilterChainDecorator$AroundFilterObservation$SimpleAroundFilterObservation.lambda$wrap$0(ObservationFilterChainDecorator.java:334) ~[spring-security-web-6.5.5.jar:6.5.5]
	at org.springframework.security.web.ObservationFilterChainDecorator$ObservationFilter.doFilter(ObservationFilterChainDecorator.java:225) ~[spring-security-web-6.5.5.jar:6.5.5]
	at org.springframework.security.web.ObservationFilterChainDecorator$VirtualFilterChain.doFilter(ObservationFilterChainDecorator.java:138) ~[spring-security-web-6.5.5.jar:6.5.5]
	at org.springframework.security.web.FilterChainProxy.doFilterInternal(FilterChainProxy.java:233) ~[spring-security-web-6.5.5.jar:6.5.5]
	at org.springframework.security.web.FilterChainProxy.doFilter(FilterChainProxy.java:191) ~[spring-security-web-6.5.5.jar:6.5.5]
	at org.springframework.web.filter.CompositeFilter$VirtualFilterChain.doFilter(CompositeFilter.java:113) ~[spring-web-6.2.11.jar:6.2.11]
	at org.springframework.web.filter.ServletRequestPathFilter.doFilter(ServletRequestPathFilter.java:52) ~[spring-web-6.2.11.jar:6.2.11]
	at org.springframework.web.filter.CompositeFilter$VirtualFilterChain.doFilter(CompositeFilter.java:113) ~[spring-web-6.2.11.jar:6.2.11]
	at org.springframework.web.filter.CompositeFilter.doFilter(CompositeFilter.java:74) ~[spring-web-6.2.11.jar:6.2.11]
	at org.springframework.security.config.annotation.web.configuration.WebSecurityConfiguration$CompositeFilterChainProxy.doFilter(WebSecurityConfiguration.java:319) ~[spring-security-config-6.5.5.jar:6.5.5]
	at org.springframework.web.filter.CompositeFilter$VirtualFilterChain.doFilter(CompositeFilter.java:113) ~[spring-web-6.2.11.jar:6.2.11]
	at org.springframework.web.servlet.handler.HandlerMappingIntrospector.lambda$createCacheFilter$4(HandlerMappingIntrospector.java:267) ~[spring-webmvc-6.2.11.jar:6.2.11]
	at org.springframework.web.filter.CompositeFilter$VirtualFilterChain.doFilter(CompositeFilter.java:113) ~[spring-web-6.2.11.jar:6.2.11]
	at org.springframework.web.filter.CompositeFilter.doFilter(CompositeFilter.java:74) ~[spring-web-6.2.11.jar:6.2.11]
	at org.springframework.security.config.annotation.web.configuration.WebMvcSecurityConfiguration$CompositeFilterChainProxy.doFilter(WebMvcSecurityConfiguration.java:240) ~[spring-security-config-6.5.5.jar:6.5.5]
	at org.springframework.web.filter.DelegatingFilterProxy.invokeDelegate(DelegatingFilterProxy.java:362) ~[spring-web-6.2.11.jar:6.2.11]
	at org.springframework.web.filter.DelegatingFilterProxy.doFilter(DelegatingFilterProxy.java:278) ~[spring-web-6.2.11.jar:6.2.11]
	at org.apache.catalina.core.ApplicationFilterChain.internalDoFilter(ApplicationFilterChain.java:164) ~[tomcat-embed-core-10.1.46.jar:10.1.46]
	at org.apache.catalina.core.ApplicationFilterChain.doFilter(ApplicationFilterChain.java:140) ~[tomcat-embed-core-10.1.46.jar:10.1.46]
	at org.springframework.web.filter.RequestContextFilter.doFilterInternal(RequestContextFilter.java:100) ~[spring-web-6.2.11.jar:6.2.11]
	at org.springframework.web.filter.OncePerRequestFilter.doFilter(OncePerRequestFilter.java:116) ~[spring-web-6.2.11.jar:6.2.11]
	at org.apache.catalina.core.ApplicationFilterChain.internalDoFilter(ApplicationFilterChain.java:164) ~[tomcat-embed-core-10.1.46.jar:10.1.46]
	at org.apache.catalina.core.ApplicationFilterChain.doFilter(ApplicationFilterChain.java:140) ~[tomcat-embed-core-10.1.46.jar:10.1.46]
	at org.springframework.web.filter.FormContentFilter.doFilterInternal(FormContentFilter.java:93) ~[spring-web-6.2.11.jar:6.2.11]
	at org.springframework.web.filter.OncePerRequestFilter.doFilter(OncePerRequestFilter.java:116) ~[spring-web-6.2.11.jar:6.2.11]
	at org.apache.catalina.core.ApplicationFilterChain.internalDoFilter(ApplicationFilterChain.java:164) ~[tomcat-embed-core-10.1.46.jar:10.1.46]
	at org.apache.catalina.core.ApplicationFilterChain.doFilter(ApplicationFilterChain.java:140) ~[tomcat-embed-core-10.1.46.jar:10.1.46]
	at org.springframework.web.filter.ServerHttpObservationFilter.doFilterInternal(ServerHttpObservationFilter.java:110) ~[spring-web-6.2.11.jar:6.2.11]
	at org.springframework.web.filter.OncePerRequestFilter.doFilter(OncePerRequestFilter.java:116) ~[spring-web-6.2.11.jar:6.2.11]
	at org.apache.catalina.core.ApplicationFilterChain.internalDoFilter(ApplicationFilterChain.java:164) ~[tomcat-embed-core-10.1.46.jar:10.1.46]
	at org.apache.catalina.core.ApplicationFilterChain.doFilter(ApplicationFilterChain.java:140) ~[tomcat-embed-core-10.1.46.jar:10.1.46]
	at org.springframework.web.filter.CharacterEncodingFilter.doFilterInternal(CharacterEncodingFilter.java:201) ~[spring-web-6.2.11.jar:6.2.11]
	at org.springframework.web.filter.OncePerRequestFilter.doFilter(OncePerRequestFilter.java:116) ~[spring-web-6.2.11.jar:6.2.11]
	at org.apache.catalina.core.ApplicationFilterChain.internalDoFilter(ApplicationFilterChain.java:164) ~[tomcat-embed-core-10.1.46.jar:10.1.46]
	at org.apache.catalina.core.ApplicationFilterChain.doFilter(ApplicationFilterChain.java:140) ~[tomcat-embed-core-10.1.46.jar:10.1.46]
	at org.apache.catalina.core.StandardWrapperValve.invoke(StandardWrapperValve.java:167) ~[tomcat-embed-core-10.1.46.jar:10.1.46]
	at org.apache.catalina.core.StandardContextValve.invoke(StandardContextValve.java:90) ~[tomcat-embed-core-10.1.46.jar:10.1.46]
	at org.apache.catalina.authenticator.AuthenticatorBase.invoke(AuthenticatorBase.java:483) ~[tomcat-embed-core-10.1.46.jar:10.1.46]
	at org.apache.catalina.core.StandardHostValve.invoke(StandardHostValve.java:116) ~[tomcat-embed-core-10.1.46.jar:10.1.46]
	at org.apache.catalina.valves.ErrorReportValve.invoke(ErrorReportValve.java:93) ~[tomcat-embed-core-10.1.46.jar:10.1.46]
	at org.apache.catalina.core.StandardEngineValve.invoke(StandardEngineValve.java:74) ~[tomcat-embed-core-10.1.46.jar:10.1.46]
	at org.apache.catalina.connector.CoyoteAdapter.service(CoyoteAdapter.java:344) ~[tomcat-embed-core-10.1.46.jar:10.1.46]
	at org.apache.coyote.http11.Http11Processor.service(Http11Processor.java:398) ~[tomcat-embed-core-10.1.46.jar:10.1.46]
	at org.apache.coyote.AbstractProcessorLight.process(AbstractProcessorLight.java:63) ~[tomcat-embed-core-10.1.46.jar:10.1.46]
	at org.apache.coyote.AbstractProtocol$ConnectionHandler.process(AbstractProtocol.java:903) ~[tomcat-embed-core-10.1.46.jar:10.1.46]
	at org.apache.tomcat.util.net.NioEndpoint$SocketProcessor.doRun(NioEndpoint.java:1776) ~[tomcat-embed-core-10.1.46.jar:10.1.46]
	at org.apache.tomcat.util.net.SocketProcessorBase.run(SocketProcessorBase.java:52) ~[tomcat-embed-core-10.1.46.jar:10.1.46]
	at org.apache.tomcat.util.threads.ThreadPoolExecutor.runWorker(ThreadPoolExecutor.java:975) ~[tomcat-embed-core-10.1.46.jar:10.1.46]
	at org.apache.tomcat.util.threads.ThreadPoolExecutor$Worker.run(ThreadPoolExecutor.java:493) ~[tomcat-embed-core-10.1.46.jar:10.1.46]
	at org.apache.tomcat.util.threads.TaskThread$WrappingRunnable.run(TaskThread.java:63) ~[tomcat-embed-core-10.1.46.jar:10.1.46]
	at java.base/java.lang.Thread.run(Thread.java:1447) ~[na:na]

2025-10-26T11:56:08.911+05:30  INFO 6219 --- [SneakoAplication] [SpringApplicationShutdownHook] o.s.b.w.e.tomcat.GracefulShutdown        : Commencing graceful shutdown. Waiting for active requests to complete
2025-10-26T11:56:08.915+05:30  INFO 6219 --- [SneakoAplication] [tomcat-shutdown] o.s.b.w.e.tomcat.GracefulShutdown        : Graceful shutdown complete
2025-10-26T11:56:08.915+05:30  INFO 6219 --- [SneakoAplication] [SpringApplicationShutdownHook] o.s.b.w.e.tomcat.GracefulShutdown        : Commencing graceful shutdown. Waiting for active requests to complete
2025-10-26T11:56:08.916+05:30  INFO 6219 --- [SneakoAplication] [tomcat-shutdown] o.s.b.w.e.tomcat.GracefulShutdown        : Graceful shutdown complete
2025-10-26T11:56:08.926+05:30  INFO 6219 --- [SneakoAplication] [SpringApplicationShutdownHook] j.LocalContainerEntityManagerFactoryBean : Closing JPA EntityManagerFactory for persistence unit 'default'
2025-10-26T11:56:08.928+05:30  INFO 6219 --- [SneakoAplication] [SpringApplicationShutdownHook] com.zaxxer.hikari.HikariDataSource       : HikariPool-1 - Shutdown initiated...
2025-10-26T11:56:08.931+05:30  INFO 6219 --- [SneakoAplication] [SpringApplicationShutdownHook] com.zaxxer.hikari.HikariDataSource       : HikariPool-1 - Shutdown completed.
2025-10-26T11:56:10.359+05:30  INFO 6240 --- [SneakoAplication] [main] o.g.a.SneakoAplication.SneakoAplication  : Starting SneakoAplication using Java 24.0.2 with PID 6240 (/Users/saurabhsanjaydeshmukh/Sneako/SneakoBackend/target/classes started by saurabhsanjaydeshmukh in /Users/saurabhsanjaydeshmukh/Sneako/SneakoBackend)
2025-10-26T11:56:10.359+05:30  INFO 6240 --- [SneakoAplication] [main] o.g.a.SneakoAplication.SneakoAplication  : The following 1 profile is active: "dev"
2025-10-26T11:56:10.748+05:30  INFO 6240 --- [SneakoAplication] [main] .s.d.r.c.RepositoryConfigurationDelegate : Bootstrapping Spring Data JPA repositories in DEFAULT mode.
2025-10-26T11:56:10.775+05:30  INFO 6240 --- [SneakoAplication] [main] .s.d.r.c.RepositoryConfigurationDelegate : Finished Spring Data repository scanning in 23 ms. Found 8 JPA repository interfaces.
2025-10-26T11:56:10.973+05:30  INFO 6240 --- [SneakoAplication] [main] o.s.b.w.embedded.tomcat.TomcatWebServer  : Tomcat initialized with port 8085 (http)
2025-10-26T11:56:10.978+05:30  INFO 6240 --- [SneakoAplication] [main] o.apache.catalina.core.StandardService   : Starting service [Tomcat]
2025-10-26T11:56:10.978+05:30  INFO 6240 --- [SneakoAplication] [main] o.apache.catalina.core.StandardEngine    : Starting Servlet engine: [Apache Tomcat/10.1.46]
2025-10-26T11:56:10.996+05:30  INFO 6240 --- [SneakoAplication] [main] o.a.c.c.C.[Tomcat].[localhost].[/]       : Initializing Spring embedded WebApplicationContext
2025-10-26T11:56:10.997+05:30  INFO 6240 --- [SneakoAplication] [main] w.s.c.ServletWebServerApplicationContext : Root WebApplicationContext: initialization completed in 620 ms
2025-10-26T11:56:11.059+05:30  INFO 6240 --- [SneakoAplication] [main] com.zaxxer.hikari.HikariDataSource       : HikariPool-1 - Starting...
2025-10-26T11:56:11.125+05:30  INFO 6240 --- [SneakoAplication] [main] com.zaxxer.hikari.pool.HikariPool        : HikariPool-1 - Added connection com.mysql.cj.jdbc.ConnectionImpl@100d0218
2025-10-26T11:56:11.126+05:30  INFO 6240 --- [SneakoAplication] [main] com.zaxxer.hikari.HikariDataSource       : HikariPool-1 - Start completed.
2025-10-26T11:56:11.139+05:30  INFO 6240 --- [SneakoAplication] [main] o.hibernate.jpa.internal.util.LogHelper  : HHH000204: Processing PersistenceUnitInfo [name: default]
2025-10-26T11:56:11.153+05:30  INFO 6240 --- [SneakoAplication] [main] org.hibernate.Version                    : HHH000412: Hibernate ORM core version 6.6.29.Final
2025-10-26T11:56:11.162+05:30  INFO 6240 --- [SneakoAplication] [main] o.h.c.internal.RegionFactoryInitiator    : HHH000026: Second-level cache disabled
2025-10-26T11:56:11.250+05:30  INFO 6240 --- [SneakoAplication] [main] o.s.o.j.p.SpringPersistenceUnitInfo      : No LoadTimeWeaver setup: ignoring JPA class transformer
2025-10-26T11:56:11.278+05:30  WARN 6240 --- [SneakoAplication] [main] org.hibernate.orm.deprecation            : HHH90000025: MySQLDialect does not need to be specified explicitly using 'hibernate.dialect' (remove the property setting and it will be selected by default)
2025-10-26T11:56:11.282+05:30  INFO 6240 --- [SneakoAplication] [main] org.hibernate.orm.connections.pooling    : HHH10001005: Database info:
	Database JDBC URL [Connecting through datasource 'HikariDataSource (HikariPool-1)']
	Database driver: undefined/unknown
	Database version: 9.5
	Autocommit mode: undefined/unknown
	Isolation level: undefined/unknown
	Minimum pool size: undefined/unknown
	Maximum pool size: undefined/unknown
2025-10-26T11:56:11.616+05:30  INFO 6240 --- [SneakoAplication] [main] o.h.e.t.j.p.i.JtaPlatformInitiator       : HHH000489: No JTA platform available (set 'hibernate.transaction.jta.platform' to enable JTA platform integration)
2025-10-26T11:56:11.656+05:30  INFO 6240 --- [SneakoAplication] [main] j.LocalContainerEntityManagerFactoryBean : Initialized JPA EntityManagerFactory for persistence unit 'default'
2025-10-26T11:56:11.876+05:30  WARN 6240 --- [SneakoAplication] [main] JpaBaseConfiguration$JpaWebConfiguration : spring.jpa.open-in-view is enabled by default. Therefore, database queries may be performed during view rendering. Explicitly configure spring.jpa.open-in-view to disable this warning
2025-10-26T11:56:11.885+05:30  INFO 6240 --- [SneakoAplication] [main] eAuthenticationProviderManagerConfigurer : Global AuthenticationManager configured with AuthenticationProvider bean with name daoAuthenticationProvider
2025-10-26T11:56:11.885+05:30  WARN 6240 --- [SneakoAplication] [main] r$InitializeUserDetailsManagerConfigurer : Global AuthenticationManager configured with an AuthenticationProvider bean. UserDetailsService beans will not be used by Spring Security for automatically configuring username/password login. Consider removing the AuthenticationProvider bean. Alternatively, consider using the UserDetailsService in a manually instantiated DaoAuthenticationProvider. If the current configuration is intentional, to turn off this warning, increase the logging level of 'org.springframework.security.config.annotation.authentication.configuration.InitializeUserDetailsBeanManagerConfigurer' to ERROR
2025-10-26T11:56:12.109+05:30  INFO 6240 --- [SneakoAplication] [main] o.s.b.a.h2.H2ConsoleAutoConfiguration    : H2 console available at '/h2-console'. Database available at 'jdbc:mysql://localhost:3306/sneako?allowPublicKeyRetrieval=true&createDatabaseIfNotExist=true&useSSL=false'
2025-10-26T11:56:12.148+05:30  INFO 6240 --- [SneakoAplication] [main] o.s.b.w.embedded.tomcat.TomcatWebServer  : Tomcat started on port 8085 (http) with context path '/'
2025-10-26T11:56:12.171+05:30  INFO 6240 --- [SneakoAplication] [main] o.s.b.w.embedded.tomcat.TomcatWebServer  : Tomcat initialized with port 8086 (http)
2025-10-26T11:56:12.171+05:30  INFO 6240 --- [SneakoAplication] [main] o.apache.catalina.core.StandardService   : Starting service [Tomcat]
2025-10-26T11:56:12.171+05:30  INFO 6240 --- [SneakoAplication] [main] o.apache.catalina.core.StandardEngine    : Starting Servlet engine: [Apache Tomcat/10.1.46]
2025-10-26T11:56:12.176+05:30  INFO 6240 --- [SneakoAplication] [main] o.a.c.c.C.[Tomcat-1].[localhost].[/]     : Initializing Spring embedded WebApplicationContext
2025-10-26T11:56:12.176+05:30  INFO 6240 --- [SneakoAplication] [main] w.s.c.ServletWebServerApplicationContext : Root WebApplicationContext: initialization completed in 27 ms
2025-10-26T11:56:12.181+05:30  INFO 6240 --- [SneakoAplication] [main] o.s.b.a.e.web.EndpointLinksResolver      : Exposing 14 endpoints beneath base path '/actuator'
2025-10-26T11:56:12.197+05:30  INFO 6240 --- [SneakoAplication] [main] o.s.b.w.embedded.tomcat.TomcatWebServer  : Tomcat started on port 8086 (http) with context path '/'
2025-10-26T11:56:12.205+05:30  INFO 6240 --- [SneakoAplication] [main] o.g.a.SneakoAplication.SneakoAplication  : Started SneakoAplication in 2.014 seconds (process running for 2.144)
2025-10-26T11:56:12.276+05:30 DEBUG 6240 --- [SneakoAplication] [main] org.hibernate.SQL                        : select r1_0.role_id,r1_0.created_at,r1_0.name,r1_0.updated_at,r1_0.version from roles r1_0 where r1_0.name=?
2025-10-26T11:56:12.287+05:30 DEBUG 6240 --- [SneakoAplication] [main] org.hibernate.SQL                        : select r1_0.role_id,r1_0.created_at,r1_0.name,r1_0.updated_at,r1_0.version from roles r1_0 where r1_0.name=?
2025-10-26T11:56:12.288+05:30 DEBUG 6240 --- [SneakoAplication] [main] org.hibernate.SQL                        : select u1_0.userid,u1_0.address,u1_0.created_at,u1_0.email,u1_0.password,u1_0.phone_number,u1_0.updated_at,u1_0.user_name,u1_0.version from users u1_0 where u1_0.user_name=?
2025-10-26T11:56:12.289+05:30 DEBUG 6240 --- [SneakoAplication] [main] org.hibernate.SQL                        : select r1_0.user_id,r1_1.role_id,r1_1.created_at,r1_1.name,r1_1.updated_at,r1_1.version from user_roles r1_0 join roles r1_1 on r1_1.role_id=r1_0.role_id where r1_0.user_id=?
2025-10-26T11:56:20.113+05:30  INFO 6240 --- [SneakoAplication] [http-nio-8085-exec-1] o.a.c.c.C.[Tomcat].[localhost].[/]       : Initializing Spring DispatcherServlet 'dispatcherServlet'
2025-10-26T11:56:20.113+05:30  INFO 6240 --- [SneakoAplication] [http-nio-8085-exec-1] o.s.web.servlet.DispatcherServlet        : Initializing Servlet 'dispatcherServlet'
2025-10-26T11:56:20.114+05:30  INFO 6240 --- [SneakoAplication] [http-nio-8085-exec-1] o.s.web.servlet.DispatcherServlet        : Completed initialization in 1 ms
2025-10-26T11:56:20.161+05:30 DEBUG 6240 --- [SneakoAplication] [http-nio-8085-exec-1] org.hibernate.SQL                        : select o1_0.order_id,o1_0.created_at,o1_0.order_date,o1_0.order_status,o1_0.shipping_address,o1_0.total_price,o1_0.updated_at,o1_0.user_id,o1_0.version from order_tbl o1_0 where o1_0.order_id=?
2025-10-26T11:56:20.168+05:30 DEBUG 6240 --- [SneakoAplication] [http-nio-8085-exec-1] org.hibernate.SQL                        : insert into order_item (created_at,order_id,product_id,quantity,size,total_price,unit_price,updated_at,version) values (?,?,?,?,?,?,?,?,?)
2025-10-26T11:56:20.175+05:30 DEBUG 6240 --- [SneakoAplication] [http-nio-8085-exec-1] org.hibernate.SQL                        : select oi1_0.order_item_id,oi1_0.created_at,oi1_0.order_id,oi1_0.product_id,oi1_0.quantity,oi1_0.size,oi1_0.total_price,oi1_0.unit_price,oi1_0.updated_at,oi1_0.version from order_item oi1_0 left join order_tbl o1_0 on o1_0.order_id=oi1_0.order_id where o1_0.order_id=?
2025-10-26T11:56:20.181+05:30 ERROR 6240 --- [SneakoAplication] [http-nio-8085-exec-1] o.a.c.c.C.[.[.[/].[dispatcherServlet]    : Servlet.service() for servlet [dispatcherServlet] in context with path [] threw exception [Request processing failed: org.springframework.transaction.TransactionSystemException: Could not commit JPA transaction] with root cause

java.lang.NullPointerException: Cannot invoke "java.lang.Long.longValue()" because "current" is null
	at org.hibernate.type.descriptor.java.LongJavaType.next(LongJavaType.java:213) ~[hibernate-core-6.6.29.Final.jar:6.6.29.Final]
	at org.hibernate.type.descriptor.java.LongJavaType.next(LongJavaType.java:24) ~[hibernate-core-6.6.29.Final.jar:6.6.29.Final]
	at org.hibernate.engine.internal.Versioning.increment(Versioning.java:167) ~[hibernate-core-6.6.29.Final.jar:6.6.29.Final]
	at org.hibernate.generator.internal.VersionGeneration.generate(VersionGeneration.java:51) ~[hibernate-core-6.6.29.Final.jar:6.6.29.Final]
	at org.hibernate.engine.internal.Versioning.incrementVersion(Versioning.java:152) ~[hibernate-core-6.6.29.Final.jar:6.6.29.Final]
	at org.hibernate.event.internal.DefaultFlushEntityEventListener.getNextVersion(DefaultFlushEntityEventListener.java:401) ~[hibernate-core-6.6.29.Final.jar:6.6.29.Final]
	at org.hibernate.event.internal.DefaultFlushEntityEventListener.scheduleUpdate(DefaultFlushEntityEventListener.java:247) ~[hibernate-core-6.6.29.Final.jar:6.6.29.Final]
	at org.hibernate.event.internal.DefaultFlushEntityEventListener.onFlushEntity(DefaultFlushEntityEventListener.java:143) ~[hibernate-core-6.6.29.Final.jar:6.6.29.Final]
	at org.hibernate.event.service.internal.EventListenerGroupImpl.fireEventOnEachListener(EventListenerGroupImpl.java:127) ~[hibernate-core-6.6.29.Final.jar:6.6.29.Final]
	at org.hibernate.event.internal.AbstractFlushingEventListener.flushEntities(AbstractFlushingEventListener.java:269) ~[hibernate-core-6.6.29.Final.jar:6.6.29.Final]
	at org.hibernate.event.internal.AbstractFlushingEventListener.flushEverythingToExecutions(AbstractFlushingEventListener.java:90) ~[hibernate-core-6.6.29.Final.jar:6.6.29.Final]
	at org.hibernate.event.internal.AbstractFlushingEventListener.flushEverythingToExecutions(AbstractFlushingEventListener.java:84) ~[hibernate-core-6.6.29.Final.jar:6.6.29.Final]
	at org.hibernate.event.internal.DefaultFlushEventListener.onFlush(DefaultFlushEventListener.java:40) ~[hibernate-core-6.6.29.Final.jar:6.6.29.Final]
	at org.hibernate.event.service.internal.EventListenerGroupImpl.fireEventOnEachListener(EventListenerGroupImpl.java:127) ~[hibernate-core-6.6.29.Final.jar:6.6.29.Final]
	at org.hibernate.internal.SessionImpl.doFlush(SessionImpl.java:1429) ~[hibernate-core-6.6.29.Final.jar:6.6.29.Final]
	at org.hibernate.internal.SessionImpl.managedFlush(SessionImpl.java:491) ~[hibernate-core-6.6.29.Final.jar:6.6.29.Final]
	at org.hibernate.internal.SessionImpl.flushBeforeTransactionCompletion(SessionImpl.java:2354) ~[hibernate-core-6.6.29.Final.jar:6.6.29.Final]
	at org.hibernate.internal.SessionImpl.beforeTransactionCompletion(SessionImpl.java:1978) ~[hibernate-core-6.6.29.Final.jar:6.6.29.Final]
	at org.hibernate.engine.jdbc.internal.JdbcCoordinatorImpl.beforeTransactionCompletion(JdbcCoordinatorImpl.java:439) ~[hibernate-core-6.6.29.Final.jar:6.6.29.Final]
	at org.hibernate.resource.transaction.backend.jdbc.internal.JdbcResourceLocalTransactionCoordinatorImpl.beforeCompletionCallback(JdbcResourceLocalTransactionCoordinatorImpl.java:169) ~[hibernate-core-6.6.29.Final.jar:6.6.29.Final]
	at org.hibernate.resource.transaction.backend.jdbc.internal.JdbcResourceLocalTransactionCoordinatorImpl$TransactionDriverControlImpl.commit(JdbcResourceLocalTransactionCoordinatorImpl.java:267) ~[hibernate-core-6.6.29.Final.jar:6.6.29.Final]
	at org.hibernate.engine.transaction.internal.TransactionImpl.commit(TransactionImpl.java:101) ~[hibernate-core-6.6.29.Final.jar:6.6.29.Final]
	at org.springframework.orm.jpa.JpaTransactionManager.doCommit(JpaTransactionManager.java:563) ~[spring-orm-6.2.11.jar:6.2.11]
	at org.springframework.transaction.support.AbstractPlatformTransactionManager.processCommit(AbstractPlatformTransactionManager.java:795) ~[spring-tx-6.2.11.jar:6.2.11]
	at org.springframework.transaction.support.AbstractPlatformTransactionManager.commit(AbstractPlatformTransactionManager.java:758) ~[spring-tx-6.2.11.jar:6.2.11]
	at org.springframework.transaction.interceptor.TransactionAspectSupport.commitTransactionAfterReturning(TransactionAspectSupport.java:698) ~[spring-tx-6.2.11.jar:6.2.11]
	at org.springframework.transaction.interceptor.TransactionAspectSupport.invokeWithinTransaction(TransactionAspectSupport.java:416) ~[spring-tx-6.2.11.jar:6.2.11]
	at org.springframework.transaction.interceptor.TransactionInterceptor.invoke(TransactionInterceptor.java:119) ~[spring-tx-6.2.11.jar:6.2.11]
	at org.springframework.aop.framework.ReflectiveMethodInvocation.proceed(ReflectiveMethodInvocation.java:184) ~[spring-aop-6.2.11.jar:6.2.11]
	at org.springframework.aop.framework.CglibAopProxy$DynamicAdvisedInterceptor.intercept(CglibAopProxy.java:728) ~[spring-aop-6.2.11.jar:6.2.11]
	at org.genc.app.SneakoAplication.service.api.impl.OrderItemServiceImpl$$SpringCGLIB$$0.createOrderItem(<generated>) ~[classes/:na]
	at org.genc.app.SneakoAplication.contoller.OrderItemController.createOrderItem(OrderItemController.java:21) ~[classes/:na]
	at java.base/jdk.internal.reflect.DirectMethodHandleAccessor.invoke(DirectMethodHandleAccessor.java:104) ~[na:na]
	at java.base/java.lang.reflect.Method.invoke(Method.java:565) ~[na:na]
	at org.springframework.web.method.support.InvocableHandlerMethod.doInvoke(InvocableHandlerMethod.java:258) ~[spring-web-6.2.11.jar:6.2.11]
	at org.springframework.web.method.support.InvocableHandlerMethod.invokeForRequest(InvocableHandlerMethod.java:191) ~[spring-web-6.2.11.jar:6.2.11]
	at org.springframework.web.servlet.mvc.method.annotation.ServletInvocableHandlerMethod.invokeAndHandle(ServletInvocableHandlerMethod.java:118) ~[spring-webmvc-6.2.11.jar:6.2.11]
	at org.springframework.web.servlet.mvc.method.annotation.RequestMappingHandlerAdapter.invokeHandlerMethod(RequestMappingHandlerAdapter.java:991) ~[spring-webmvc-6.2.11.jar:6.2.11]
	at org.springframework.web.servlet.mvc.method.annotation.RequestMappingHandlerAdapter.handleInternal(RequestMappingHandlerAdapter.java:896) ~[spring-webmvc-6.2.11.jar:6.2.11]
	at org.springframework.web.servlet.mvc.method.AbstractHandlerMethodAdapter.handle(AbstractHandlerMethodAdapter.java:87) ~[spring-webmvc-6.2.11.jar:6.2.11]
	at org.springframework.web.servlet.DispatcherServlet.doDispatch(DispatcherServlet.java:1089) ~[spring-webmvc-6.2.11.jar:6.2.11]
	at org.springframework.web.servlet.DispatcherServlet.doService(DispatcherServlet.java:979) ~[spring-webmvc-6.2.11.jar:6.2.11]
	at org.springframework.web.servlet.FrameworkServlet.processRequest(FrameworkServlet.java:1014) ~[spring-webmvc-6.2.11.jar:6.2.11]
	at org.springframework.web.servlet.FrameworkServlet.doPost(FrameworkServlet.java:914) ~[spring-webmvc-6.2.11.jar:6.2.11]
	at jakarta.servlet.http.HttpServlet.service(HttpServlet.java:590) ~[tomcat-embed-core-10.1.46.jar:6.0]
	at org.springframework.web.servlet.FrameworkServlet.service(FrameworkServlet.java:885) ~[spring-webmvc-6.2.11.jar:6.2.11]
	at jakarta.servlet.http.HttpServlet.service(HttpServlet.java:658) ~[tomcat-embed-core-10.1.46.jar:6.0]
	at org.apache.catalina.core.ApplicationFilterChain.internalDoFilter(ApplicationFilterChain.java:195) ~[tomcat-embed-core-10.1.46.jar:10.1.46]
	at org.apache.catalina.core.ApplicationFilterChain.doFilter(ApplicationFilterChain.java:140) ~[tomcat-embed-core-10.1.46.jar:10.1.46]
	at org.apache.tomcat.websocket.server.WsFilter.doFilter(WsFilter.java:51) ~[tomcat-embed-websocket-10.1.46.jar:10.1.46]
	at org.apache.catalina.core.ApplicationFilterChain.internalDoFilter(ApplicationFilterChain.java:164) ~[tomcat-embed-core-10.1.46.jar:10.1.46]
	at org.apache.catalina.core.ApplicationFilterChain.doFilter(ApplicationFilterChain.java:140) ~[tomcat-embed-core-10.1.46.jar:10.1.46]
	at org.genc.app.SneakoAplication.security.JwtAuthenticationFilter.doFilterInternal(JwtAuthenticationFilter.java:41) ~[classes/:na]
	at org.springframework.web.filter.OncePerRequestFilter.doFilter(OncePerRequestFilter.java:116) ~[spring-web-6.2.11.jar:6.2.11]
	at org.apache.catalina.core.ApplicationFilterChain.internalDoFilter(ApplicationFilterChain.java:164) ~[tomcat-embed-core-10.1.46.jar:10.1.46]
	at org.apache.catalina.core.ApplicationFilterChain.doFilter(ApplicationFilterChain.java:140) ~[tomcat-embed-core-10.1.46.jar:10.1.46]
	at org.springframework.web.filter.CompositeFilter$VirtualFilterChain.doFilter(CompositeFilter.java:108) ~[spring-web-6.2.11.jar:6.2.11]
	at org.springframework.web.filter.CompositeFilter$VirtualFilterChain.doFilter(CompositeFilter.java:108) ~[spring-web-6.2.11.jar:6.2.11]
	at org.springframework.security.web.FilterChainProxy.lambda$doFilterInternal$3(FilterChainProxy.java:231) ~[spring-security-web-6.5.5.jar:6.5.5]
	at org.springframework.security.web.ObservationFilterChainDecorator$FilterObservation$SimpleFilterObservation.lambda$wrap$1(ObservationFilterChainDecorator.java:490) ~[spring-security-web-6.5.5.jar:6.5.5]
	at org.springframework.security.web.ObservationFilterChainDecorator$AroundFilterObservation$SimpleAroundFilterObservation.lambda$wrap$1(ObservationFilterChainDecorator.java:351) ~[spring-security-web-6.5.5.jar:6.5.5]
	at org.springframework.security.web.ObservationFilterChainDecorator.lambda$wrapSecured$0(ObservationFilterChainDecorator.java:83) ~[spring-security-web-6.5.5.jar:6.5.5]
	at org.springframework.security.web.ObservationFilterChainDecorator$VirtualFilterChain.doFilter(ObservationFilterChainDecorator.java:129) ~[spring-security-web-6.5.5.jar:6.5.5]
	at org.springframework.security.web.access.intercept.AuthorizationFilter.doFilter(AuthorizationFilter.java:101) ~[spring-security-web-6.5.5.jar:6.5.5]
	at org.springframework.security.web.ObservationFilterChainDecorator$ObservationFilter.wrapFilter(ObservationFilterChainDecorator.java:241) ~[spring-security-web-6.5.5.jar:6.5.5]
	at org.springframework.security.web.ObservationFilterChainDecorator$ObservationFilter.doFilter(ObservationFilterChainDecorator.java:228) ~[spring-security-web-6.5.5.jar:6.5.5]
	at org.springframework.security.web.ObservationFilterChainDecorator$VirtualFilterChain.doFilter(ObservationFilterChainDecorator.java:138) ~[spring-security-web-6.5.5.jar:6.5.5]
	at org.springframework.security.web.access.ExceptionTranslationFilter.doFilter(ExceptionTranslationFilter.java:125) ~[spring-security-web-6.5.5.jar:6.5.5]
	at org.springframework.security.web.access.ExceptionTranslationFilter.doFilter(ExceptionTranslationFilter.java:119) ~[spring-security-web-6.5.5.jar:6.5.5]
	at org.springframework.security.web.ObservationFilterChainDecorator$ObservationFilter.wrapFilter(ObservationFilterChainDecorator.java:241) ~[spring-security-web-6.5.5.jar:6.5.5]
	at org.springframework.security.web.ObservationFilterChainDecorator$ObservationFilter.doFilter(ObservationFilterChainDecorator.java:228) ~[spring-security-web-6.5.5.jar:6.5.5]
	at org.springframework.security.web.ObservationFilterChainDecorator$VirtualFilterChain.doFilter(ObservationFilterChainDecorator.java:138) ~[spring-security-web-6.5.5.jar:6.5.5]
	at org.springframework.security.web.authentication.AnonymousAuthenticationFilter.doFilter(AnonymousAuthenticationFilter.java:100) ~[spring-security-web-6.5.5.jar:6.5.5]
	at org.springframework.security.web.ObservationFilterChainDecorator$ObservationFilter.wrapFilter(ObservationFilterChainDecorator.java:241) ~[spring-security-web-6.5.5.jar:6.5.5]
	at org.springframework.security.web.ObservationFilterChainDecorator$ObservationFilter.doFilter(ObservationFilterChainDecorator.java:228) ~[spring-security-web-6.5.5.jar:6.5.5]
	at org.springframework.security.web.ObservationFilterChainDecorator$VirtualFilterChain.doFilter(ObservationFilterChainDecorator.java:138) ~[spring-security-web-6.5.5.jar:6.5.5]
	at org.springframework.security.web.servletapi.SecurityContextHolderAwareRequestFilter.doFilter(SecurityContextHolderAwareRequestFilter.java:179) ~[spring-security-web-6.5.5.jar:6.5.5]
	at org.springframework.security.web.ObservationFilterChainDecorator$ObservationFilter.wrapFilter(ObservationFilterChainDecorator.java:241) ~[spring-security-web-6.5.5.jar:6.5.5]
	at org.springframework.security.web.ObservationFilterChainDecorator$ObservationFilter.doFilter(ObservationFilterChainDecorator.java:228) ~[spring-security-web-6.5.5.jar:6.5.5]
	at org.springframework.security.web.ObservationFilterChainDecorator$VirtualFilterChain.doFilter(ObservationFilterChainDecorator.java:138) ~[spring-security-web-6.5.5.jar:6.5.5]
	at org.springframework.security.web.savedrequest.RequestCacheAwareFilter.doFilter(RequestCacheAwareFilter.java:63) ~[spring-security-web-6.5.5.jar:6.5.5]
	at org.springframework.security.web.ObservationFilterChainDecorator$ObservationFilter.wrapFilter(ObservationFilterChainDecorator.java:241) ~[spring-security-web-6.5.5.jar:6.5.5]
	at org.springframework.security.web.ObservationFilterChainDecorator$ObservationFilter.doFilter(ObservationFilterChainDecorator.java:228) ~[spring-security-web-6.5.5.jar:6.5.5]
	at org.springframework.security.web.ObservationFilterChainDecorator$VirtualFilterChain.doFilter(ObservationFilterChainDecorator.java:138) ~[spring-security-web-6.5.5.jar:6.5.5]
	at org.springframework.security.web.authentication.logout.LogoutFilter.doFilter(LogoutFilter.java:107) ~[spring-security-web-6.5.5.jar:6.5.5]
	at org.springframework.security.web.authentication.logout.LogoutFilter.doFilter(LogoutFilter.java:93) ~[spring-security-web-6.5.5.jar:6.5.5]
	at org.springframework.security.web.ObservationFilterChainDecorator$ObservationFilter.wrapFilter(ObservationFilterChainDecorator.java:241) ~[spring-security-web-6.5.5.jar:6.5.5]
	at org.springframework.security.web.ObservationFilterChainDecorator$ObservationFilter.doFilter(ObservationFilterChainDecorator.java:228) ~[spring-security-web-6.5.5.jar:6.5.5]
	at org.springframework.security.web.ObservationFilterChainDecorator$VirtualFilterChain.doFilter(ObservationFilterChainDecorator.java:138) ~[spring-security-web-6.5.5.jar:6.5.5]
	at org.springframework.security.web.header.HeaderWriterFilter.doHeadersAfter(HeaderWriterFilter.java:90) ~[spring-security-web-6.5.5.jar:6.5.5]
	at org.springframework.security.web.header.HeaderWriterFilter.doFilterInternal(HeaderWriterFilter.java:75) ~[spring-security-web-6.5.5.jar:6.5.5]
	at org.springframework.web.filter.OncePerRequestFilter.doFilter(OncePerRequestFilter.java:116) ~[spring-web-6.2.11.jar:6.2.11]
	at org.springframework.security.web.ObservationFilterChainDecorator$ObservationFilter.wrapFilter(ObservationFilterChainDecorator.java:241) ~[spring-security-web-6.5.5.jar:6.5.5]
	at org.springframework.security.web.ObservationFilterChainDecorator$ObservationFilter.doFilter(ObservationFilterChainDecorator.java:228) ~[spring-security-web-6.5.5.jar:6.5.5]
	at org.springframework.security.web.ObservationFilterChainDecorator$VirtualFilterChain.doFilter(ObservationFilterChainDecorator.java:138) ~[spring-security-web-6.5.5.jar:6.5.5]
	at org.springframework.security.web.context.SecurityContextHolderFilter.doFilter(SecurityContextHolderFilter.java:82) ~[spring-security-web-6.5.5.jar:6.5.5]
	at org.springframework.security.web.context.SecurityContextHolderFilter.doFilter(SecurityContextHolderFilter.java:69) ~[spring-security-web-6.5.5.jar:6.5.5]
	at org.springframework.security.web.ObservationFilterChainDecorator$ObservationFilter.wrapFilter(ObservationFilterChainDecorator.java:241) ~[spring-security-web-6.5.5.jar:6.5.5]
	at org.springframework.security.web.ObservationFilterChainDecorator$ObservationFilter.doFilter(ObservationFilterChainDecorator.java:228) ~[spring-security-web-6.5.5.jar:6.5.5]
	at org.springframework.security.web.ObservationFilterChainDecorator$VirtualFilterChain.doFilter(ObservationFilterChainDecorator.java:138) ~[spring-security-web-6.5.5.jar:6.5.5]
	at org.springframework.security.web.context.request.async.WebAsyncManagerIntegrationFilter.doFilterInternal(WebAsyncManagerIntegrationFilter.java:62) ~[spring-security-web-6.5.5.jar:6.5.5]
	at org.springframework.web.filter.OncePerRequestFilter.doFilter(OncePerRequestFilter.java:116) ~[spring-web-6.2.11.jar:6.2.11]
	at org.springframework.security.web.ObservationFilterChainDecorator$ObservationFilter.wrapFilter(ObservationFilterChainDecorator.java:241) ~[spring-security-web-6.5.5.jar:6.5.5]
	at org.springframework.security.web.ObservationFilterChainDecorator$ObservationFilter.doFilter(ObservationFilterChainDecorator.java:228) ~[spring-security-web-6.5.5.jar:6.5.5]
	at org.springframework.security.web.ObservationFilterChainDecorator$VirtualFilterChain.doFilter(ObservationFilterChainDecorator.java:138) ~[spring-security-web-6.5.5.jar:6.5.5]
	at org.springframework.security.web.session.DisableEncodeUrlFilter.doFilterInternal(DisableEncodeUrlFilter.java:42) ~[spring-security-web-6.5.5.jar:6.5.5]
	at org.springframework.web.filter.OncePerRequestFilter.doFilter(OncePerRequestFilter.java:116) ~[spring-web-6.2.11.jar:6.2.11]
	at org.springframework.security.web.ObservationFilterChainDecorator$ObservationFilter.wrapFilter(ObservationFilterChainDecorator.java:241) ~[spring-security-web-6.5.5.jar:6.5.5]
	at org.springframework.security.web.ObservationFilterChainDecorator$AroundFilterObservation$SimpleAroundFilterObservation.lambda$wrap$0(ObservationFilterChainDecorator.java:334) ~[spring-security-web-6.5.5.jar:6.5.5]
	at org.springframework.security.web.ObservationFilterChainDecorator$ObservationFilter.doFilter(ObservationFilterChainDecorator.java:225) ~[spring-security-web-6.5.5.jar:6.5.5]
	at org.springframework.security.web.ObservationFilterChainDecorator$VirtualFilterChain.doFilter(ObservationFilterChainDecorator.java:138) ~[spring-security-web-6.5.5.jar:6.5.5]
	at org.springframework.security.web.FilterChainProxy.doFilterInternal(FilterChainProxy.java:233) ~[spring-security-web-6.5.5.jar:6.5.5]
	at org.springframework.security.web.FilterChainProxy.doFilter(FilterChainProxy.java:191) ~[spring-security-web-6.5.5.jar:6.5.5]
	at org.springframework.web.filter.CompositeFilter$VirtualFilterChain.doFilter(CompositeFilter.java:113) ~[spring-web-6.2.11.jar:6.2.11]
	at org.springframework.web.filter.ServletRequestPathFilter.doFilter(ServletRequestPathFilter.java:52) ~[spring-web-6.2.11.jar:6.2.11]
	at org.springframework.web.filter.CompositeFilter$VirtualFilterChain.doFilter(CompositeFilter.java:113) ~[spring-web-6.2.11.jar:6.2.11]
	at org.springframework.web.filter.CompositeFilter.doFilter(CompositeFilter.java:74) ~[spring-web-6.2.11.jar:6.2.11]
	at org.springframework.security.config.annotation.web.configuration.WebSecurityConfiguration$CompositeFilterChainProxy.doFilter(WebSecurityConfiguration.java:319) ~[spring-security-config-6.5.5.jar:6.5.5]
	at org.springframework.web.filter.CompositeFilter$VirtualFilterChain.doFilter(CompositeFilter.java:113) ~[spring-web-6.2.11.jar:6.2.11]
	at org.springframework.web.servlet.handler.HandlerMappingIntrospector.lambda$createCacheFilter$4(HandlerMappingIntrospector.java:267) ~[spring-webmvc-6.2.11.jar:6.2.11]
	at org.springframework.web.filter.CompositeFilter$VirtualFilterChain.doFilter(CompositeFilter.java:113) ~[spring-web-6.2.11.jar:6.2.11]
	at org.springframework.web.filter.CompositeFilter.doFilter(CompositeFilter.java:74) ~[spring-web-6.2.11.jar:6.2.11]
	at org.springframework.security.config.annotation.web.configuration.WebMvcSecurityConfiguration$CompositeFilterChainProxy.doFilter(WebMvcSecurityConfiguration.java:240) ~[spring-security-config-6.5.5.jar:6.5.5]
	at org.springframework.web.filter.DelegatingFilterProxy.invokeDelegate(DelegatingFilterProxy.java:362) ~[spring-web-6.2.11.jar:6.2.11]
	at org.springframework.web.filter.DelegatingFilterProxy.doFilter(DelegatingFilterProxy.java:278) ~[spring-web-6.2.11.jar:6.2.11]
	at org.apache.catalina.core.ApplicationFilterChain.internalDoFilter(ApplicationFilterChain.java:164) ~[tomcat-embed-core-10.1.46.jar:10.1.46]
	at org.apache.catalina.core.ApplicationFilterChain.doFilter(ApplicationFilterChain.java:140) ~[tomcat-embed-core-10.1.46.jar:10.1.46]
	at org.springframework.web.filter.RequestContextFilter.doFilterInternal(RequestContextFilter.java:100) ~[spring-web-6.2.11.jar:6.2.11]
	at org.springframework.web.filter.OncePerRequestFilter.doFilter(OncePerRequestFilter.java:116) ~[spring-web-6.2.11.jar:6.2.11]
	at org.apache.catalina.core.ApplicationFilterChain.internalDoFilter(ApplicationFilterChain.java:164) ~[tomcat-embed-core-10.1.46.jar:10.1.46]
	at org.apache.catalina.core.ApplicationFilterChain.doFilter(ApplicationFilterChain.java:140) ~[tomcat-embed-core-10.1.46.jar:10.1.46]
	at org.springframework.web.filter.FormContentFilter.doFilterInternal(FormContentFilter.java:93) ~[spring-web-6.2.11.jar:6.2.11]
	at org.springframework.web.filter.OncePerRequestFilter.doFilter(OncePerRequestFilter.java:116) ~[spring-web-6.2.11.jar:6.2.11]
	at org.apache.catalina.core.ApplicationFilterChain.internalDoFilter(ApplicationFilterChain.java:164) ~[tomcat-embed-core-10.1.46.jar:10.1.46]
	at org.apache.catalina.core.ApplicationFilterChain.doFilter(ApplicationFilterChain.java:140) ~[tomcat-embed-core-10.1.46.jar:10.1.46]
	at org.springframework.web.filter.ServerHttpObservationFilter.doFilterInternal(ServerHttpObservationFilter.java:110) ~[spring-web-6.2.11.jar:6.2.11]
	at org.springframework.web.filter.OncePerRequestFilter.doFilter(OncePerRequestFilter.java:116) ~[spring-web-6.2.11.jar:6.2.11]
	at org.apache.catalina.core.ApplicationFilterChain.internalDoFilter(ApplicationFilterChain.java:164) ~[tomcat-embed-core-10.1.46.jar:10.1.46]
	at org.apache.catalina.core.ApplicationFilterChain.doFilter(ApplicationFilterChain.java:140) ~[tomcat-embed-core-10.1.46.jar:10.1.46]
	at org.springframework.web.filter.CharacterEncodingFilter.doFilterInternal(CharacterEncodingFilter.java:201) ~[spring-web-6.2.11.jar:6.2.11]
	at org.springframework.web.filter.OncePerRequestFilter.doFilter(OncePerRequestFilter.java:116) ~[spring-web-6.2.11.jar:6.2.11]
	at org.apache.catalina.core.ApplicationFilterChain.internalDoFilter(ApplicationFilterChain.java:164) ~[tomcat-embed-core-10.1.46.jar:10.1.46]
	at org.apache.catalina.core.ApplicationFilterChain.doFilter(ApplicationFilterChain.java:140) ~[tomcat-embed-core-10.1.46.jar:10.1.46]
	at org.apache.catalina.core.StandardWrapperValve.invoke(StandardWrapperValve.java:167) ~[tomcat-embed-core-10.1.46.jar:10.1.46]
	at org.apache.catalina.core.StandardContextValve.invoke(StandardContextValve.java:90) ~[tomcat-embed-core-10.1.46.jar:10.1.46]
	at org.apache.catalina.authenticator.AuthenticatorBase.invoke(AuthenticatorBase.java:483) ~[tomcat-embed-core-10.1.46.jar:10.1.46]
	at org.apache.catalina.core.StandardHostValve.invoke(StandardHostValve.java:116) ~[tomcat-embed-core-10.1.46.jar:10.1.46]
	at org.apache.catalina.valves.ErrorReportValve.invoke(ErrorReportValve.java:93) ~[tomcat-embed-core-10.1.46.jar:10.1.46]
	at org.apache.catalina.core.StandardEngineValve.invoke(StandardEngineValve.java:74) ~[tomcat-embed-core-10.1.46.jar:10.1.46]
	at org.apache.catalina.connector.CoyoteAdapter.service(CoyoteAdapter.java:344) ~[tomcat-embed-core-10.1.46.jar:10.1.46]
	at org.apache.coyote.http11.Http11Processor.service(Http11Processor.java:398) ~[tomcat-embed-core-10.1.46.jar:10.1.46]
	at org.apache.coyote.AbstractProcessorLight.process(AbstractProcessorLight.java:63) ~[tomcat-embed-core-10.1.46.jar:10.1.46]
	at org.apache.coyote.AbstractProtocol$ConnectionHandler.process(AbstractProtocol.java:903) ~[tomcat-embed-core-10.1.46.jar:10.1.46]
	at org.apache.tomcat.util.net.NioEndpoint$SocketProcessor.doRun(NioEndpoint.java:1776) ~[tomcat-embed-core-10.1.46.jar:10.1.46]
	at org.apache.tomcat.util.net.SocketProcessorBase.run(SocketProcessorBase.java:52) ~[tomcat-embed-core-10.1.46.jar:10.1.46]
	at org.apache.tomcat.util.threads.ThreadPoolExecutor.runWorker(ThreadPoolExecutor.java:975) ~[tomcat-embed-core-10.1.46.jar:10.1.46]
	at org.apache.tomcat.util.threads.ThreadPoolExecutor$Worker.run(ThreadPoolExecutor.java:493) ~[tomcat-embed-core-10.1.46.jar:10.1.46]
	at org.apache.tomcat.util.threads.TaskThread$WrappingRunnable.run(TaskThread.java:63) ~[tomcat-embed-core-10.1.46.jar:10.1.46]
	at java.base/java.lang.Thread.run(Thread.java:1447) ~[na:na]

2025-10-26T11:57:31.611+05:30  INFO 6240 --- [SneakoAplication] [SpringApplicationShutdownHook] o.s.b.w.e.tomcat.GracefulShutdown        : Commencing graceful shutdown. Waiting for active requests to complete
2025-10-26T11:57:31.616+05:30  INFO 6240 --- [SneakoAplication] [tomcat-shutdown] o.s.b.w.e.tomcat.GracefulShutdown        : Graceful shutdown complete
2025-10-26T11:57:31.616+05:30  INFO 6240 --- [SneakoAplication] [SpringApplicationShutdownHook] o.s.b.w.e.tomcat.GracefulShutdown        : Commencing graceful shutdown. Waiting for active requests to complete
2025-10-26T11:57:31.617+05:30  INFO 6240 --- [SneakoAplication] [tomcat-shutdown] o.s.b.w.e.tomcat.GracefulShutdown        : Graceful shutdown complete
2025-10-26T11:57:31.623+05:30  INFO 6240 --- [SneakoAplication] [SpringApplicationShutdownHook] j.LocalContainerEntityManagerFactoryBean : Closing JPA EntityManagerFactory for persistence unit 'default'
2025-10-26T11:57:31.624+05:30  INFO 6240 --- [SneakoAplication] [SpringApplicationShutdownHook] com.zaxxer.hikari.HikariDataSource       : HikariPool-1 - Shutdown initiated...
2025-10-26T11:57:31.627+05:30  INFO 6240 --- [SneakoAplication] [SpringApplicationShutdownHook] com.zaxxer.hikari.HikariDataSource       : HikariPool-1 - Shutdown completed.
2025-10-26T11:57:33.094+05:30  INFO 6260 --- [SneakoAplication] [main] o.g.a.SneakoAplication.SneakoAplication  : Starting SneakoAplication using Java 24.0.2 with PID 6260 (/Users/saurabhsanjaydeshmukh/Sneako/SneakoBackend/target/classes started by saurabhsanjaydeshmukh in /Users/saurabhsanjaydeshmukh/Sneako/SneakoBackend)
2025-10-26T11:57:33.095+05:30  INFO 6260 --- [SneakoAplication] [main] o.g.a.SneakoAplication.SneakoAplication  : The following 1 profile is active: "dev"
2025-10-26T11:57:33.469+05:30  INFO 6260 --- [SneakoAplication] [main] .s.d.r.c.RepositoryConfigurationDelegate : Bootstrapping Spring Data JPA repositories in DEFAULT mode.
2025-10-26T11:57:33.497+05:30  INFO 6260 --- [SneakoAplication] [main] .s.d.r.c.RepositoryConfigurationDelegate : Finished Spring Data repository scanning in 25 ms. Found 8 JPA repository interfaces.
2025-10-26T11:57:33.694+05:30  INFO 6260 --- [SneakoAplication] [main] o.s.b.w.embedded.tomcat.TomcatWebServer  : Tomcat initialized with port 8085 (http)
2025-10-26T11:57:33.700+05:30  INFO 6260 --- [SneakoAplication] [main] o.apache.catalina.core.StandardService   : Starting service [Tomcat]
2025-10-26T11:57:33.700+05:30  INFO 6260 --- [SneakoAplication] [main] o.apache.catalina.core.StandardEngine    : Starting Servlet engine: [Apache Tomcat/10.1.46]
2025-10-26T11:57:33.718+05:30  INFO 6260 --- [SneakoAplication] [main] o.a.c.c.C.[Tomcat].[localhost].[/]       : Initializing Spring embedded WebApplicationContext
2025-10-26T11:57:33.718+05:30  INFO 6260 --- [SneakoAplication] [main] w.s.c.ServletWebServerApplicationContext : Root WebApplicationContext: initialization completed in 603 ms
2025-10-26T11:57:33.781+05:30  INFO 6260 --- [SneakoAplication] [main] com.zaxxer.hikari.HikariDataSource       : HikariPool-1 - Starting...
2025-10-26T11:57:33.847+05:30  INFO 6260 --- [SneakoAplication] [main] com.zaxxer.hikari.pool.HikariPool        : HikariPool-1 - Added connection com.mysql.cj.jdbc.ConnectionImpl@655203e3
2025-10-26T11:57:33.848+05:30  INFO 6260 --- [SneakoAplication] [main] com.zaxxer.hikari.HikariDataSource       : HikariPool-1 - Start completed.
2025-10-26T11:57:33.861+05:30  INFO 6260 --- [SneakoAplication] [main] o.hibernate.jpa.internal.util.LogHelper  : HHH000204: Processing PersistenceUnitInfo [name: default]
2025-10-26T11:57:33.874+05:30  INFO 6260 --- [SneakoAplication] [main] org.hibernate.Version                    : HHH000412: Hibernate ORM core version 6.6.29.Final
2025-10-26T11:57:33.884+05:30  INFO 6260 --- [SneakoAplication] [main] o.h.c.internal.RegionFactoryInitiator    : HHH000026: Second-level cache disabled
2025-10-26T11:57:33.973+05:30  INFO 6260 --- [SneakoAplication] [main] o.s.o.j.p.SpringPersistenceUnitInfo      : No LoadTimeWeaver setup: ignoring JPA class transformer
2025-10-26T11:57:34.005+05:30  WARN 6260 --- [SneakoAplication] [main] org.hibernate.orm.deprecation            : HHH90000025: MySQLDialect does not need to be specified explicitly using 'hibernate.dialect' (remove the property setting and it will be selected by default)
2025-10-26T11:57:34.008+05:30  INFO 6260 --- [SneakoAplication] [main] org.hibernate.orm.connections.pooling    : HHH10001005: Database info:
	Database JDBC URL [Connecting through datasource 'HikariDataSource (HikariPool-1)']
	Database driver: undefined/unknown
	Database version: 9.5
	Autocommit mode: undefined/unknown
	Isolation level: undefined/unknown
	Minimum pool size: undefined/unknown
	Maximum pool size: undefined/unknown
2025-10-26T11:57:34.335+05:30  INFO 6260 --- [SneakoAplication] [main] o.h.e.t.j.p.i.JtaPlatformInitiator       : HHH000489: No JTA platform available (set 'hibernate.transaction.jta.platform' to enable JTA platform integration)
2025-10-26T11:57:34.370+05:30  INFO 6260 --- [SneakoAplication] [main] j.LocalContainerEntityManagerFactoryBean : Initialized JPA EntityManagerFactory for persistence unit 'default'
2025-10-26T11:57:34.594+05:30  WARN 6260 --- [SneakoAplication] [main] JpaBaseConfiguration$JpaWebConfiguration : spring.jpa.open-in-view is enabled by default. Therefore, database queries may be performed during view rendering. Explicitly configure spring.jpa.open-in-view to disable this warning
2025-10-26T11:57:34.602+05:30  INFO 6260 --- [SneakoAplication] [main] eAuthenticationProviderManagerConfigurer : Global AuthenticationManager configured with AuthenticationProvider bean with name daoAuthenticationProvider
2025-10-26T11:57:34.602+05:30  WARN 6260 --- [SneakoAplication] [main] r$InitializeUserDetailsManagerConfigurer : Global AuthenticationManager configured with an AuthenticationProvider bean. UserDetailsService beans will not be used by Spring Security for automatically configuring username/password login. Consider removing the AuthenticationProvider bean. Alternatively, consider using the UserDetailsService in a manually instantiated DaoAuthenticationProvider. If the current configuration is intentional, to turn off this warning, increase the logging level of 'org.springframework.security.config.annotation.authentication.configuration.InitializeUserDetailsBeanManagerConfigurer' to ERROR
2025-10-26T11:57:34.851+05:30  INFO 6260 --- [SneakoAplication] [main] o.s.b.a.h2.H2ConsoleAutoConfiguration    : H2 console available at '/h2-console'. Database available at 'jdbc:mysql://localhost:3306/sneako?allowPublicKeyRetrieval=true&createDatabaseIfNotExist=true&useSSL=false'
2025-10-26T11:57:34.889+05:30  INFO 6260 --- [SneakoAplication] [main] o.s.b.w.embedded.tomcat.TomcatWebServer  : Tomcat started on port 8085 (http) with context path '/'
2025-10-26T11:57:34.915+05:30  INFO 6260 --- [SneakoAplication] [main] o.s.b.w.embedded.tomcat.TomcatWebServer  : Tomcat initialized with port 8086 (http)
2025-10-26T11:57:34.916+05:30  INFO 6260 --- [SneakoAplication] [main] o.apache.catalina.core.StandardService   : Starting service [Tomcat]
2025-10-26T11:57:34.916+05:30  INFO 6260 --- [SneakoAplication] [main] o.apache.catalina.core.StandardEngine    : Starting Servlet engine: [Apache Tomcat/10.1.46]
2025-10-26T11:57:34.921+05:30  INFO 6260 --- [SneakoAplication] [main] o.a.c.c.C.[Tomcat-1].[localhost].[/]     : Initializing Spring embedded WebApplicationContext
2025-10-26T11:57:34.921+05:30  INFO 6260 --- [SneakoAplication] [main] w.s.c.ServletWebServerApplicationContext : Root WebApplicationContext: initialization completed in 31 ms
2025-10-26T11:57:34.925+05:30  INFO 6260 --- [SneakoAplication] [main] o.s.b.a.e.web.EndpointLinksResolver      : Exposing 14 endpoints beneath base path '/actuator'
2025-10-26T11:57:34.940+05:30  INFO 6260 --- [SneakoAplication] [main] o.s.b.w.embedded.tomcat.TomcatWebServer  : Tomcat started on port 8086 (http) with context path '/'
2025-10-26T11:57:34.949+05:30  INFO 6260 --- [SneakoAplication] [main] o.g.a.SneakoAplication.SneakoAplication  : Started SneakoAplication in 2.031 seconds (process running for 2.161)
2025-10-26T11:57:35.021+05:30 DEBUG 6260 --- [SneakoAplication] [main] org.hibernate.SQL                        : select r1_0.role_id,r1_0.created_at,r1_0.name,r1_0.updated_at,r1_0.version from roles r1_0 where r1_0.name=?
2025-10-26T11:57:35.032+05:30 DEBUG 6260 --- [SneakoAplication] [main] org.hibernate.SQL                        : select r1_0.role_id,r1_0.created_at,r1_0.name,r1_0.updated_at,r1_0.version from roles r1_0 where r1_0.name=?
2025-10-26T11:57:35.034+05:30 DEBUG 6260 --- [SneakoAplication] [main] org.hibernate.SQL                        : select u1_0.userid,u1_0.address,u1_0.created_at,u1_0.email,u1_0.password,u1_0.phone_number,u1_0.updated_at,u1_0.user_name,u1_0.version from users u1_0 where u1_0.user_name=?
2025-10-26T11:57:35.036+05:30 DEBUG 6260 --- [SneakoAplication] [main] org.hibernate.SQL                        : select r1_0.user_id,r1_1.role_id,r1_1.created_at,r1_1.name,r1_1.updated_at,r1_1.version from user_roles r1_0 join roles r1_1 on r1_1.role_id=r1_0.role_id where r1_0.user_id=?
2025-10-26T11:58:44.762+05:30  INFO 6260 --- [SneakoAplication] [SpringApplicationShutdownHook] o.s.b.w.e.tomcat.GracefulShutdown        : Commencing graceful shutdown. Waiting for active requests to complete
2025-10-26T11:58:44.767+05:30  INFO 6260 --- [SneakoAplication] [tomcat-shutdown] o.s.b.w.e.tomcat.GracefulShutdown        : Graceful shutdown complete
2025-10-26T11:58:44.767+05:30  INFO 6260 --- [SneakoAplication] [SpringApplicationShutdownHook] o.s.b.w.e.tomcat.GracefulShutdown        : Commencing graceful shutdown. Waiting for active requests to complete
2025-10-26T11:58:44.768+05:30  INFO 6260 --- [SneakoAplication] [tomcat-shutdown] o.s.b.w.e.tomcat.GracefulShutdown        : Graceful shutdown complete
2025-10-26T11:58:44.776+05:30  INFO 6260 --- [SneakoAplication] [SpringApplicationShutdownHook] j.LocalContainerEntityManagerFactoryBean : Closing JPA EntityManagerFactory for persistence unit 'default'
2025-10-26T11:58:44.777+05:30  INFO 6260 --- [SneakoAplication] [SpringApplicationShutdownHook] com.zaxxer.hikari.HikariDataSource       : HikariPool-1 - Shutdown initiated...
2025-10-26T11:58:44.781+05:30  INFO 6260 --- [SneakoAplication] [SpringApplicationShutdownHook] com.zaxxer.hikari.HikariDataSource       : HikariPool-1 - Shutdown completed.
2025-10-26T11:58:45.671+05:30  INFO 6275 --- [SneakoAplication] [main] o.g.a.SneakoAplication.SneakoAplication  : Starting SneakoAplication using Java 24.0.2 with PID 6275 (/Users/saurabhsanjaydeshmukh/Sneako/SneakoBackend/target/classes started by saurabhsanjaydeshmukh in /Users/saurabhsanjaydeshmukh/Sneako/SneakoBackend)
2025-10-26T11:58:45.673+05:30  INFO 6275 --- [SneakoAplication] [main] o.g.a.SneakoAplication.SneakoAplication  : The following 1 profile is active: "dev"
2025-10-26T11:58:46.080+05:30  INFO 6275 --- [SneakoAplication] [main] .s.d.r.c.RepositoryConfigurationDelegate : Bootstrapping Spring Data JPA repositories in DEFAULT mode.
2025-10-26T11:58:46.107+05:30  INFO 6275 --- [SneakoAplication] [main] .s.d.r.c.RepositoryConfigurationDelegate : Finished Spring Data repository scanning in 23 ms. Found 8 JPA repository interfaces.
2025-10-26T11:58:46.306+05:30  INFO 6275 --- [SneakoAplication] [main] o.s.b.w.embedded.tomcat.TomcatWebServer  : Tomcat initialized with port 8085 (http)
2025-10-26T11:58:46.311+05:30  INFO 6275 --- [SneakoAplication] [main] o.apache.catalina.core.StandardService   : Starting service [Tomcat]
2025-10-26T11:58:46.311+05:30  INFO 6275 --- [SneakoAplication] [main] o.apache.catalina.core.StandardEngine    : Starting Servlet engine: [Apache Tomcat/10.1.46]
2025-10-26T11:58:46.330+05:30  INFO 6275 --- [SneakoAplication] [main] o.a.c.c.C.[Tomcat].[localhost].[/]       : Initializing Spring embedded WebApplicationContext
2025-10-26T11:58:46.330+05:30  INFO 6275 --- [SneakoAplication] [main] w.s.c.ServletWebServerApplicationContext : Root WebApplicationContext: initialization completed in 641 ms
2025-10-26T11:58:46.397+05:30  INFO 6275 --- [SneakoAplication] [main] com.zaxxer.hikari.HikariDataSource       : HikariPool-1 - Starting...
2025-10-26T11:58:46.464+05:30  INFO 6275 --- [SneakoAplication] [main] com.zaxxer.hikari.pool.HikariPool        : HikariPool-1 - Added connection com.mysql.cj.jdbc.ConnectionImpl@4c56644f
2025-10-26T11:58:46.465+05:30  INFO 6275 --- [SneakoAplication] [main] com.zaxxer.hikari.HikariDataSource       : HikariPool-1 - Start completed.
2025-10-26T11:58:46.479+05:30  INFO 6275 --- [SneakoAplication] [main] o.hibernate.jpa.internal.util.LogHelper  : HHH000204: Processing PersistenceUnitInfo [name: default]
2025-10-26T11:58:46.492+05:30  INFO 6275 --- [SneakoAplication] [main] org.hibernate.Version                    : HHH000412: Hibernate ORM core version 6.6.29.Final
2025-10-26T11:58:46.502+05:30  INFO 6275 --- [SneakoAplication] [main] o.h.c.internal.RegionFactoryInitiator    : HHH000026: Second-level cache disabled
2025-10-26T11:58:46.590+05:30  INFO 6275 --- [SneakoAplication] [main] o.s.o.j.p.SpringPersistenceUnitInfo      : No LoadTimeWeaver setup: ignoring JPA class transformer
2025-10-26T11:58:46.617+05:30  WARN 6275 --- [SneakoAplication] [main] org.hibernate.orm.deprecation            : HHH90000025: MySQLDialect does not need to be specified explicitly using 'hibernate.dialect' (remove the property setting and it will be selected by default)
2025-10-26T11:58:46.620+05:30  INFO 6275 --- [SneakoAplication] [main] org.hibernate.orm.connections.pooling    : HHH10001005: Database info:
	Database JDBC URL [Connecting through datasource 'HikariDataSource (HikariPool-1)']
	Database driver: undefined/unknown
	Database version: 9.5
	Autocommit mode: undefined/unknown
	Isolation level: undefined/unknown
	Minimum pool size: undefined/unknown
	Maximum pool size: undefined/unknown
2025-10-26T11:58:46.951+05:30  INFO 6275 --- [SneakoAplication] [main] o.h.e.t.j.p.i.JtaPlatformInitiator       : HHH000489: No JTA platform available (set 'hibernate.transaction.jta.platform' to enable JTA platform integration)
2025-10-26T11:58:46.968+05:30 DEBUG 6275 --- [SneakoAplication] [main] org.hibernate.SQL                        : create table order_item (order_item_id bigint not null auto_increment, created_at datetime(6), product_id bigint, quantity bigint, size bigint, total_price decimal(38,2), unit_price decimal(38,2), updated_at datetime(6), order_id bigint not null, primary key (order_item_id)) engine=InnoDB
2025-10-26T11:58:46.978+05:30 DEBUG 6275 --- [SneakoAplication] [main] org.hibernate.SQL                        : create table order_tbl (order_id bigint not null auto_increment, created_at datetime(6), order_date datetime(6), order_status varchar(255), shipping_address varchar(512), total_price decimal(38,2), updated_at datetime(6), user_id bigint, primary key (order_id)) engine=InnoDB
2025-10-26T11:58:46.992+05:30 DEBUG 6275 --- [SneakoAplication] [main] org.hibernate.SQL                        : alter table order_item add constraint FKoobh6e7a2npf6n1lwvukx0c83 foreign key (order_id) references order_tbl (order_id)
2025-10-26T11:58:47.014+05:30  INFO 6275 --- [SneakoAplication] [main] j.LocalContainerEntityManagerFactoryBean : Initialized JPA EntityManagerFactory for persistence unit 'default'
2025-10-26T11:58:47.246+05:30  WARN 6275 --- [SneakoAplication] [main] JpaBaseConfiguration$JpaWebConfiguration : spring.jpa.open-in-view is enabled by default. Therefore, database queries may be performed during view rendering. Explicitly configure spring.jpa.open-in-view to disable this warning
2025-10-26T11:58:47.254+05:30  INFO 6275 --- [SneakoAplication] [main] eAuthenticationProviderManagerConfigurer : Global AuthenticationManager configured with AuthenticationProvider bean with name daoAuthenticationProvider
2025-10-26T11:58:47.254+05:30  WARN 6275 --- [SneakoAplication] [main] r$InitializeUserDetailsManagerConfigurer : Global AuthenticationManager configured with an AuthenticationProvider bean. UserDetailsService beans will not be used by Spring Security for automatically configuring username/password login. Consider removing the AuthenticationProvider bean. Alternatively, consider using the UserDetailsService in a manually instantiated DaoAuthenticationProvider. If the current configuration is intentional, to turn off this warning, increase the logging level of 'org.springframework.security.config.annotation.authentication.configuration.InitializeUserDetailsBeanManagerConfigurer' to ERROR
2025-10-26T11:58:47.490+05:30  INFO 6275 --- [SneakoAplication] [main] o.s.b.a.h2.H2ConsoleAutoConfiguration    : H2 console available at '/h2-console'. Database available at 'jdbc:mysql://localhost:3306/sneako?allowPublicKeyRetrieval=true&createDatabaseIfNotExist=true&useSSL=false'
2025-10-26T11:58:47.527+05:30  INFO 6275 --- [SneakoAplication] [main] o.s.b.w.embedded.tomcat.TomcatWebServer  : Tomcat started on port 8085 (http) with context path '/'
2025-10-26T11:58:47.551+05:30  INFO 6275 --- [SneakoAplication] [main] o.s.b.w.embedded.tomcat.TomcatWebServer  : Tomcat initialized with port 8086 (http)
2025-10-26T11:58:47.551+05:30  INFO 6275 --- [SneakoAplication] [main] o.apache.catalina.core.StandardService   : Starting service [Tomcat]
2025-10-26T11:58:47.551+05:30  INFO 6275 --- [SneakoAplication] [main] o.apache.catalina.core.StandardEngine    : Starting Servlet engine: [Apache Tomcat/10.1.46]
2025-10-26T11:58:47.557+05:30  INFO 6275 --- [SneakoAplication] [main] o.a.c.c.C.[Tomcat-1].[localhost].[/]     : Initializing Spring embedded WebApplicationContext
2025-10-26T11:58:47.557+05:30  INFO 6275 --- [SneakoAplication] [main] w.s.c.ServletWebServerApplicationContext : Root WebApplicationContext: initialization completed in 29 ms
2025-10-26T11:58:47.562+05:30  INFO 6275 --- [SneakoAplication] [main] o.s.b.a.e.web.EndpointLinksResolver      : Exposing 14 endpoints beneath base path '/actuator'
2025-10-26T11:58:47.578+05:30  INFO 6275 --- [SneakoAplication] [main] o.s.b.w.embedded.tomcat.TomcatWebServer  : Tomcat started on port 8086 (http) with context path '/'
2025-10-26T11:58:47.587+05:30  INFO 6275 --- [SneakoAplication] [main] o.g.a.SneakoAplication.SneakoAplication  : Started SneakoAplication in 2.142 seconds (process running for 2.268)
2025-10-26T11:58:47.659+05:30 DEBUG 6275 --- [SneakoAplication] [main] org.hibernate.SQL                        : select r1_0.role_id,r1_0.created_at,r1_0.name,r1_0.updated_at,r1_0.version from roles r1_0 where r1_0.name=?
2025-10-26T11:58:47.670+05:30 DEBUG 6275 --- [SneakoAplication] [main] org.hibernate.SQL                        : select r1_0.role_id,r1_0.created_at,r1_0.name,r1_0.updated_at,r1_0.version from roles r1_0 where r1_0.name=?
2025-10-26T11:58:47.672+05:30 DEBUG 6275 --- [SneakoAplication] [main] org.hibernate.SQL                        : select u1_0.userid,u1_0.address,u1_0.created_at,u1_0.email,u1_0.password,u1_0.phone_number,u1_0.updated_at,u1_0.user_name,u1_0.version from users u1_0 where u1_0.user_name=?
2025-10-26T11:58:47.673+05:30 DEBUG 6275 --- [SneakoAplication] [main] org.hibernate.SQL                        : select r1_0.user_id,r1_1.role_id,r1_1.created_at,r1_1.name,r1_1.updated_at,r1_1.version from user_roles r1_0 join roles r1_1 on r1_1.role_id=r1_0.role_id where r1_0.user_id=?
2025-10-26T11:58:54.960+05:30  INFO 6275 --- [SneakoAplication] [http-nio-8085-exec-2] o.a.c.c.C.[Tomcat].[localhost].[/]       : Initializing Spring DispatcherServlet 'dispatcherServlet'
2025-10-26T11:58:54.960+05:30  INFO 6275 --- [SneakoAplication] [http-nio-8085-exec-2] o.s.web.servlet.DispatcherServlet        : Initializing Servlet 'dispatcherServlet'
2025-10-26T11:58:54.961+05:30  INFO 6275 --- [SneakoAplication] [http-nio-8085-exec-2] o.s.web.servlet.DispatcherServlet        : Completed initialization in 1 ms
2025-10-26T11:58:55.009+05:30 DEBUG 6275 --- [SneakoAplication] [http-nio-8085-exec-2] org.hibernate.SQL                        : select o1_0.order_id,o1_0.created_at,o1_0.order_date,o1_0.order_status,o1_0.shipping_address,o1_0.total_price,o1_0.updated_at,o1_0.user_id from order_tbl o1_0 where o1_0.order_id=?
2025-10-26T11:58:55.014+05:30 ERROR 6275 --- [SneakoAplication] [http-nio-8085-exec-2] o.a.c.c.C.[.[.[/].[dispatcherServlet]    : Servlet.service() for servlet [dispatcherServlet] in context with path [] threw exception [Request processing failed: java.lang.RuntimeException: Order not found] with root cause

java.lang.RuntimeException: Order not found
	at org.genc.app.SneakoAplication.service.api.impl.OrderItemServiceImpl.lambda$createOrderItem$0(OrderItemServiceImpl.java:28) ~[classes/:na]
	at java.base/java.util.Optional.orElseThrow(Optional.java:403) ~[na:na]
	at org.genc.app.SneakoAplication.service.api.impl.OrderItemServiceImpl.createOrderItem(OrderItemServiceImpl.java:28) ~[classes/:na]
	at java.base/jdk.internal.reflect.DirectMethodHandleAccessor.invoke(DirectMethodHandleAccessor.java:104) ~[na:na]
	at java.base/java.lang.reflect.Method.invoke(Method.java:565) ~[na:na]
	at org.springframework.aop.support.AopUtils.invokeJoinpointUsingReflection(AopUtils.java:360) ~[spring-aop-6.2.11.jar:6.2.11]
	at org.springframework.aop.framework.ReflectiveMethodInvocation.invokeJoinpoint(ReflectiveMethodInvocation.java:196) ~[spring-aop-6.2.11.jar:6.2.11]
	at org.springframework.aop.framework.ReflectiveMethodInvocation.proceed(ReflectiveMethodInvocation.java:163) ~[spring-aop-6.2.11.jar:6.2.11]
	at org.springframework.transaction.interceptor.TransactionAspectSupport.invokeWithinTransaction(TransactionAspectSupport.java:380) ~[spring-tx-6.2.11.jar:6.2.11]
	at org.springframework.transaction.interceptor.TransactionInterceptor.invoke(TransactionInterceptor.java:119) ~[spring-tx-6.2.11.jar:6.2.11]
	at org.springframework.aop.framework.ReflectiveMethodInvocation.proceed(ReflectiveMethodInvocation.java:184) ~[spring-aop-6.2.11.jar:6.2.11]
	at org.springframework.aop.framework.CglibAopProxy$DynamicAdvisedInterceptor.intercept(CglibAopProxy.java:728) ~[spring-aop-6.2.11.jar:6.2.11]
	at org.genc.app.SneakoAplication.service.api.impl.OrderItemServiceImpl$$SpringCGLIB$$0.createOrderItem(<generated>) ~[classes/:na]
	at org.genc.app.SneakoAplication.contoller.OrderItemController.createOrderItem(OrderItemController.java:21) ~[classes/:na]
	at java.base/jdk.internal.reflect.DirectMethodHandleAccessor.invoke(DirectMethodHandleAccessor.java:104) ~[na:na]
	at java.base/java.lang.reflect.Method.invoke(Method.java:565) ~[na:na]
	at org.springframework.web.method.support.InvocableHandlerMethod.doInvoke(InvocableHandlerMethod.java:258) ~[spring-web-6.2.11.jar:6.2.11]
	at org.springframework.web.method.support.InvocableHandlerMethod.invokeForRequest(InvocableHandlerMethod.java:191) ~[spring-web-6.2.11.jar:6.2.11]
	at org.springframework.web.servlet.mvc.method.annotation.ServletInvocableHandlerMethod.invokeAndHandle(ServletInvocableHandlerMethod.java:118) ~[spring-webmvc-6.2.11.jar:6.2.11]
	at org.springframework.web.servlet.mvc.method.annotation.RequestMappingHandlerAdapter.invokeHandlerMethod(RequestMappingHandlerAdapter.java:991) ~[spring-webmvc-6.2.11.jar:6.2.11]
	at org.springframework.web.servlet.mvc.method.annotation.RequestMappingHandlerAdapter.handleInternal(RequestMappingHandlerAdapter.java:896) ~[spring-webmvc-6.2.11.jar:6.2.11]
	at org.springframework.web.servlet.mvc.method.AbstractHandlerMethodAdapter.handle(AbstractHandlerMethodAdapter.java:87) ~[spring-webmvc-6.2.11.jar:6.2.11]
	at org.springframework.web.servlet.DispatcherServlet.doDispatch(DispatcherServlet.java:1089) ~[spring-webmvc-6.2.11.jar:6.2.11]
	at org.springframework.web.servlet.DispatcherServlet.doService(DispatcherServlet.java:979) ~[spring-webmvc-6.2.11.jar:6.2.11]
	at org.springframework.web.servlet.FrameworkServlet.processRequest(FrameworkServlet.java:1014) ~[spring-webmvc-6.2.11.jar:6.2.11]
	at org.springframework.web.servlet.FrameworkServlet.doPost(FrameworkServlet.java:914) ~[spring-webmvc-6.2.11.jar:6.2.11]
	at jakarta.servlet.http.HttpServlet.service(HttpServlet.java:590) ~[tomcat-embed-core-10.1.46.jar:6.0]
	at org.springframework.web.servlet.FrameworkServlet.service(FrameworkServlet.java:885) ~[spring-webmvc-6.2.11.jar:6.2.11]
	at jakarta.servlet.http.HttpServlet.service(HttpServlet.java:658) ~[tomcat-embed-core-10.1.46.jar:6.0]
	at org.apache.catalina.core.ApplicationFilterChain.internalDoFilter(ApplicationFilterChain.java:195) ~[tomcat-embed-core-10.1.46.jar:10.1.46]
	at org.apache.catalina.core.ApplicationFilterChain.doFilter(ApplicationFilterChain.java:140) ~[tomcat-embed-core-10.1.46.jar:10.1.46]
	at org.apache.tomcat.websocket.server.WsFilter.doFilter(WsFilter.java:51) ~[tomcat-embed-websocket-10.1.46.jar:10.1.46]
	at org.apache.catalina.core.ApplicationFilterChain.internalDoFilter(ApplicationFilterChain.java:164) ~[tomcat-embed-core-10.1.46.jar:10.1.46]
	at org.apache.catalina.core.ApplicationFilterChain.doFilter(ApplicationFilterChain.java:140) ~[tomcat-embed-core-10.1.46.jar:10.1.46]
	at org.genc.app.SneakoAplication.security.JwtAuthenticationFilter.doFilterInternal(JwtAuthenticationFilter.java:41) ~[classes/:na]
	at org.springframework.web.filter.OncePerRequestFilter.doFilter(OncePerRequestFilter.java:116) ~[spring-web-6.2.11.jar:6.2.11]
	at org.apache.catalina.core.ApplicationFilterChain.internalDoFilter(ApplicationFilterChain.java:164) ~[tomcat-embed-core-10.1.46.jar:10.1.46]
	at org.apache.catalina.core.ApplicationFilterChain.doFilter(ApplicationFilterChain.java:140) ~[tomcat-embed-core-10.1.46.jar:10.1.46]
	at org.springframework.web.filter.CompositeFilter$VirtualFilterChain.doFilter(CompositeFilter.java:108) ~[spring-web-6.2.11.jar:6.2.11]
	at org.springframework.web.filter.CompositeFilter$VirtualFilterChain.doFilter(CompositeFilter.java:108) ~[spring-web-6.2.11.jar:6.2.11]
	at org.springframework.security.web.FilterChainProxy.lambda$doFilterInternal$3(FilterChainProxy.java:231) ~[spring-security-web-6.5.5.jar:6.5.5]
	at org.springframework.security.web.ObservationFilterChainDecorator$FilterObservation$SimpleFilterObservation.lambda$wrap$1(ObservationFilterChainDecorator.java:490) ~[spring-security-web-6.5.5.jar:6.5.5]
	at org.springframework.security.web.ObservationFilterChainDecorator$AroundFilterObservation$SimpleAroundFilterObservation.lambda$wrap$1(ObservationFilterChainDecorator.java:351) ~[spring-security-web-6.5.5.jar:6.5.5]
	at org.springframework.security.web.ObservationFilterChainDecorator.lambda$wrapSecured$0(ObservationFilterChainDecorator.java:83) ~[spring-security-web-6.5.5.jar:6.5.5]
	at org.springframework.security.web.ObservationFilterChainDecorator$VirtualFilterChain.doFilter(ObservationFilterChainDecorator.java:129) ~[spring-security-web-6.5.5.jar:6.5.5]
	at org.springframework.security.web.access.intercept.AuthorizationFilter.doFilter(AuthorizationFilter.java:101) ~[spring-security-web-6.5.5.jar:6.5.5]
	at org.springframework.security.web.ObservationFilterChainDecorator$ObservationFilter.wrapFilter(ObservationFilterChainDecorator.java:241) ~[spring-security-web-6.5.5.jar:6.5.5]
	at org.springframework.security.web.ObservationFilterChainDecorator$ObservationFilter.doFilter(ObservationFilterChainDecorator.java:228) ~[spring-security-web-6.5.5.jar:6.5.5]
	at org.springframework.security.web.ObservationFilterChainDecorator$VirtualFilterChain.doFilter(ObservationFilterChainDecorator.java:138) ~[spring-security-web-6.5.5.jar:6.5.5]
	at org.springframework.security.web.access.ExceptionTranslationFilter.doFilter(ExceptionTranslationFilter.java:125) ~[spring-security-web-6.5.5.jar:6.5.5]
	at org.springframework.security.web.access.ExceptionTranslationFilter.doFilter(ExceptionTranslationFilter.java:119) ~[spring-security-web-6.5.5.jar:6.5.5]
	at org.springframework.security.web.ObservationFilterChainDecorator$ObservationFilter.wrapFilter(ObservationFilterChainDecorator.java:241) ~[spring-security-web-6.5.5.jar:6.5.5]
	at org.springframework.security.web.ObservationFilterChainDecorator$ObservationFilter.doFilter(ObservationFilterChainDecorator.java:228) ~[spring-security-web-6.5.5.jar:6.5.5]
	at org.springframework.security.web.ObservationFilterChainDecorator$VirtualFilterChain.doFilter(ObservationFilterChainDecorator.java:138) ~[spring-security-web-6.5.5.jar:6.5.5]
	at org.springframework.security.web.authentication.AnonymousAuthenticationFilter.doFilter(AnonymousAuthenticationFilter.java:100) ~[spring-security-web-6.5.5.jar:6.5.5]
	at org.springframework.security.web.ObservationFilterChainDecorator$ObservationFilter.wrapFilter(ObservationFilterChainDecorator.java:241) ~[spring-security-web-6.5.5.jar:6.5.5]
	at org.springframework.security.web.ObservationFilterChainDecorator$ObservationFilter.doFilter(ObservationFilterChainDecorator.java:228) ~[spring-security-web-6.5.5.jar:6.5.5]
	at org.springframework.security.web.ObservationFilterChainDecorator$VirtualFilterChain.doFilter(ObservationFilterChainDecorator.java:138) ~[spring-security-web-6.5.5.jar:6.5.5]
	at org.springframework.security.web.servletapi.SecurityContextHolderAwareRequestFilter.doFilter(SecurityContextHolderAwareRequestFilter.java:179) ~[spring-security-web-6.5.5.jar:6.5.5]
	at org.springframework.security.web.ObservationFilterChainDecorator$ObservationFilter.wrapFilter(ObservationFilterChainDecorator.java:241) ~[spring-security-web-6.5.5.jar:6.5.5]
	at org.springframework.security.web.ObservationFilterChainDecorator$ObservationFilter.doFilter(ObservationFilterChainDecorator.java:228) ~[spring-security-web-6.5.5.jar:6.5.5]
	at org.springframework.security.web.ObservationFilterChainDecorator$VirtualFilterChain.doFilter(ObservationFilterChainDecorator.java:138) ~[spring-security-web-6.5.5.jar:6.5.5]
	at org.springframework.security.web.savedrequest.RequestCacheAwareFilter.doFilter(RequestCacheAwareFilter.java:63) ~[spring-security-web-6.5.5.jar:6.5.5]
	at org.springframework.security.web.ObservationFilterChainDecorator$ObservationFilter.wrapFilter(ObservationFilterChainDecorator.java:241) ~[spring-security-web-6.5.5.jar:6.5.5]
	at org.springframework.security.web.ObservationFilterChainDecorator$ObservationFilter.doFilter(ObservationFilterChainDecorator.java:228) ~[spring-security-web-6.5.5.jar:6.5.5]
	at org.springframework.security.web.ObservationFilterChainDecorator$VirtualFilterChain.doFilter(ObservationFilterChainDecorator.java:138) ~[spring-security-web-6.5.5.jar:6.5.5]
	at org.springframework.security.web.authentication.logout.LogoutFilter.doFilter(LogoutFilter.java:107) ~[spring-security-web-6.5.5.jar:6.5.5]
	at org.springframework.security.web.authentication.logout.LogoutFilter.doFilter(LogoutFilter.java:93) ~[spring-security-web-6.5.5.jar:6.5.5]
	at org.springframework.security.web.ObservationFilterChainDecorator$ObservationFilter.wrapFilter(ObservationFilterChainDecorator.java:241) ~[spring-security-web-6.5.5.jar:6.5.5]
	at org.springframework.security.web.ObservationFilterChainDecorator$ObservationFilter.doFilter(ObservationFilterChainDecorator.java:228) ~[spring-security-web-6.5.5.jar:6.5.5]
	at org.springframework.security.web.ObservationFilterChainDecorator$VirtualFilterChain.doFilter(ObservationFilterChainDecorator.java:138) ~[spring-security-web-6.5.5.jar:6.5.5]
	at org.springframework.security.web.header.HeaderWriterFilter.doHeadersAfter(HeaderWriterFilter.java:90) ~[spring-security-web-6.5.5.jar:6.5.5]
	at org.springframework.security.web.header.HeaderWriterFilter.doFilterInternal(HeaderWriterFilter.java:75) ~[spring-security-web-6.5.5.jar:6.5.5]
	at org.springframework.web.filter.OncePerRequestFilter.doFilter(OncePerRequestFilter.java:116) ~[spring-web-6.2.11.jar:6.2.11]
	at org.springframework.security.web.ObservationFilterChainDecorator$ObservationFilter.wrapFilter(ObservationFilterChainDecorator.java:241) ~[spring-security-web-6.5.5.jar:6.5.5]
	at org.springframework.security.web.ObservationFilterChainDecorator$ObservationFilter.doFilter(ObservationFilterChainDecorator.java:228) ~[spring-security-web-6.5.5.jar:6.5.5]
	at org.springframework.security.web.ObservationFilterChainDecorator$VirtualFilterChain.doFilter(ObservationFilterChainDecorator.java:138) ~[spring-security-web-6.5.5.jar:6.5.5]
	at org.springframework.security.web.context.SecurityContextHolderFilter.doFilter(SecurityContextHolderFilter.java:82) ~[spring-security-web-6.5.5.jar:6.5.5]
	at org.springframework.security.web.context.SecurityContextHolderFilter.doFilter(SecurityContextHolderFilter.java:69) ~[spring-security-web-6.5.5.jar:6.5.5]
	at org.springframework.security.web.ObservationFilterChainDecorator$ObservationFilter.wrapFilter(ObservationFilterChainDecorator.java:241) ~[spring-security-web-6.5.5.jar:6.5.5]
	at org.springframework.security.web.ObservationFilterChainDecorator$ObservationFilter.doFilter(ObservationFilterChainDecorator.java:228) ~[spring-security-web-6.5.5.jar:6.5.5]
	at org.springframework.security.web.ObservationFilterChainDecorator$VirtualFilterChain.doFilter(ObservationFilterChainDecorator.java:138) ~[spring-security-web-6.5.5.jar:6.5.5]
	at org.springframework.security.web.context.request.async.WebAsyncManagerIntegrationFilter.doFilterInternal(WebAsyncManagerIntegrationFilter.java:62) ~[spring-security-web-6.5.5.jar:6.5.5]
	at org.springframework.web.filter.OncePerRequestFilter.doFilter(OncePerRequestFilter.java:116) ~[spring-web-6.2.11.jar:6.2.11]
	at org.springframework.security.web.ObservationFilterChainDecorator$ObservationFilter.wrapFilter(ObservationFilterChainDecorator.java:241) ~[spring-security-web-6.5.5.jar:6.5.5]
	at org.springframework.security.web.ObservationFilterChainDecorator$ObservationFilter.doFilter(ObservationFilterChainDecorator.java:228) ~[spring-security-web-6.5.5.jar:6.5.5]
	at org.springframework.security.web.ObservationFilterChainDecorator$VirtualFilterChain.doFilter(ObservationFilterChainDecorator.java:138) ~[spring-security-web-6.5.5.jar:6.5.5]
	at org.springframework.security.web.session.DisableEncodeUrlFilter.doFilterInternal(DisableEncodeUrlFilter.java:42) ~[spring-security-web-6.5.5.jar:6.5.5]
	at org.springframework.web.filter.OncePerRequestFilter.doFilter(OncePerRequestFilter.java:116) ~[spring-web-6.2.11.jar:6.2.11]
	at org.springframework.security.web.ObservationFilterChainDecorator$ObservationFilter.wrapFilter(ObservationFilterChainDecorator.java:241) ~[spring-security-web-6.5.5.jar:6.5.5]
	at org.springframework.security.web.ObservationFilterChainDecorator$AroundFilterObservation$SimpleAroundFilterObservation.lambda$wrap$0(ObservationFilterChainDecorator.java:334) ~[spring-security-web-6.5.5.jar:6.5.5]
	at org.springframework.security.web.ObservationFilterChainDecorator$ObservationFilter.doFilter(ObservationFilterChainDecorator.java:225) ~[spring-security-web-6.5.5.jar:6.5.5]
	at org.springframework.security.web.ObservationFilterChainDecorator$VirtualFilterChain.doFilter(ObservationFilterChainDecorator.java:138) ~[spring-security-web-6.5.5.jar:6.5.5]
	at org.springframework.security.web.FilterChainProxy.doFilterInternal(FilterChainProxy.java:233) ~[spring-security-web-6.5.5.jar:6.5.5]
	at org.springframework.security.web.FilterChainProxy.doFilter(FilterChainProxy.java:191) ~[spring-security-web-6.5.5.jar:6.5.5]
	at org.springframework.web.filter.CompositeFilter$VirtualFilterChain.doFilter(CompositeFilter.java:113) ~[spring-web-6.2.11.jar:6.2.11]
	at org.springframework.web.filter.ServletRequestPathFilter.doFilter(ServletRequestPathFilter.java:52) ~[spring-web-6.2.11.jar:6.2.11]
	at org.springframework.web.filter.CompositeFilter$VirtualFilterChain.doFilter(CompositeFilter.java:113) ~[spring-web-6.2.11.jar:6.2.11]
	at org.springframework.web.filter.CompositeFilter.doFilter(CompositeFilter.java:74) ~[spring-web-6.2.11.jar:6.2.11]
	at org.springframework.security.config.annotation.web.configuration.WebSecurityConfiguration$CompositeFilterChainProxy.doFilter(WebSecurityConfiguration.java:319) ~[spring-security-config-6.5.5.jar:6.5.5]
	at org.springframework.web.filter.CompositeFilter$VirtualFilterChain.doFilter(CompositeFilter.java:113) ~[spring-web-6.2.11.jar:6.2.11]
	at org.springframework.web.servlet.handler.HandlerMappingIntrospector.lambda$createCacheFilter$4(HandlerMappingIntrospector.java:267) ~[spring-webmvc-6.2.11.jar:6.2.11]
	at org.springframework.web.filter.CompositeFilter$VirtualFilterChain.doFilter(CompositeFilter.java:113) ~[spring-web-6.2.11.jar:6.2.11]
	at org.springframework.web.filter.CompositeFilter.doFilter(CompositeFilter.java:74) ~[spring-web-6.2.11.jar:6.2.11]
	at org.springframework.security.config.annotation.web.configuration.WebMvcSecurityConfiguration$CompositeFilterChainProxy.doFilter(WebMvcSecurityConfiguration.java:240) ~[spring-security-config-6.5.5.jar:6.5.5]
	at org.springframework.web.filter.DelegatingFilterProxy.invokeDelegate(DelegatingFilterProxy.java:362) ~[spring-web-6.2.11.jar:6.2.11]
	at org.springframework.web.filter.DelegatingFilterProxy.doFilter(DelegatingFilterProxy.java:278) ~[spring-web-6.2.11.jar:6.2.11]
	at org.apache.catalina.core.ApplicationFilterChain.internalDoFilter(ApplicationFilterChain.java:164) ~[tomcat-embed-core-10.1.46.jar:10.1.46]
	at org.apache.catalina.core.ApplicationFilterChain.doFilter(ApplicationFilterChain.java:140) ~[tomcat-embed-core-10.1.46.jar:10.1.46]
	at org.springframework.web.filter.RequestContextFilter.doFilterInternal(RequestContextFilter.java:100) ~[spring-web-6.2.11.jar:6.2.11]
	at org.springframework.web.filter.OncePerRequestFilter.doFilter(OncePerRequestFilter.java:116) ~[spring-web-6.2.11.jar:6.2.11]
	at org.apache.catalina.core.ApplicationFilterChain.internalDoFilter(ApplicationFilterChain.java:164) ~[tomcat-embed-core-10.1.46.jar:10.1.46]
	at org.apache.catalina.core.ApplicationFilterChain.doFilter(ApplicationFilterChain.java:140) ~[tomcat-embed-core-10.1.46.jar:10.1.46]
	at org.springframework.web.filter.FormContentFilter.doFilterInternal(FormContentFilter.java:93) ~[spring-web-6.2.11.jar:6.2.11]
	at org.springframework.web.filter.OncePerRequestFilter.doFilter(OncePerRequestFilter.java:116) ~[spring-web-6.2.11.jar:6.2.11]
	at org.apache.catalina.core.ApplicationFilterChain.internalDoFilter(ApplicationFilterChain.java:164) ~[tomcat-embed-core-10.1.46.jar:10.1.46]
	at org.apache.catalina.core.ApplicationFilterChain.doFilter(ApplicationFilterChain.java:140) ~[tomcat-embed-core-10.1.46.jar:10.1.46]
	at org.springframework.web.filter.ServerHttpObservationFilter.doFilterInternal(ServerHttpObservationFilter.java:110) ~[spring-web-6.2.11.jar:6.2.11]
	at org.springframework.web.filter.OncePerRequestFilter.doFilter(OncePerRequestFilter.java:116) ~[spring-web-6.2.11.jar:6.2.11]
	at org.apache.catalina.core.ApplicationFilterChain.internalDoFilter(ApplicationFilterChain.java:164) ~[tomcat-embed-core-10.1.46.jar:10.1.46]
	at org.apache.catalina.core.ApplicationFilterChain.doFilter(ApplicationFilterChain.java:140) ~[tomcat-embed-core-10.1.46.jar:10.1.46]
	at org.springframework.web.filter.CharacterEncodingFilter.doFilterInternal(CharacterEncodingFilter.java:201) ~[spring-web-6.2.11.jar:6.2.11]
	at org.springframework.web.filter.OncePerRequestFilter.doFilter(OncePerRequestFilter.java:116) ~[spring-web-6.2.11.jar:6.2.11]
	at org.apache.catalina.core.ApplicationFilterChain.internalDoFilter(ApplicationFilterChain.java:164) ~[tomcat-embed-core-10.1.46.jar:10.1.46]
	at org.apache.catalina.core.ApplicationFilterChain.doFilter(ApplicationFilterChain.java:140) ~[tomcat-embed-core-10.1.46.jar:10.1.46]
	at org.apache.catalina.core.StandardWrapperValve.invoke(StandardWrapperValve.java:167) ~[tomcat-embed-core-10.1.46.jar:10.1.46]
	at org.apache.catalina.core.StandardContextValve.invoke(StandardContextValve.java:90) ~[tomcat-embed-core-10.1.46.jar:10.1.46]
	at org.apache.catalina.authenticator.AuthenticatorBase.invoke(AuthenticatorBase.java:483) ~[tomcat-embed-core-10.1.46.jar:10.1.46]
	at org.apache.catalina.core.StandardHostValve.invoke(StandardHostValve.java:116) ~[tomcat-embed-core-10.1.46.jar:10.1.46]
	at org.apache.catalina.valves.ErrorReportValve.invoke(ErrorReportValve.java:93) ~[tomcat-embed-core-10.1.46.jar:10.1.46]
	at org.apache.catalina.core.StandardEngineValve.invoke(StandardEngineValve.java:74) ~[tomcat-embed-core-10.1.46.jar:10.1.46]
	at org.apache.catalina.connector.CoyoteAdapter.service(CoyoteAdapter.java:344) ~[tomcat-embed-core-10.1.46.jar:10.1.46]
	at org.apache.coyote.http11.Http11Processor.service(Http11Processor.java:398) ~[tomcat-embed-core-10.1.46.jar:10.1.46]
	at org.apache.coyote.AbstractProcessorLight.process(AbstractProcessorLight.java:63) ~[tomcat-embed-core-10.1.46.jar:10.1.46]
	at org.apache.coyote.AbstractProtocol$ConnectionHandler.process(AbstractProtocol.java:903) ~[tomcat-embed-core-10.1.46.jar:10.1.46]
	at org.apache.tomcat.util.net.NioEndpoint$SocketProcessor.doRun(NioEndpoint.java:1776) ~[tomcat-embed-core-10.1.46.jar:10.1.46]
	at org.apache.tomcat.util.net.SocketProcessorBase.run(SocketProcessorBase.java:52) ~[tomcat-embed-core-10.1.46.jar:10.1.46]
	at org.apache.tomcat.util.threads.ThreadPoolExecutor.runWorker(ThreadPoolExecutor.java:975) ~[tomcat-embed-core-10.1.46.jar:10.1.46]
	at org.apache.tomcat.util.threads.ThreadPoolExecutor$Worker.run(ThreadPoolExecutor.java:493) ~[tomcat-embed-core-10.1.46.jar:10.1.46]
	at org.apache.tomcat.util.threads.TaskThread$WrappingRunnable.run(TaskThread.java:63) ~[tomcat-embed-core-10.1.46.jar:10.1.46]
	at java.base/java.lang.Thread.run(Thread.java:1447) ~[na:na]

2025-10-26T11:59:30.304+05:30 DEBUG 6275 --- [SneakoAplication] [http-nio-8085-exec-5] org.hibernate.SQL                        : select o1_0.order_id,o1_0.created_at,o1_0.order_date,o1_0.order_status,o1_0.shipping_address,o1_0.total_price,o1_0.updated_at,o1_0.user_id from order_tbl o1_0 where o1_0.order_id=?
2025-10-26T11:59:30.328+05:30 DEBUG 6275 --- [SneakoAplication] [http-nio-8085-exec-5] org.hibernate.SQL                        : insert into order_item (created_at,order_id,product_id,quantity,size,total_price,unit_price,updated_at) values (?,?,?,?,?,?,?,?)
2025-10-26T11:59:30.342+05:30 DEBUG 6275 --- [SneakoAplication] [http-nio-8085-exec-5] org.hibernate.SQL                        : select oi1_0.order_item_id,oi1_0.created_at,oi1_0.order_id,oi1_0.product_id,oi1_0.quantity,oi1_0.size,oi1_0.total_price,oi1_0.unit_price,oi1_0.updated_at from order_item oi1_0 left join order_tbl o1_0 on o1_0.order_id=oi1_0.order_id where o1_0.order_id=?
2025-10-26T11:59:30.349+05:30 DEBUG 6275 --- [SneakoAplication] [http-nio-8085-exec-5] org.hibernate.SQL                        : update order_tbl set created_at=?,order_date=?,order_status=?,shipping_address=?,total_price=?,updated_at=?,user_id=? where order_id=?
2025-10-26T12:00:48.993+05:30  WARN 6275 --- [SneakoAplication] [HikariPool-1:housekeeper] com.zaxxer.hikari.pool.HikariPool        : HikariPool-1 - Thread starvation or clock leap detected (housekeeper delta=1m32s423ms).
2025-10-26T12:03:28.700+05:30 DEBUG 6275 --- [SneakoAplication] [http-nio-8085-exec-6] org.hibernate.SQL                        : insert into order_tbl (created_at,order_date,order_status,shipping_address,total_price,updated_at,user_id) values (?,?,?,?,?,?,?)
2025-10-26T12:03:28.705+05:30 DEBUG 6275 --- [SneakoAplication] [http-nio-8085-exec-6] org.hibernate.SQL                        : update order_tbl set created_at=?,order_date=?,order_status=?,shipping_address=?,total_price=?,updated_at=?,user_id=? where order_id=?
2025-10-26T12:03:28.707+05:30 DEBUG 6275 --- [SneakoAplication] [http-nio-8085-exec-6] org.hibernate.SQL                        : select oi1_0.order_item_id,oi1_0.created_at,oi1_0.order_id,oi1_0.product_id,oi1_0.quantity,oi1_0.size,oi1_0.total_price,oi1_0.unit_price,oi1_0.updated_at from order_item oi1_0 left join order_tbl o1_0 on o1_0.order_id=oi1_0.order_id where o1_0.order_id=?
2025-10-26T12:03:42.540+05:30 DEBUG 6275 --- [SneakoAplication] [http-nio-8085-exec-3] org.hibernate.SQL                        : insert into order_tbl (created_at,order_date,order_status,shipping_address,total_price,updated_at,user_id) values (?,?,?,?,?,?,?)
2025-10-26T12:03:42.546+05:30 DEBUG 6275 --- [SneakoAplication] [http-nio-8085-exec-3] org.hibernate.SQL                        : update order_tbl set created_at=?,order_date=?,order_status=?,shipping_address=?,total_price=?,updated_at=?,user_id=? where order_id=?
2025-10-26T12:03:42.549+05:30 DEBUG 6275 --- [SneakoAplication] [http-nio-8085-exec-3] org.hibernate.SQL                        : select oi1_0.order_item_id,oi1_0.created_at,oi1_0.order_id,oi1_0.product_id,oi1_0.quantity,oi1_0.size,oi1_0.total_price,oi1_0.unit_price,oi1_0.updated_at from order_item oi1_0 left join order_tbl o1_0 on o1_0.order_id=oi1_0.order_id where o1_0.order_id=?
2025-10-26T12:03:58.772+05:30 DEBUG 6275 --- [SneakoAplication] [http-nio-8085-exec-7] org.hibernate.SQL                        : select oi1_0.order_item_id,oi1_0.created_at,oi1_0.order_id,oi1_0.product_id,oi1_0.quantity,oi1_0.size,oi1_0.total_price,oi1_0.unit_price,oi1_0.updated_at from order_item oi1_0 left join order_tbl o1_0 on o1_0.order_id=oi1_0.order_id where o1_0.order_id=?
2025-10-26T12:04:43.819+05:30 DEBUG 6275 --- [SneakoAplication] [http-nio-8085-exec-9] org.hibernate.SQL                        : insert into order_tbl (created_at,order_date,order_status,shipping_address,total_price,updated_at,user_id) values (?,?,?,?,?,?,?)
2025-10-26T12:04:43.827+05:30 DEBUG 6275 --- [SneakoAplication] [http-nio-8085-exec-9] org.hibernate.SQL                        : update order_tbl set created_at=?,order_date=?,order_status=?,shipping_address=?,total_price=?,updated_at=?,user_id=? where order_id=?
2025-10-26T12:04:43.829+05:30 DEBUG 6275 --- [SneakoAplication] [http-nio-8085-exec-9] org.hibernate.SQL                        : select oi1_0.order_item_id,oi1_0.created_at,oi1_0.order_id,oi1_0.product_id,oi1_0.quantity,oi1_0.size,oi1_0.total_price,oi1_0.unit_price,oi1_0.updated_at from order_item oi1_0 left join order_tbl o1_0 on o1_0.order_id=oi1_0.order_id where o1_0.order_id=?
2025-10-26T12:04:59.185+05:30 DEBUG 6275 --- [SneakoAplication] [http-nio-8085-exec-10] org.hibernate.SQL                        : select o1_0.order_id,o1_0.created_at,o1_0.order_date,o1_0.order_status,o1_0.shipping_address,o1_0.total_price,o1_0.updated_at,o1_0.user_id from order_tbl o1_0 where o1_0.order_id=?
2025-10-26T12:04:59.190+05:30 DEBUG 6275 --- [SneakoAplication] [http-nio-8085-exec-10] org.hibernate.SQL                        : select oi1_0.order_id,oi1_0.order_item_id,oi1_0.created_at,oi1_0.product_id,oi1_0.quantity,oi1_0.size,oi1_0.total_price,oi1_0.unit_price,oi1_0.updated_at from order_item oi1_0 where oi1_0.order_id=?
2025-10-26T12:09:21.874+05:30  WARN 6275 --- [SneakoAplication] [HikariPool-1:housekeeper] com.zaxxer.hikari.pool.HikariPool        : HikariPool-1 - Thread starvation or clock leap detected (housekeeper delta=3m2s828ms).
2025-10-26T12:34:29.188+05:30  WARN 6275 --- [SneakoAplication] [HikariPool-1:housekeeper] com.zaxxer.hikari.pool.HikariPool        : HikariPool-1 - Thread starvation or clock leap detected (housekeeper delta=15m37s199ms).
2025-10-26T12:35:24.113+05:30  WARN 6275 --- [SneakoAplication] [HikariPool-1:housekeeper] com.zaxxer.hikari.pool.HikariPool        : HikariPool-1 - Thread starvation or clock leap detected (housekeeper delta=54s926ms).
2025-10-26T12:51:19.962+05:30  WARN 6275 --- [SneakoAplication] [HikariPool-1:housekeeper] com.zaxxer.hikari.pool.HikariPool        : HikariPool-1 - Thread starvation or clock leap detected (housekeeper delta=15m55s849ms).
2025-10-26T13:08:49.648+05:30  WARN 6275 --- [SneakoAplication] [HikariPool-1:housekeeper] com.zaxxer.hikari.pool.HikariPool        : HikariPool-1 - Thread starvation or clock leap detected (housekeeper delta=16m59s672ms).
2025-10-26T13:09:44.549+05:30  WARN 6275 --- [SneakoAplication] [HikariPool-1:housekeeper] com.zaxxer.hikari.pool.HikariPool        : HikariPool-1 - Thread starvation or clock leap detected (housekeeper delta=54s902ms).
2025-10-26T13:15:43.736+05:30  WARN 6275 --- [SneakoAplication] [HikariPool-1:housekeeper] com.zaxxer.hikari.pool.HikariPool        : HikariPool-1 - Thread starvation or clock leap detected (housekeeper delta=5m29s177ms).
2025-10-26T13:31:29.448+05:30  WARN 6275 --- [SneakoAplication] [HikariPool-1:housekeeper] com.zaxxer.hikari.pool.HikariPool        : HikariPool-1 - Thread starvation or clock leap detected (housekeeper delta=12m15s679ms).
